{"type":"FeatureCollection","attribution":"Assembly constituencies: DataMeet India community (github.com/datameet/maps, assembly-constituencies/India_AC), CC BY 2.5 IN. Scraped from ECI polling-station maps; boundaries are approximate and shifted in places.","features":[{"type":"Feature","properties":{"ac_no":1,"name":"Gummidipoondi","district":"Thiruvallur","pc":"Tiruvallur (Sc)"},"geometry":{"type":"Polygon","coordinates":[[[80.08123,13.54977],[80.08861,13.53541],[80.07711,13.52682],[80.07857,13.48895],[80.0986,13.48796],[80.11315,13.50541],[80.13211,13.50151],[80.13994,13.50409],[80.14524,13.50034],[80.14561,13.49073],[80.16305,13.48751],[80.18219,13.48988],[80.17496,13.48869],[80.17362,13.48258],[80.18221,13.47392],[80.17248,13.46955],[80.16815,13.45725],[80.16267,13.45483],[80.16955,13.44736],[80.16885,13.44164],[80.1856,13.44221],[80.18946,13.43873],[80.19228,13.43274],[80.18705,13.42317],[80.1966,13.41719],[80.19745,13.39355],[80.17691,13.39055],[80.18153,13.39704],[80.14996,13.39576],[80.15437,13.38193],[80.1446,13.37696],[80.15067,13.3692],[80.14813,13.36299],[80.16303,13.36067],[80.15945,13.34843],[80.16787,13.34373],[80.1694,13.32751],[80.15178,13.32616],[80.13149,13.34418],[80.09955,13.35901],[80.08477,13.35283],[80.07892,13.3455],[80.08022,13.33273],[80.07304,13.33013],[80.07243,13.3179],[80.09031,13.31482],[80.09405,13.30842],[80.10823,13.30348],[80.1103,13.31489],[80.12341,13.30647],[80.12751,13.28607],[80.12494,13.26385],[80.13233,13.25946],[80.13226,13.25328],[80.12077,13.24966],[80.11713,13.23301],[80.11031,13.2414],[80.0855,13.22427],[80.08138,13.22596],[80.0852,13.22973],[80.08246,13.23924],[80.07314,13.23932],[80.04835,13.25117],[80.04553,13.23681],[80.01955,13.23929],[80.00289,13.23597],[80.00543,13.25287],[80.00933,13.25493],[80.01348,13.2462],[80.02395,13.26078],[80.03203,13.2563],[80.02491,13.25287],[80.02846,13.25099],[80.03718,13.25295],[80.0404,13.26072],[80.02907,13.26184],[80.01822,13.27531],[80.01473,13.27276],[80.00648,13.27806],[79.99034,13.27606],[79.98398,13.26767],[79.97132,13.26286],[79.97005,13.23445],[79.95993,13.23145],[79.95071,13.22151],[79.93657,13.2229],[79.93083,13.23335],[79.91557,13.23747],[79.92326,13.22252],[79.90858,13.21491],[79.89212,13.2203],[79.88709,13.22724],[79.86713,13.2295],[79.85862,13.21815],[79.86753,13.21927],[79.86965,13.21363],[79.84112,13.20213],[79.83923,13.20738],[79.85587,13.21588],[79.8416,13.2162],[79.83784,13.23077],[79.83173,13.21928],[79.82536,13.22538],[79.83959,13.23994],[79.82683,13.24706],[79.81435,13.24236],[79.80239,13.24719],[79.79846,13.2988],[79.80917,13.31733],[79.84713,13.31601],[79.8554,13.32069],[79.86233,13.31717],[79.86824,13.33214],[79.8829,13.32334],[79.88231,13.33416],[79.89313,13.33546],[79.9145,13.34817],[79.91522,13.36046],[79.92864,13.35636],[79.93129,13.35153],[79.93512,13.3534],[79.94575,13.36422],[79.94914,13.37697],[79.94604,13.3809],[79.95793,13.37882],[79.96318,13.39344],[79.94411,13.39665],[79.94159,13.40017],[79.94578,13.40733],[79.93447,13.41637],[79.94166,13.41668],[79.93976,13.42428],[79.95491,13.42536],[79.95784,13.42208],[79.97323,13.42936],[79.97244,13.46895],[79.9823,13.47068],[79.98918,13.48547],[80.00498,13.49514],[80.01157,13.49681],[80.01242,13.48583],[80.01559,13.49986],[80.04629,13.4951],[80.04839,13.51227],[80.03549,13.51833],[80.02715,13.51372],[80.01949,13.51927],[80.01762,13.52958],[80.00049,13.5257],[79.99407,13.54548],[80.00048,13.54219],[80.01686,13.5472],[80.02392,13.54604],[80.02841,13.53884],[80.03796,13.53899],[80.05691,13.53666],[80.06272,13.54537],[80.08123,13.54977]]]}},{"type":"Feature","properties":{"ac_no":2,"name":"Ponneri (SC)","district":"Thiruvallur","pc":"Tiruvallur (Sc)"},"geometry":{"type":"Polygon","coordinates":[[[80.26826,13.5645],[80.30102,13.47866],[80.32606,13.44493],[80.32954,13.40383],[80.34678,13.31338],[80.34472,13.27624],[80.33184,13.23555],[80.31423,13.22627],[80.3029,13.19822],[80.254,13.2062],[80.24914,13.20626],[80.24963,13.19938],[80.23937,13.1995],[80.23466,13.2071],[80.23535,13.21632],[80.23077,13.2167],[80.23851,13.22918],[80.21282,13.2296],[80.20932,13.23261],[80.21341,13.24725],[80.20053,13.24771],[80.19633,13.27066],[80.18515,13.27135],[80.17713,13.2691],[80.17058,13.25993],[80.13233,13.25946],[80.12494,13.26385],[80.12751,13.28607],[80.12341,13.30647],[80.1103,13.31489],[80.10823,13.30348],[80.09405,13.30842],[80.09031,13.31482],[80.07243,13.3179],[80.07304,13.33013],[80.08022,13.33273],[80.07892,13.3455],[80.08477,13.35283],[80.09955,13.35901],[80.13149,13.34418],[80.15178,13.32616],[80.1694,13.32751],[80.16787,13.34373],[80.15945,13.34843],[80.16303,13.36067],[80.14813,13.36299],[80.15067,13.3692],[80.1446,13.37696],[80.15437,13.38193],[80.14996,13.39576],[80.18153,13.39704],[80.17691,13.39055],[80.19745,13.39355],[80.1966,13.41719],[80.18705,13.42317],[80.19228,13.43274],[80.18946,13.43873],[80.1856,13.44221],[80.16885,13.44164],[80.16955,13.44736],[80.16267,13.45483],[80.16815,13.45725],[80.17248,13.46955],[80.18221,13.47392],[80.17362,13.48258],[80.17496,13.48869],[80.18219,13.48988],[80.20964,13.48649],[80.21512,13.48968],[80.21525,13.48567],[80.22652,13.48495],[80.24263,13.47088],[80.26383,13.56249],[80.26826,13.5645]]]}},{"type":"Feature","properties":{"ac_no":3,"name":"Tiruttani","district":"Thiruvallur","pc":"Arakkonam"},"geometry":{"type":"Polygon","coordinates":[[[79.53931,13.33463],[79.53932,13.3219],[79.54407,13.31681],[79.53483,13.3014],[79.5412,13.29246],[79.53494,13.28465],[79.53513,13.27499],[79.55837,13.27275],[79.57392,13.25907],[79.58253,13.25737],[79.59315,13.26472],[79.59555,13.28469],[79.60865,13.28752],[79.60605,13.27958],[79.61408,13.28273],[79.6316,13.26973],[79.63323,13.28241],[79.63843,13.28752],[79.64123,13.27561],[79.64245,13.29018],[79.65176,13.29186],[79.6578,13.28388],[79.66384,13.28979],[79.66535,13.27874],[79.67425,13.28197],[79.67825,13.29746],[79.68289,13.29558],[79.68122,13.28802],[79.69386,13.27984],[79.69363,13.2735],[79.68876,13.27095],[79.69572,13.26731],[79.69109,13.26101],[79.68767,13.26673],[79.67826,13.26168],[79.68406,13.24329],[79.66493,13.24492],[79.64693,13.23708],[79.63622,13.24836],[79.62088,13.24782],[79.616,13.22064],[79.63984,13.22048],[79.65546,13.20802],[79.6449,13.19162],[79.64497,13.17962],[79.63534,13.17172],[79.63123,13.17291],[79.6368,13.15073],[79.63354,13.14664],[79.58895,13.14741],[79.59949,13.13076],[79.59432,13.12149],[79.57009,13.12178],[79.56909,13.1373],[79.55051,13.13494],[79.52246,13.1387],[79.52312,13.14358],[79.49858,13.13605],[79.48186,13.13951],[79.48208,13.12808],[79.47539,13.13049],[79.47374,13.12533],[79.47522,13.10772],[79.46454,13.10715],[79.46249,13.09544],[79.45099,13.09329],[79.44365,13.1138],[79.43446,13.11147],[79.42926,13.11629],[79.45176,13.12122],[79.45341,13.12637],[79.43916,13.12475],[79.43388,13.13646],[79.41872,13.15018],[79.41132,13.136],[79.41343,13.11901],[79.40415,13.11496],[79.4017,13.10406],[79.40428,13.09984],[79.42028,13.10372],[79.42287,13.09716],[79.4153,13.08941],[79.41708,13.0846],[79.37933,13.07996],[79.37925,13.07542],[79.35148,13.06246],[79.33493,13.06041],[79.32992,13.0728],[79.32236,13.07813],[79.29742,13.08761],[79.28378,13.12289],[79.31305,13.12571],[79.29941,13.11883],[79.30206,13.11374],[79.29448,13.10979],[79.30717,13.10594],[79.31041,13.11217],[79.31899,13.11367],[79.31164,13.11587],[79.32426,13.11864],[79.31857,13.12279],[79.32896,13.13079],[79.33983,13.13052],[79.34095,13.13694],[79.34479,13.13719],[79.34531,13.12163],[79.35749,13.12194],[79.36565,13.13408],[79.36111,13.13867],[79.35684,13.16506],[79.38023,13.16307],[79.38068,13.17075],[79.37033,13.17457],[79.37276,13.17869],[79.38878,13.17965],[79.37417,13.18937],[79.39178,13.19202],[79.39907,13.18821],[79.41044,13.19452],[79.41033,13.19076],[79.43896,13.18788],[79.43241,13.19636],[79.44371,13.20766],[79.43563,13.21386],[79.4376,13.21976],[79.45324,13.21679],[79.45283,13.23858],[79.44181,13.23866],[79.43944,13.23067],[79.43048,13.22981],[79.43981,13.23624],[79.4308,13.23657],[79.43797,13.24318],[79.41843,13.24291],[79.41648,13.24651],[79.42262,13.25074],[79.41682,13.25172],[79.41614,13.26044],[79.40839,13.2653],[79.41755,13.2718],[79.4337,13.27502],[79.43469,13.28909],[79.44627,13.29164],[79.44539,13.30128],[79.4305,13.30027],[79.4188,13.28978],[79.41872,13.29702],[79.41376,13.30018],[79.3898,13.29746],[79.38862,13.30981],[79.38185,13.30752],[79.38284,13.31211],[79.38777,13.31808],[79.40198,13.31738],[79.39832,13.33023],[79.40532,13.33507],[79.41468,13.33006],[79.42095,13.33631],[79.43163,13.33674],[79.43539,13.35173],[79.45622,13.33859],[79.48262,13.34077],[79.49988,13.34823],[79.49746,13.3325],[79.51005,13.3342],[79.51105,13.34199],[79.5259,13.34441],[79.53931,13.33463]]]}},{"type":"Feature","properties":{"ac_no":4,"name":"Thiruvallur","district":"Thiruvallur","pc":"Tiruvallur (Sc)"},"geometry":{"type":"Polygon","coordinates":[[[79.77633,13.3062],[79.781,13.30635],[79.78464,13.29748],[79.79155,13.29402],[79.79846,13.2988],[79.80239,13.24719],[79.81435,13.24236],[79.82683,13.24706],[79.83959,13.23994],[79.82536,13.22538],[79.83173,13.21928],[79.83784,13.23077],[79.8416,13.2162],[79.85587,13.21588],[79.83923,13.20738],[79.84112,13.20213],[79.86965,13.21363],[79.86753,13.21927],[79.85862,13.21815],[79.86713,13.2295],[79.88709,13.22724],[79.89212,13.2203],[79.90858,13.21491],[79.92326,13.22252],[79.91557,13.23747],[79.93083,13.23335],[79.93657,13.2229],[79.95071,13.22151],[79.95582,13.21136],[79.94974,13.20851],[79.94841,13.19244],[79.91109,13.1852],[79.89512,13.1942],[79.89401,13.16635],[79.88448,13.16406],[79.91486,13.15254],[79.91276,13.1361],[79.91946,13.13478],[79.92175,13.12715],[79.9327,13.12177],[79.9292,13.11165],[79.93941,13.10922],[79.9396,13.09106],[79.93077,13.0835],[79.93453,13.07967],[79.94703,13.08878],[79.95405,13.08147],[79.95715,13.09013],[79.97228,13.09108],[79.97854,13.10172],[79.99318,13.09837],[79.97935,13.07874],[80.00149,13.07148],[80.00625,13.07355],[80.00701,13.06818],[80.00561,13.05912],[79.99273,13.05782],[79.99523,13.05397],[79.99156,13.05343],[79.9865,13.0562],[79.98371,13.05198],[79.97137,13.05006],[79.96878,13.0375],[79.95558,13.0378],[79.94892,13.03271],[79.91815,13.03501],[79.91775,13.04767],[79.90064,13.04949],[79.89705,13.03181],[79.90043,13.02994],[79.90037,13.01702],[79.91097,13.01466],[79.92,13.01953],[79.92001,13.01431],[79.94179,13.0086],[79.9424,13.00137],[79.9299,12.98991],[79.90837,13.00424],[79.89887,12.99518],[79.88929,12.99367],[79.91365,12.9782],[79.90936,12.96565],[79.90141,12.96562],[79.88962,12.94457],[79.88069,12.94833],[79.852,12.94764],[79.84822,12.95642],[79.83133,12.95745],[79.83239,12.96373],[79.82111,12.9618],[79.82028,12.98777],[79.81215,12.98923],[79.81839,12.99273],[79.81402,13.01312],[79.81058,13.01823],[79.80101,13.01498],[79.79663,13.0277],[79.78946,13.0249],[79.78615,13.03916],[79.79167,13.0458],[79.79129,13.05311],[79.78854,13.05635],[79.7788,13.05376],[79.77574,13.06286],[79.76192,13.05174],[79.74811,13.05005],[79.73755,13.0612],[79.73027,13.05416],[79.71877,13.05378],[79.72586,13.06777],[79.73891,13.06646],[79.74185,13.07634],[79.7356,13.09566],[79.72275,13.09991],[79.70128,13.0996],[79.70186,13.10413],[79.70499,13.10095],[79.70199,13.1106],[79.7191,13.10507],[79.72438,13.11673],[79.73094,13.11522],[79.73728,13.12088],[79.73681,13.16747],[79.69545,13.15891],[79.69248,13.17586],[79.7001,13.18127],[79.70089,13.19155],[79.67055,13.18336],[79.67151,13.20315],[79.66229,13.20994],[79.65546,13.20802],[79.63984,13.22048],[79.616,13.22064],[79.62088,13.24782],[79.63622,13.24836],[79.64693,13.23708],[79.66493,13.24492],[79.68406,13.24329],[79.68967,13.23772],[79.69644,13.23823],[79.69339,13.24273],[79.70001,13.25227],[79.70776,13.25054],[79.71367,13.23599],[79.70665,13.23469],[79.70139,13.22515],[79.71288,13.21746],[79.72176,13.22369],[79.73194,13.22262],[79.73212,13.23676],[79.73761,13.23627],[79.74943,13.21974],[79.75161,13.20676],[79.75981,13.20747],[79.76422,13.21914],[79.77386,13.21924],[79.77544,13.21533],[79.77792,13.22361],[79.78475,13.22793],[79.79446,13.22635],[79.7947,13.24213],[79.76117,13.25832],[79.73062,13.28289],[79.73401,13.28904],[79.7442,13.28861],[79.75632,13.2952],[79.76193,13.31837],[79.77633,13.3062]]]}},{"type":"Feature","properties":{"ac_no":5,"name":"Poonamallee (SC)","district":"Thiruvallur","pc":"Tiruvallur (Sc)"},"geometry":{"type":"Polygon","coordinates":[[[80.00648,13.27806],[80.01473,13.27276],[80.01822,13.27531],[80.02907,13.26184],[80.0404,13.26072],[80.03718,13.25295],[80.02846,13.25099],[80.02491,13.25287],[80.03203,13.2563],[80.02395,13.26078],[80.01348,13.2462],[80.00933,13.25493],[80.00543,13.25287],[80.00289,13.23597],[80.01955,13.23929],[80.04553,13.23681],[80.04835,13.25117],[80.07314,13.23932],[80.08246,13.23924],[80.0852,13.22973],[80.08138,13.22596],[80.0855,13.22427],[80.11031,13.2414],[80.11713,13.23301],[80.10795,13.20494],[80.08539,13.21285],[80.07503,13.20716],[80.0624,13.20977],[80.03185,13.19267],[80.02823,13.18082],[80.03842,13.16139],[80.03953,13.1398],[80.04135,13.13447],[80.03604,13.1323],[80.01213,13.13283],[80.01465,13.12157],[80.00807,13.12014],[80.01012,13.1121],[80.03654,13.11213],[80.0378,13.09529],[80.05701,13.11387],[80.06592,13.11057],[80.06984,13.1142],[80.08122,13.11297],[80.09669,13.10407],[80.10754,13.08992],[80.09861,13.07835],[80.10683,13.07183],[80.12327,13.0725],[80.12223,13.06146],[80.12931,13.05925],[80.12937,13.03389],[80.12483,13.02834],[80.11921,13.02852],[80.11872,13.02346],[80.11276,13.024],[80.10468,13.02791],[80.09901,13.03535],[80.1025,13.0392],[80.09432,13.04541],[80.08149,13.04525],[80.08255,13.02384],[80.07911,13.01914],[80.07071,13.03976],[80.06065,13.03856],[80.05759,13.03009],[80.04925,13.02695],[80.04131,13.03224],[80.04502,13.04065],[80.02316,13.03703],[80.02121,13.04486],[80.00178,13.04479],[79.99571,13.0499],[79.99092,13.03472],[79.98437,13.0307],[79.97417,13.03894],[79.97818,13.0401],[79.97883,13.04918],[79.99156,13.05343],[79.99523,13.05397],[79.99273,13.05782],[80.00561,13.05912],[80.00701,13.06818],[80.00625,13.07355],[80.00149,13.07148],[79.97935,13.07874],[79.99318,13.09837],[79.97854,13.10172],[79.97228,13.09108],[79.95715,13.09013],[79.95405,13.08147],[79.94703,13.08878],[79.93453,13.07967],[79.93077,13.0835],[79.9396,13.09106],[79.93941,13.10922],[79.9292,13.11165],[79.9327,13.12177],[79.92175,13.12715],[79.91946,13.13478],[79.91276,13.1361],[79.91486,13.15254],[79.88448,13.16406],[79.89401,13.16635],[79.89512,13.1942],[79.91109,13.1852],[79.94841,13.19244],[79.94974,13.20851],[79.95582,13.21136],[79.95071,13.22151],[79.95993,13.23145],[79.97005,13.23445],[79.97132,13.26286],[79.98398,13.26767],[79.99034,13.27606],[80.00648,13.27806]]]}},{"type":"Feature","properties":{"ac_no":6,"name":"Avadi","district":"Thiruvallur","pc":"Tiruvallur (Sc)"},"geometry":{"type":"Polygon","coordinates":[[[80.07336,13.16894],[80.12065,13.15172],[80.13534,13.15642],[80.13486,13.15009],[80.14537,13.14058],[80.147,13.12997],[80.14034,13.10673],[80.12374,13.10974],[80.12455,13.09604],[80.12037,13.09314],[80.12327,13.0725],[80.10683,13.07183],[80.09861,13.07835],[80.10754,13.08992],[80.09669,13.10407],[80.08122,13.11297],[80.06984,13.1142],[80.06592,13.11057],[80.05701,13.11387],[80.0378,13.09529],[80.03654,13.11213],[80.01012,13.1121],[80.00807,13.12014],[80.01465,13.12157],[80.01213,13.13283],[80.03604,13.1323],[80.04135,13.13447],[80.03953,13.1398],[80.05615,13.13735],[80.05407,13.15033],[80.06508,13.15247],[80.06276,13.15997],[80.06722,13.16859],[80.07336,13.16894]]]}},{"type":"Feature","properties":{"ac_no":7,"name":"Maduravoyal","district":"Thiruvallur","pc":"Sriperumbudur"},"geometry":{"type":"Polygon","coordinates":[[[80.14034,13.10673],[80.14735,13.08734],[80.16035,13.08081],[80.17194,13.08275],[80.17696,13.07237],[80.18572,13.07342],[80.18162,13.04889],[80.18835,13.0267],[80.18317,13.02493],[80.16473,13.03218],[80.16385,13.02814],[80.15911,13.0322],[80.14578,13.0316],[80.14416,13.03832],[80.14821,13.03869],[80.13878,13.05315],[80.12944,13.05224],[80.12931,13.05925],[80.12223,13.06146],[80.12327,13.0725],[80.12037,13.09314],[80.12455,13.09604],[80.12374,13.10974],[80.14034,13.10673]]]}},{"type":"Feature","properties":{"ac_no":8,"name":"Ambattur","district":"Thiruvallur","pc":"Sriperumbudur"},"geometry":{"type":"Polygon","coordinates":[[[80.14537,13.14058],[80.15942,13.1425],[80.16538,13.13606],[80.16906,13.14164],[80.1826,13.13616],[80.18757,13.13908],[80.1946,13.129],[80.20154,13.12715],[80.20069,13.11842],[80.19197,13.10563],[80.1953,13.0897],[80.19019,13.08186],[80.18572,13.07342],[80.17696,13.07237],[80.17194,13.08275],[80.16035,13.08081],[80.14735,13.08734],[80.14034,13.10673],[80.147,13.12997],[80.14537,13.14058]]]}},{"type":"Feature","properties":{"ac_no":9,"name":"Madavaram","district":"Thiruvallur","pc":"Tiruvallur (Sc)"},"geometry":{"type":"Polygon","coordinates":[[[80.18515,13.27135],[80.19633,13.27066],[80.20053,13.24771],[80.21341,13.24725],[80.20932,13.23261],[80.21282,13.2296],[80.23851,13.22918],[80.23077,13.2167],[80.23535,13.21632],[80.23466,13.2071],[80.23937,13.1995],[80.24963,13.19938],[80.24914,13.20626],[80.254,13.2062],[80.3029,13.19822],[80.29288,13.18044],[80.27372,13.18293],[80.26871,13.19173],[80.24894,13.18914],[80.255,13.15001],[80.24104,13.14264],[80.24189,13.12863],[80.22324,13.12762],[80.22317,13.13072],[80.20154,13.12715],[80.1946,13.129],[80.18757,13.13908],[80.1826,13.13616],[80.16906,13.14164],[80.16538,13.13606],[80.15942,13.1425],[80.14537,13.14058],[80.13486,13.15009],[80.13534,13.15642],[80.12065,13.15172],[80.07336,13.16894],[80.06722,13.16859],[80.06276,13.15997],[80.06508,13.15247],[80.05407,13.15033],[80.05615,13.13735],[80.03953,13.1398],[80.03842,13.16139],[80.02823,13.18082],[80.03185,13.19267],[80.0624,13.20977],[80.07503,13.20716],[80.08539,13.21285],[80.10795,13.20494],[80.11713,13.23301],[80.12077,13.24966],[80.13226,13.25328],[80.13233,13.25946],[80.17058,13.25993],[80.17713,13.2691],[80.18515,13.27135]]]}},{"type":"Feature","properties":{"ac_no":10,"name":"Tiruvottiyur","district":"Thiruvallur","pc":"Chennai North"},"geometry":{"type":"Polygon","coordinates":[[[80.33184,13.23555],[80.31337,13.16788],[80.30101,13.143],[80.28632,13.14599],[80.27341,13.13931],[80.26521,13.14091],[80.26819,13.14833],[80.255,13.15001],[80.24894,13.18914],[80.26871,13.19173],[80.27372,13.18293],[80.29288,13.18044],[80.3029,13.19822],[80.31423,13.22627],[80.33184,13.23555]]]}},{"type":"Feature","properties":{"ac_no":11,"name":"Dr. Radhakrishnan Nagar","district":"Chennai","pc":"Chennai North"},"geometry":{"type":"Polygon","coordinates":[[[80.30101,13.143],[80.29791,13.13497],[80.30626,13.13033],[80.30082,13.12117],[80.29466,13.11735],[80.28594,13.12176],[80.28186,13.11454],[80.26973,13.10935],[80.27194,13.12345],[80.2681,13.12659],[80.27341,13.13931],[80.28632,13.14599],[80.30101,13.143]]]}},{"type":"Feature","properties":{"ac_no":12,"name":"Perambur","district":"Chennai","pc":"Chennai North"},"geometry":{"type":"Polygon","coordinates":[[[80.27341,13.13931],[80.2681,13.12659],[80.27194,13.12345],[80.26973,13.10935],[80.25273,13.1093],[80.24305,13.11274],[80.24558,13.12272],[80.24189,13.12863],[80.24104,13.14264],[80.255,13.15001],[80.26819,13.14833],[80.26521,13.14091],[80.27341,13.13931]]]}},{"type":"Feature","properties":{"ac_no":13,"name":"Kolathur","district":"Chennai","pc":"Chennai North"},"geometry":{"type":"Polygon","coordinates":[[[80.24189,13.12863],[80.24558,13.12272],[80.24305,13.11274],[80.24141,13.09625],[80.23638,13.09747],[80.23594,13.10752],[80.20357,13.11124],[80.20639,13.11848],[80.20069,13.11842],[80.20154,13.12715],[80.22317,13.13072],[80.22324,13.12762],[80.24189,13.12863]]]}},{"type":"Feature","properties":{"ac_no":14,"name":"Villivakkam","district":"Chennai","pc":"Chennai Central"},"geometry":{"type":"Polygon","coordinates":[[[80.20639,13.11848],[80.20357,13.11124],[80.23594,13.10752],[80.23638,13.09747],[80.24141,13.09625],[80.24023,13.08673],[80.2441,13.08467],[80.2348,13.0851],[80.20865,13.10097],[80.20742,13.08622],[80.19927,13.07783],[80.19019,13.08186],[80.1953,13.0897],[80.19197,13.10563],[80.20069,13.11842],[80.20639,13.11848]]]}},{"type":"Feature","properties":{"ac_no":15,"name":"Thiru-Vi-Ka-Nagar (SC)","district":"Chennai","pc":"Chennai North"},"geometry":{"type":"Polygon","coordinates":[[[80.25273,13.1093],[80.26973,13.10935],[80.27269,13.09966],[80.27303,13.09629],[80.2592,13.09863],[80.2621,13.0929],[80.24843,13.08969],[80.2441,13.08467],[80.24023,13.08673],[80.24305,13.11274],[80.25273,13.1093]]]}},{"type":"Feature","properties":{"ac_no":16,"name":"Egmore (SC)","district":"Chennai","pc":"Chennai Central"},"geometry":{"type":"Polygon","coordinates":[[[80.27303,13.09629],[80.27449,13.07976],[80.26497,13.07893],[80.26749,13.07034],[80.26212,13.06488],[80.2583,13.05997],[80.25133,13.0689],[80.2285,13.06618],[80.22974,13.07308],[80.25412,13.0771],[80.25403,13.08443],[80.2441,13.08467],[80.24843,13.08969],[80.2621,13.0929],[80.2592,13.09863],[80.27303,13.09629]]]}},{"type":"Feature","properties":{"ac_no":17,"name":"Royapuram","district":"Chennai","pc":"Chennai North"},"geometry":{"type":"Polygon","coordinates":[[[80.30082,13.12117],[80.30541,13.1098],[80.30376,13.10566],[80.30145,13.11211],[80.29824,13.10193],[80.29292,13.09996],[80.27799,13.10409],[80.27269,13.09966],[80.26973,13.10935],[80.28186,13.11454],[80.28594,13.12176],[80.29466,13.11735],[80.30082,13.12117]]]}},{"type":"Feature","properties":{"ac_no":18,"name":"Harbour","district":"Chennai","pc":"Chennai Central"},"geometry":{"type":"Polygon","coordinates":[[[80.29292,13.09996],[80.29824,13.10193],[80.30169,13.0987],[80.29687,13.09929],[80.29484,13.09306],[80.30063,13.09115],[80.30376,13.10262],[80.31098,13.10882],[80.28627,13.06033],[80.27267,13.0663],[80.27459,13.07166],[80.26821,13.07933],[80.27449,13.07976],[80.27269,13.09966],[80.27799,13.10409],[80.29292,13.09996]]]}},{"type":"Feature","properties":{"ac_no":19,"name":"Chepauk-Thiruvallikeni","district":"Chennai","pc":"Chennai Central"},"geometry":{"type":"Polygon","coordinates":[[[80.26821,13.07933],[80.27459,13.07166],[80.27267,13.0663],[80.28627,13.06033],[80.28304,13.04579],[80.26586,13.04714],[80.2674,13.0393],[80.25733,13.03845],[80.26409,13.05275],[80.25778,13.05539],[80.26524,13.05726],[80.26212,13.06488],[80.26749,13.07034],[80.26497,13.07893],[80.26821,13.07933]]]}},{"type":"Feature","properties":{"ac_no":20,"name":"Thousand Lights","district":"Chennai","pc":"Chennai Central"},"geometry":{"type":"Polygon","coordinates":[[[80.25133,13.0689],[80.2583,13.05997],[80.26212,13.06488],[80.26524,13.05726],[80.25778,13.05539],[80.26409,13.05275],[80.25733,13.03845],[80.24682,13.03885],[80.24,13.03109],[80.23044,13.02599],[80.23094,13.03139],[80.23083,13.03582],[80.23977,13.03558],[80.24453,13.04316],[80.23061,13.04768],[80.23102,13.05362],[80.21592,13.05129],[80.21893,13.05837],[80.22243,13.05848],[80.22272,13.06706],[80.2285,13.06618],[80.25133,13.0689]]]}},{"type":"Feature","properties":{"ac_no":21,"name":"Anna Nagar","district":"Chennai","pc":"Chennai Central"},"geometry":{"type":"Polygon","coordinates":[[[80.2348,13.0851],[80.25403,13.08443],[80.25412,13.0771],[80.22974,13.07308],[80.2285,13.06618],[80.22272,13.06706],[80.22243,13.05848],[80.21893,13.05837],[80.20768,13.05896],[80.20783,13.07208],[80.20085,13.07316],[80.19927,13.07783],[80.20742,13.08622],[80.20865,13.10097],[80.2348,13.0851]]]}},{"type":"Feature","properties":{"ac_no":22,"name":"Virugampakkam","district":"Chennai","pc":"Chennai South"},"geometry":{"type":"Polygon","coordinates":[[[80.19927,13.07783],[80.20085,13.07316],[80.20783,13.07208],[80.20768,13.05896],[80.20386,13.04463],[80.20916,13.03527],[80.20991,13.0271],[80.20013,13.02992],[80.18835,13.0267],[80.18162,13.04889],[80.18572,13.07342],[80.19019,13.08186],[80.19927,13.07783]]]}},{"type":"Feature","properties":{"ac_no":23,"name":"Saidapet","district":"Chennai","pc":"Chennai South"},"geometry":{"type":"Polygon","coordinates":[[[80.20916,13.03527],[80.22721,13.03591],[80.226,13.03119],[80.23094,13.03139],[80.23044,13.02599],[80.24,13.03109],[80.24959,13.01887],[80.25021,12.99349],[80.24197,12.9952],[80.23334,12.98635],[80.21804,12.98756],[80.21606,12.99296],[80.20688,12.99617],[80.21337,13.00659],[80.19924,13.01676],[80.19971,13.02239],[80.20991,13.0271],[80.20916,13.03527]]]}},{"type":"Feature","properties":{"ac_no":24,"name":"Thiyagarayanagar","district":"Chennai","pc":"Chennai South"},"geometry":{"type":"Polygon","coordinates":[[[80.21893,13.05837],[80.21592,13.05129],[80.23102,13.05362],[80.23061,13.04768],[80.24453,13.04316],[80.23977,13.03558],[80.23083,13.03582],[80.23094,13.03139],[80.226,13.03119],[80.22721,13.03591],[80.20916,13.03527],[80.20386,13.04463],[80.20768,13.05896],[80.21893,13.05837]]]}},{"type":"Feature","properties":{"ac_no":25,"name":"Mylapore","district":"Chennai","pc":"Chennai South"},"geometry":{"type":"Polygon","coordinates":[[[80.28304,13.04579],[80.27761,13.01335],[80.25555,13.01428],[80.24959,13.01887],[80.24,13.03109],[80.24682,13.03885],[80.25733,13.03845],[80.2674,13.0393],[80.26586,13.04714],[80.28304,13.04579]]]}},{"type":"Feature","properties":{"ac_no":26,"name":"Velachery","district":"Chennai","pc":"Chennai South"},"geometry":{"type":"Polygon","coordinates":[[[80.25555,13.01428],[80.27761,13.01335],[80.2669,12.97528],[80.2528,12.97696],[80.25293,12.98035],[80.2433,12.98394],[80.24349,12.98013],[80.22108,12.96575],[80.20893,12.97865],[80.20358,12.98349],[80.20688,12.99617],[80.21606,12.99296],[80.21804,12.98756],[80.23334,12.98635],[80.24197,12.9952],[80.25021,12.99349],[80.24959,13.01887],[80.25555,13.01428]]]}},{"type":"Feature","properties":{"ac_no":27,"name":"Shozhinganallur","district":"Kancheepuram","pc":"Chennai South"},"geometry":{"type":"Polygon","coordinates":[[[80.20893,12.97865],[80.22108,12.96575],[80.24349,12.98013],[80.2433,12.98394],[80.25293,12.98035],[80.2528,12.97696],[80.2669,12.97528],[80.2495,12.85729],[80.22168,12.85254],[80.21673,12.85519],[80.20656,12.87697],[80.1982,12.86692],[80.19587,12.85167],[80.1784,12.86568],[80.17206,12.88355],[80.17416,12.89558],[80.16327,12.91011],[80.17004,12.91505],[80.17036,12.92185],[80.16318,12.93756],[80.17125,12.94611],[80.1828,12.94609],[80.19162,12.95134],[80.18568,12.95966],[80.19621,12.97567],[80.20893,12.97865]]]}},{"type":"Feature","properties":{"ac_no":28,"name":"Alandur","district":"Kancheepuram","pc":"Sriperumbudur"},"geometry":{"type":"Polygon","coordinates":[[[80.18835,13.0267],[80.20013,13.02992],[80.20991,13.0271],[80.19971,13.02239],[80.19924,13.01676],[80.21337,13.00659],[80.20688,12.99617],[80.20358,12.98349],[80.20893,12.97865],[80.19621,12.97567],[80.18836,12.96354],[80.18227,12.95893],[80.18087,12.96681],[80.16756,12.96721],[80.16086,12.97225],[80.14787,12.96667],[80.1445,12.97151],[80.14859,12.99308],[80.12539,12.98617],[80.11045,13.0049],[80.1112,13.01051],[80.10341,13.01294],[80.11291,13.0187],[80.11276,13.024],[80.11872,13.02346],[80.11921,13.02852],[80.12483,13.02834],[80.12937,13.03389],[80.12944,13.05224],[80.13878,13.05315],[80.14821,13.03869],[80.14416,13.03832],[80.14578,13.0316],[80.15911,13.0322],[80.16385,13.02814],[80.16473,13.03218],[80.18317,13.02493],[80.18835,13.0267]]]}},{"type":"Feature","properties":{"ac_no":29,"name":"Sriperumbudur (SC)","district":"Kancheepuram","pc":"Sriperumbudur"},"geometry":{"type":"Polygon","coordinates":[[[79.99156,13.05343],[79.97883,13.04918],[79.97818,13.0401],[79.97417,13.03894],[79.98437,13.0307],[79.99092,13.03472],[79.99571,13.0499],[80.00178,13.04479],[80.02121,13.04486],[80.02316,13.03703],[80.04502,13.04065],[80.04131,13.03224],[80.04925,13.02695],[80.05759,13.03009],[80.06065,13.03856],[80.07071,13.03976],[80.07911,13.01914],[80.08255,13.02384],[80.08149,13.04525],[80.09432,13.04541],[80.1025,13.0392],[80.09901,13.03535],[80.10468,13.02791],[80.11276,13.024],[80.11291,13.0187],[80.10341,13.01294],[80.1112,13.01051],[80.11045,13.0049],[80.12539,12.98617],[80.10178,12.95097],[80.092,12.94379],[80.08735,12.92937],[80.06261,12.89942],[80.05525,12.88901],[80.05916,12.86266],[80.05598,12.85299],[80.0302,12.82431],[80.01037,12.81439],[80.00976,12.80808],[79.9627,12.81623],[79.95769,12.82514],[79.95944,12.81013],[79.96474,12.8087],[79.95786,12.79161],[79.94154,12.79179],[79.93826,12.78579],[79.92758,12.79904],[79.92335,12.79573],[79.90879,12.79867],[79.90176,12.82198],[79.91021,12.83572],[79.90609,12.85156],[79.90898,12.86714],[79.86884,12.8814],[79.85808,12.87848],[79.84283,12.88989],[79.83111,12.89147],[79.83206,12.89512],[79.8259,12.89917],[79.81153,12.89947],[79.8065,12.9101],[79.80964,12.91573],[79.79654,12.92311],[79.78612,12.92233],[79.78536,12.91668],[79.7766,12.91784],[79.7781,12.93712],[79.78853,12.95048],[79.78615,12.95546],[79.77345,12.95075],[79.76332,12.95423],[79.76375,12.98192],[79.76997,12.98349],[79.7684,12.98896],[79.7521,12.99476],[79.74186,12.99347],[79.7486,13.00368],[79.76774,13.01675],[79.79663,13.0277],[79.80101,13.01498],[79.81058,13.01823],[79.81402,13.01312],[79.81839,12.99273],[79.81215,12.98923],[79.82028,12.98777],[79.82111,12.9618],[79.83239,12.96373],[79.83133,12.95745],[79.84822,12.95642],[79.852,12.94764],[79.88069,12.94833],[79.88962,12.94457],[79.90141,12.96562],[79.90936,12.96565],[79.91365,12.9782],[79.88929,12.99367],[79.89887,12.99518],[79.90837,13.00424],[79.9299,12.98991],[79.9424,13.00137],[79.94179,13.0086],[79.92001,13.01431],[79.92,13.01953],[79.91097,13.01466],[79.90037,13.01702],[79.90043,13.02994],[79.89705,13.03181],[79.90064,13.04949],[79.91775,13.04767],[79.91815,13.03501],[79.94892,13.03271],[79.95558,13.0378],[79.96878,13.0375],[79.97137,13.05006],[79.98371,13.05198],[79.9865,13.0562],[79.99156,13.05343]]]}},{"type":"Feature","properties":{"ac_no":30,"name":"Pallavaram","district":"Kancheepuram","pc":"Sriperumbudur"},"geometry":{"type":"Polygon","coordinates":[[[80.14787,12.96667],[80.16086,12.97225],[80.16756,12.96721],[80.18087,12.96681],[80.18227,12.95893],[80.18836,12.96354],[80.18568,12.95966],[80.19162,12.95134],[80.1828,12.94609],[80.17125,12.94611],[80.16318,12.93756],[80.14899,12.93462],[80.12691,12.9487],[80.10896,12.94681],[80.10178,12.95097],[80.12539,12.98617],[80.14859,12.99308],[80.1445,12.97151],[80.14787,12.96667]]]}},{"type":"Feature","properties":{"ac_no":31,"name":"Tambaram","district":"Kancheepuram","pc":"Sriperumbudur"},"geometry":{"type":"Polygon","coordinates":[[[80.10896,12.94681],[80.12691,12.9487],[80.14899,12.93462],[80.16318,12.93756],[80.17036,12.92185],[80.17004,12.91505],[80.16327,12.91011],[80.17416,12.89558],[80.17206,12.88355],[80.1784,12.86568],[80.17077,12.85988],[80.16141,12.87629],[80.12948,12.86102],[80.12313,12.86369],[80.12288,12.87115],[80.13548,12.88265],[80.13528,12.89018],[80.12244,12.88982],[80.11361,12.90172],[80.10669,12.90311],[80.09632,12.89119],[80.06261,12.89942],[80.08735,12.92937],[80.092,12.94379],[80.10178,12.95097],[80.10896,12.94681]]]}},{"type":"Feature","properties":{"ac_no":32,"name":"Chengalpattu","district":"Kancheepuram","pc":"Kancheepuram (Sc)"},"geometry":{"type":"Polygon","coordinates":[[[80.11361,12.90172],[80.12244,12.88982],[80.13528,12.89018],[80.13548,12.88265],[80.12288,12.87115],[80.12313,12.86369],[80.12948,12.86102],[80.16141,12.87629],[80.17077,12.85988],[80.16789,12.85474],[80.15615,12.8521],[80.14234,12.85528],[80.13385,12.83286],[80.14653,12.82491],[80.14815,12.81201],[80.13466,12.81782],[80.13677,12.80363],[80.13068,12.79856],[80.13714,12.79312],[80.1292,12.78291],[80.10776,12.78952],[80.10464,12.78162],[80.09609,12.78449],[80.0887,12.77931],[80.08795,12.77045],[80.07711,12.75435],[80.06967,12.75473],[80.06289,12.7485],[80.05827,12.75063],[80.04905,12.73739],[80.03179,12.74031],[80.03642,12.73608],[80.03021,12.71944],[80.05202,12.70639],[80.04069,12.70646],[80.04231,12.69743],[80.03767,12.69608],[80.04559,12.67688],[80.03715,12.67016],[80.04319,12.66118],[80.03392,12.65807],[80.03213,12.66289],[80.02408,12.66539],[80.02375,12.67393],[80.00576,12.67682],[79.99919,12.66319],[79.98885,12.66535],[79.97569,12.65825],[79.96764,12.6292],[79.94587,12.63194],[79.94725,12.64269],[79.95358,12.64414],[79.94818,12.6581],[79.95269,12.66228],[79.95821,12.69888],[79.95263,12.69911],[79.95349,12.70905],[79.91945,12.75489],[79.90433,12.75495],[79.88707,12.76533],[79.88386,12.77654],[79.87475,12.78072],[79.89838,12.78363],[79.90879,12.79867],[79.92335,12.79573],[79.92758,12.79904],[79.93826,12.78579],[79.94154,12.79179],[79.95786,12.79161],[79.96474,12.8087],[79.95944,12.81013],[79.95769,12.82514],[79.9627,12.81623],[80.00976,12.80808],[80.01037,12.81439],[80.0302,12.82431],[80.05598,12.85299],[80.05916,12.86266],[80.05525,12.88901],[80.06261,12.89942],[80.09632,12.89119],[80.10669,12.90311],[80.11361,12.90172]]]}},{"type":"Feature","properties":{"ac_no":33,"name":"Thiruporur","district":"Kancheepuram","pc":"Kancheepuram (Sc)"},"geometry":{"type":"Polygon","coordinates":[[[80.1784,12.86568],[80.19587,12.85167],[80.1982,12.86692],[80.20656,12.87697],[80.21673,12.85519],[80.22168,12.85254],[80.2495,12.85729],[80.24784,12.81026],[80.25467,12.78081],[80.20093,12.63211],[80.20067,12.61717],[80.16525,12.52586],[80.15412,12.52975],[80.15232,12.54519],[80.14036,12.5588],[80.13505,12.55905],[80.13523,12.5454],[80.13123,12.54744],[80.12607,12.54069],[80.11916,12.54891],[80.10026,12.54188],[80.08123,12.55672],[80.08123,12.56342],[80.07639,12.56704],[80.05657,12.56158],[80.06353,12.55211],[80.05983,12.5424],[80.04771,12.54619],[80.04506,12.55439],[80.03179,12.56334],[80.02804,12.56459],[80.02609,12.55032],[80.01954,12.5546],[80.00835,12.55351],[80.00759,12.56294],[79.99493,12.57203],[79.98173,12.5693],[79.97438,12.57212],[79.97273,12.57739],[79.96462,12.5768],[79.96169,12.58832],[79.94425,12.61427],[79.94872,12.61353],[79.94587,12.63194],[79.96764,12.6292],[79.97569,12.65825],[79.98885,12.66535],[79.99919,12.66319],[80.00576,12.67682],[80.02375,12.67393],[80.02408,12.66539],[80.03213,12.66289],[80.03392,12.65807],[80.04319,12.66118],[80.03715,12.67016],[80.04559,12.67688],[80.03767,12.69608],[80.04231,12.69743],[80.04069,12.70646],[80.05202,12.70639],[80.03021,12.71944],[80.03642,12.73608],[80.03179,12.74031],[80.04905,12.73739],[80.05827,12.75063],[80.06289,12.7485],[80.06967,12.75473],[80.07711,12.75435],[80.08795,12.77045],[80.0887,12.77931],[80.09609,12.78449],[80.10464,12.78162],[80.10776,12.78952],[80.1292,12.78291],[80.13714,12.79312],[80.13068,12.79856],[80.13677,12.80363],[80.13466,12.81782],[80.14815,12.81201],[80.14653,12.82491],[80.13385,12.83286],[80.14234,12.85528],[80.15615,12.8521],[80.16789,12.85474],[80.17077,12.85988],[80.1784,12.86568]]]}},{"type":"Feature","properties":{"ac_no":34,"name":"Cheyyur (SC)","district":"Kancheepuram","pc":"Kancheepuram (Sc)"},"geometry":{"type":"MultiPolygon","coordinates":[[[[79.98167,12.43147],[79.97975,12.42161],[79.97266,12.41737],[79.96954,12.43294],[79.95846,12.44204],[79.96126,12.451],[79.96499,12.45356],[79.98167,12.43147]]],[[[79.98173,12.5693],[79.99493,12.57203],[80.00759,12.56294],[80.00835,12.55351],[80.01954,12.5546],[80.02609,12.55032],[80.02804,12.56459],[80.03179,12.56334],[80.04506,12.55439],[80.04771,12.54619],[80.05983,12.5424],[80.06353,12.55211],[80.05657,12.56158],[80.07639,12.56704],[80.08123,12.56342],[80.08123,12.55672],[80.10026,12.54188],[80.11916,12.54891],[80.12607,12.54069],[80.13123,12.54744],[80.13523,12.5454],[80.13505,12.55905],[80.14036,12.5588],[80.15232,12.54519],[80.15412,12.52975],[80.16525,12.52586],[80.15388,12.44834],[80.13765,12.41056],[80.05675,12.32618],[80.00426,12.24776],[79.98685,12.24979],[79.97743,12.2354],[79.96014,12.23327],[79.95599,12.22768],[79.94454,12.24094],[79.92529,12.24749],[79.92443,12.2307],[79.91406,12.23507],[79.90083,12.22894],[79.88537,12.23502],[79.87268,12.24249],[79.85858,12.2658],[79.84075,12.27916],[79.84447,12.28009],[79.84127,12.28873],[79.83219,12.29802],[79.82765,12.31206],[79.81862,12.31196],[79.79767,12.33689],[79.79973,12.34886],[79.80618,12.34859],[79.80254,12.35447],[79.80493,12.36651],[79.7877,12.37434],[79.79088,12.38134],[79.78775,12.38413],[79.78392,12.38119],[79.78388,12.38632],[79.79486,12.39649],[79.80865,12.38625],[79.82774,12.38798],[79.84449,12.41833],[79.83442,12.42379],[79.83024,12.41702],[79.82209,12.42668],[79.81405,12.4273],[79.81546,12.435],[79.82927,12.4523],[79.83866,12.44781],[79.85836,12.46047],[79.86122,12.44926],[79.89307,12.43938],[79.88663,12.43219],[79.89735,12.42474],[79.88671,12.41438],[79.88968,12.40715],[79.90037,12.40834],[79.90244,12.36723],[79.91003,12.36244],[79.92231,12.36828],[79.92445,12.35583],[79.94469,12.35239],[79.94391,12.33951],[79.95713,12.34371],[79.98405,12.33406],[79.982,12.34211],[79.98866,12.35221],[79.9861,12.36148],[79.9959,12.38953],[79.99449,12.41511],[79.99112,12.41611],[79.99566,12.4325],[79.96746,12.45584],[79.98069,12.47883],[79.98049,12.49354],[79.99313,12.51207],[79.98481,12.52841],[80.01011,12.52639],[80.00357,12.53991],[79.9723,12.55595],[79.96462,12.5768],[79.97273,12.57739],[79.97438,12.57212],[79.98173,12.5693]]]]}},{"type":"Feature","properties":{"ac_no":35,"name":"Madurantakam (SC)","district":"Kancheepuram","pc":"Kancheepuram (Sc)"},"geometry":{"type":"Polygon","coordinates":[[[79.94388,12.70169],[79.95263,12.69911],[79.95821,12.69888],[79.95269,12.66228],[79.94818,12.6581],[79.95358,12.64414],[79.94725,12.64269],[79.94587,12.63194],[79.94872,12.61353],[79.94425,12.61427],[79.96169,12.58832],[79.96462,12.5768],[79.9723,12.55595],[80.00357,12.53991],[80.01011,12.52639],[79.98481,12.52841],[79.99313,12.51207],[79.98049,12.49354],[79.98069,12.47883],[79.96746,12.45584],[79.99566,12.4325],[79.99112,12.41611],[79.99449,12.41511],[79.9959,12.38953],[79.9861,12.36148],[79.98866,12.35221],[79.982,12.34211],[79.98405,12.33406],[79.95713,12.34371],[79.94391,12.33951],[79.94469,12.35239],[79.92445,12.35583],[79.92231,12.36828],[79.91003,12.36244],[79.90244,12.36723],[79.90037,12.40834],[79.88968,12.40715],[79.88671,12.41438],[79.89735,12.42474],[79.88663,12.43219],[79.89307,12.43938],[79.86122,12.44926],[79.85836,12.46047],[79.83866,12.44781],[79.82927,12.4523],[79.81546,12.435],[79.81405,12.4273],[79.82209,12.42668],[79.83024,12.41702],[79.83442,12.42379],[79.84449,12.41833],[79.82774,12.38798],[79.80865,12.38625],[79.79486,12.39649],[79.78388,12.38632],[79.78392,12.38119],[79.78775,12.38413],[79.79088,12.38134],[79.7877,12.37434],[79.80493,12.36651],[79.80254,12.35447],[79.80618,12.34859],[79.79973,12.34886],[79.79767,12.33689],[79.77834,12.33834],[79.76065,12.32932],[79.75952,12.32484],[79.74861,12.3239],[79.70908,12.33717],[79.70113,12.33515],[79.69874,12.32482],[79.68971,12.32477],[79.68293,12.31601],[79.65652,12.32621],[79.64227,12.34492],[79.64592,12.36125],[79.66389,12.36658],[79.6667,12.37498],[79.66,12.37734],[79.66682,12.38816],[79.6804,12.39285],[79.68562,12.39997],[79.69543,12.39799],[79.6957,12.40937],[79.68665,12.41465],[79.68917,12.41827],[79.70535,12.41365],[79.70337,12.43006],[79.71399,12.42761],[79.71572,12.43627],[79.73561,12.42896],[79.73838,12.4392],[79.73158,12.44704],[79.73257,12.45292],[79.74955,12.45803],[79.74541,12.46332],[79.74425,12.48342],[79.73883,12.48369],[79.73467,12.49262],[79.72336,12.49367],[79.72296,12.49782],[79.7272,12.50104],[79.73816,12.49602],[79.74028,12.50177],[79.74924,12.50365],[79.74889,12.50792],[79.75648,12.51266],[79.75572,12.52472],[79.74861,12.52479],[79.74348,12.53244],[79.75577,12.54382],[79.75203,12.55101],[79.75758,12.56084],[79.77501,12.5503],[79.77708,12.55732],[79.79455,12.56076],[79.79793,12.56863],[79.81823,12.56612],[79.82045,12.57033],[79.8251,12.56922],[79.82164,12.58267],[79.81281,12.58963],[79.81789,12.60157],[79.80596,12.62896],[79.8239,12.62482],[79.82627,12.62024],[79.8449,12.62418],[79.84628,12.63077],[79.86711,12.62622],[79.87307,12.62647],[79.87441,12.63266],[79.88952,12.63107],[79.89842,12.64067],[79.91368,12.63999],[79.92176,12.63439],[79.92679,12.6365],[79.92916,12.64167],[79.91659,12.68661],[79.91841,12.69594],[79.94388,12.70169]],[[79.96126,12.451],[79.95846,12.44204],[79.96954,12.43294],[79.97266,12.41737],[79.97975,12.42161],[79.98167,12.43147],[79.96499,12.45356],[79.96126,12.451]]]}},{"type":"Feature","properties":{"ac_no":36,"name":"Uthiramerur","district":"Kancheepuram","pc":"Kancheepuram (Sc)"},"geometry":{"type":"Polygon","coordinates":[[[79.79416,12.83561],[79.83058,12.8315],[79.83348,12.83626],[79.82802,12.8366],[79.82617,12.84212],[79.84011,12.83962],[79.8502,12.84369],[79.86341,12.83604],[79.86375,12.84044],[79.87199,12.83969],[79.88133,12.84485],[79.89135,12.84034],[79.90609,12.85156],[79.91021,12.83572],[79.90176,12.82198],[79.90879,12.79867],[79.89838,12.78363],[79.87475,12.78072],[79.88386,12.77654],[79.88707,12.76533],[79.90433,12.75495],[79.91945,12.75489],[79.95349,12.70905],[79.95263,12.69911],[79.94388,12.70169],[79.91841,12.69594],[79.91659,12.68661],[79.92916,12.64167],[79.92679,12.6365],[79.92176,12.63439],[79.91368,12.63999],[79.89842,12.64067],[79.88952,12.63107],[79.87441,12.63266],[79.87307,12.62647],[79.86711,12.62622],[79.84628,12.63077],[79.8449,12.62418],[79.82627,12.62024],[79.8239,12.62482],[79.80596,12.62896],[79.81789,12.60157],[79.81281,12.58963],[79.82164,12.58267],[79.8251,12.56922],[79.82045,12.57033],[79.81823,12.56612],[79.79793,12.56863],[79.79455,12.56076],[79.77708,12.55732],[79.77501,12.5503],[79.75758,12.56084],[79.75203,12.55101],[79.75577,12.54382],[79.74348,12.53244],[79.71498,12.54946],[79.71978,12.56448],[79.70644,12.56916],[79.70654,12.5723],[79.71639,12.58146],[79.72513,12.57856],[79.72524,12.58789],[79.6979,12.59404],[79.68876,12.60206],[79.67311,12.59289],[79.66655,12.59321],[79.65351,12.60318],[79.64579,12.60303],[79.64304,12.61301],[79.64626,12.62515],[79.63669,12.6267],[79.63019,12.63274],[79.6308,12.63835],[79.64634,12.66982],[79.6824,12.66771],[79.74217,12.69334],[79.74411,12.70192],[79.73447,12.70172],[79.73671,12.71796],[79.71536,12.72439],[79.71385,12.7282],[79.74142,12.73358],[79.74468,12.74388],[79.73185,12.75589],[79.70901,12.75832],[79.70864,12.77699],[79.70425,12.7805],[79.70322,12.77692],[79.69672,12.77696],[79.67755,12.79088],[79.66993,12.78688],[79.66934,12.77778],[79.65744,12.77662],[79.6582,12.76747],[79.65348,12.7646],[79.64663,12.77284],[79.64967,12.78257],[79.63522,12.78617],[79.64249,12.80222],[79.64008,12.80999],[79.67534,12.79904],[79.69797,12.7996],[79.70526,12.82045],[79.72131,12.81516],[79.72431,12.80931],[79.74367,12.81011],[79.75208,12.81598],[79.75851,12.81492],[79.75562,12.8184],[79.76564,12.82727],[79.78042,12.8272],[79.7795,12.83527],[79.79416,12.83561]]]}},{"type":"Feature","properties":{"ac_no":37,"name":"Kancheepuram","district":"Kancheepuram","pc":"Kancheepuram (Sc)"},"geometry":{"type":"Polygon","coordinates":[[[79.76332,12.95423],[79.77345,12.95075],[79.78615,12.95546],[79.78853,12.95048],[79.7781,12.93712],[79.7766,12.91784],[79.78536,12.91668],[79.78612,12.92233],[79.79654,12.92311],[79.80964,12.91573],[79.8065,12.9101],[79.81153,12.89947],[79.8259,12.89917],[79.83206,12.89512],[79.83111,12.89147],[79.84283,12.88989],[79.85808,12.87848],[79.86884,12.8814],[79.90898,12.86714],[79.90609,12.85156],[79.89135,12.84034],[79.88133,12.84485],[79.87199,12.83969],[79.86375,12.84044],[79.86341,12.83604],[79.8502,12.84369],[79.84011,12.83962],[79.82617,12.84212],[79.82802,12.8366],[79.83348,12.83626],[79.83058,12.8315],[79.79416,12.83561],[79.7795,12.83527],[79.78042,12.8272],[79.76564,12.82727],[79.75562,12.8184],[79.75851,12.81492],[79.75208,12.81598],[79.74367,12.81011],[79.72431,12.80931],[79.72131,12.81516],[79.70526,12.82045],[79.69797,12.7996],[79.67534,12.79904],[79.64008,12.80999],[79.63209,12.82164],[79.5951,12.82866],[79.57947,12.84267],[79.55694,12.85171],[79.55989,12.85277],[79.56596,12.85867],[79.55855,12.87252],[79.55795,12.88402],[79.56481,12.88709],[79.56826,12.89911],[79.60391,12.90754],[79.63681,12.92454],[79.66198,12.93038],[79.65893,12.94934],[79.70049,12.97485],[79.72067,12.98039],[79.74186,12.99347],[79.7521,12.99476],[79.7684,12.98896],[79.76997,12.98349],[79.76375,12.98192],[79.76332,12.95423]]]}},{"type":"Feature","properties":{"ac_no":38,"name":"Arakkonam (SC)","district":"Vellore","pc":"Arakkonam"},"geometry":{"type":"Polygon","coordinates":[[[79.65546,13.20802],[79.66229,13.20994],[79.67151,13.20315],[79.67055,13.18336],[79.70089,13.19155],[79.7001,13.18127],[79.69248,13.17586],[79.69545,13.15891],[79.73681,13.16747],[79.73728,13.12088],[79.73094,13.11522],[79.72438,13.11673],[79.7191,13.10507],[79.70199,13.1106],[79.70499,13.10095],[79.70186,13.10413],[79.70128,13.0996],[79.72275,13.09991],[79.7356,13.09566],[79.74185,13.07634],[79.73891,13.06646],[79.72586,13.06777],[79.71877,13.05378],[79.73027,13.05416],[79.73755,13.0612],[79.74811,13.05005],[79.76192,13.05174],[79.77574,13.06286],[79.7788,13.05376],[79.78854,13.05635],[79.79129,13.05311],[79.79167,13.0458],[79.78615,13.03916],[79.78946,13.0249],[79.76774,13.01675],[79.7486,13.00368],[79.74186,12.99347],[79.72067,12.98039],[79.70049,12.97485],[79.65893,12.94934],[79.64872,12.94943],[79.64958,12.95747],[79.6363,12.95937],[79.63158,12.97007],[79.61847,12.97873],[79.62109,12.98353],[79.61117,12.98736],[79.60524,12.98863],[79.60433,12.9838],[79.60767,12.96621],[79.60177,12.9715],[79.59252,12.96921],[79.58763,12.98533],[79.60827,13.00069],[79.60973,13.01076],[79.59999,13.01584],[79.59393,13.02532],[79.59408,13.03395],[79.58166,13.02747],[79.57812,13.02946],[79.57406,13.0159],[79.56962,13.0266],[79.55911,13.03001],[79.55932,13.03608],[79.55097,13.03721],[79.54785,13.04449],[79.5563,13.05463],[79.57183,13.04702],[79.58422,13.04793],[79.57729,13.05372],[79.56982,13.07234],[79.57157,13.08331],[79.57954,13.08949],[79.58073,13.09616],[79.57398,13.1013],[79.56283,13.09786],[79.55305,13.10077],[79.55187,13.10782],[79.5588,13.11733],[79.55051,13.13494],[79.56909,13.1373],[79.57009,13.12178],[79.59432,13.12149],[79.59949,13.13076],[79.58895,13.14741],[79.63354,13.14664],[79.6368,13.15073],[79.63123,13.17291],[79.63534,13.17172],[79.64497,13.17962],[79.6449,13.19162],[79.65546,13.20802]]]}},{"type":"Feature","properties":{"ac_no":39,"name":"Sholingur","district":"Vellore","pc":"Arakkonam"},"geometry":{"type":"Polygon","coordinates":[[[79.55051,13.13494],[79.5588,13.11733],[79.55187,13.10782],[79.55305,13.10077],[79.56283,13.09786],[79.57398,13.1013],[79.58073,13.09616],[79.57954,13.08949],[79.57157,13.08331],[79.56982,13.07234],[79.57729,13.05372],[79.58422,13.04793],[79.57183,13.04702],[79.5563,13.05463],[79.54785,13.04449],[79.55097,13.03721],[79.55932,13.03608],[79.55911,13.03001],[79.56962,13.0266],[79.57406,13.0159],[79.57812,13.02946],[79.58166,13.02747],[79.59408,13.03395],[79.59393,13.02532],[79.59999,13.01584],[79.60973,13.01076],[79.60827,13.00069],[79.58763,12.98533],[79.59252,12.96921],[79.60177,12.9715],[79.60767,12.96621],[79.60433,12.9838],[79.60524,12.98863],[79.61117,12.98736],[79.62109,12.98353],[79.61847,12.97873],[79.63158,12.97007],[79.6363,12.95937],[79.64958,12.95747],[79.64872,12.94943],[79.65893,12.94934],[79.66198,12.93038],[79.63681,12.92454],[79.60391,12.90754],[79.56826,12.89911],[79.56481,12.88709],[79.55795,12.88402],[79.55855,12.87252],[79.56596,12.85867],[79.55989,12.85277],[79.53646,12.8629],[79.50896,12.85717],[79.49979,12.87266],[79.49771,12.86915],[79.48981,12.8711],[79.48872,12.87596],[79.47873,12.87162],[79.47285,12.87426],[79.45475,12.87738],[79.45626,12.90331],[79.44443,12.91006],[79.43869,12.92798],[79.44645,12.94924],[79.44385,12.96378],[79.42223,12.96962],[79.42102,12.98542],[79.41267,12.98907],[79.40579,12.99913],[79.394,12.99303],[79.39231,12.96737],[79.3801,12.96611],[79.36069,12.9847],[79.35743,12.97276],[79.35171,12.97916],[79.35175,12.98881],[79.33585,13.00342],[79.32712,13.0334],[79.32159,13.03341],[79.32063,13.04127],[79.30996,13.039],[79.30748,13.04351],[79.31086,13.07475],[79.32336,13.07162],[79.32236,13.07813],[79.32992,13.0728],[79.33493,13.06041],[79.35148,13.06246],[79.37925,13.07542],[79.37933,13.07996],[79.41708,13.0846],[79.4153,13.08941],[79.42287,13.09716],[79.42028,13.10372],[79.40428,13.09984],[79.4017,13.10406],[79.40415,13.11496],[79.41343,13.11901],[79.41132,13.136],[79.41872,13.15018],[79.43388,13.13646],[79.43916,13.12475],[79.45341,13.12637],[79.45176,13.12122],[79.42926,13.11629],[79.43446,13.11147],[79.44365,13.1138],[79.45099,13.09329],[79.46249,13.09544],[79.46454,13.10715],[79.47522,13.10772],[79.47374,13.12533],[79.47539,13.13049],[79.48208,13.12808],[79.48186,13.13951],[79.49858,13.13605],[79.52312,13.14358],[79.52246,13.1387],[79.55051,13.13494]]]}},{"type":"Feature","properties":{"ac_no":40,"name":"Katpadi","district":"Vellore","pc":"Arakkonam"},"geometry":{"type":"Polygon","coordinates":[[[79.25494,13.16072],[79.26132,13.15977],[79.26309,13.14879],[79.27525,13.15633],[79.28119,13.15367],[79.28378,13.12289],[79.29742,13.08761],[79.32236,13.07813],[79.32336,13.07162],[79.31086,13.07475],[79.30748,13.04351],[79.30996,13.039],[79.32063,13.04127],[79.32159,13.03341],[79.30189,13.0287],[79.29867,13.01362],[79.29024,13.0039],[79.289,12.97487],[79.27028,12.96357],[79.26531,12.94693],[79.27037,12.94486],[79.27071,12.93987],[79.26226,12.94167],[79.25551,12.95081],[79.24042,12.95504],[79.21799,12.95398],[79.19913,12.95118],[79.16949,12.9539],[79.14855,12.93984],[79.10998,12.93581],[79.10912,12.92528],[79.10072,12.92457],[79.09387,12.93549],[79.08127,12.93739],[79.06385,12.92938],[79.06671,12.94248],[79.07068,12.94409],[79.06137,12.95153],[79.07162,12.95196],[79.0747,12.95957],[79.08164,12.96217],[79.08228,12.97156],[79.08981,12.97325],[79.08659,12.98463],[79.09306,13.00003],[79.08157,12.99879],[79.07524,13.00331],[79.08494,13.02736],[79.09828,13.0261],[79.10744,13.03832],[79.11445,13.03931],[79.13731,13.03485],[79.15998,13.0203],[79.18217,13.03191],[79.1848,13.02989],[79.19296,13.04673],[79.18149,13.04767],[79.17948,13.05429],[79.19207,13.05618],[79.17838,13.05982],[79.18026,13.06446],[79.18729,13.06069],[79.19209,13.06746],[79.19077,13.07339],[79.18398,13.07276],[79.18529,13.0797],[79.18062,13.08428],[79.18762,13.08349],[79.19065,13.08876],[79.19307,13.08232],[79.19826,13.08137],[79.20083,13.08887],[79.2344,13.10525],[79.23424,13.11469],[79.23838,13.11858],[79.23035,13.1264],[79.23284,13.1394],[79.21,13.14849],[79.21442,13.15653],[79.22729,13.15564],[79.22558,13.15889],[79.23387,13.17003],[79.24266,13.17103],[79.24205,13.14966],[79.24493,13.14885],[79.24016,13.14439],[79.24525,13.1383],[79.25462,13.147],[79.25494,13.16072]]]}},{"type":"Feature","properties":{"ac_no":41,"name":"Ranipet","district":"Vellore","pc":"Arakkonam"},"geometry":{"type":"Polygon","coordinates":[[[79.32712,13.0334],[79.33585,13.00342],[79.35175,12.98881],[79.35171,12.97916],[79.35743,12.97276],[79.36069,12.9847],[79.3801,12.96611],[79.39231,12.96737],[79.394,12.99303],[79.40579,12.99913],[79.41267,12.98907],[79.42102,12.98542],[79.42223,12.96962],[79.44385,12.96378],[79.44645,12.94924],[79.43869,12.92798],[79.44443,12.91006],[79.45626,12.90331],[79.45475,12.87738],[79.42484,12.87894],[79.39008,12.86813],[79.37835,12.87022],[79.36223,12.8916],[79.33113,12.91761],[79.32032,12.92026],[79.31831,12.90973],[79.31312,12.91043],[79.30737,12.90186],[79.30138,12.9023],[79.30543,12.89635],[79.31453,12.89778],[79.30898,12.88468],[79.31877,12.88499],[79.31662,12.85367],[79.30692,12.87054],[79.27727,12.86982],[79.27008,12.85683],[79.27135,12.84303],[79.26569,12.84934],[79.23485,12.85318],[79.24113,12.85648],[79.24262,12.87003],[79.22559,12.88316],[79.22361,12.88999],[79.23663,12.89178],[79.23224,12.89882],[79.23585,12.90123],[79.2411,12.89514],[79.24826,12.89813],[79.25895,12.89239],[79.26243,12.89542],[79.2686,12.89298],[79.27666,12.91203],[79.27421,12.91694],[79.24621,12.92139],[79.2395,12.91704],[79.21523,12.91826],[79.20639,12.91465],[79.20102,12.9038],[79.19393,12.9081],[79.19459,12.91507],[79.1914,12.91216],[79.18931,12.91663],[79.19094,12.92765],[79.21649,12.94266],[79.21799,12.95398],[79.24042,12.95504],[79.25551,12.95081],[79.26226,12.94167],[79.27071,12.93987],[79.27037,12.94486],[79.26531,12.94693],[79.27028,12.96357],[79.289,12.97487],[79.29024,13.0039],[79.29867,13.01362],[79.30189,13.0287],[79.32159,13.03341],[79.32712,13.0334]]]}},{"type":"Feature","properties":{"ac_no":42,"name":"Arcot","district":"Vellore","pc":"Arakkonam"},"geometry":{"type":"Polygon","coordinates":[[[79.12796,12.89276],[79.13038,12.88175],[79.14292,12.87896],[79.14686,12.88264],[79.14873,12.87906],[79.15461,12.88409],[79.17746,12.88482],[79.17918,12.87953],[79.19288,12.88304],[79.19646,12.89376],[79.2044,12.88943],[79.20979,12.89488],[79.20605,12.90344],[79.20102,12.9038],[79.20639,12.91465],[79.21523,12.91826],[79.2395,12.91704],[79.24621,12.92139],[79.27421,12.91694],[79.27666,12.91203],[79.2686,12.89298],[79.26243,12.89542],[79.25895,12.89239],[79.24826,12.89813],[79.2411,12.89514],[79.23585,12.90123],[79.23224,12.89882],[79.23663,12.89178],[79.22361,12.88999],[79.22559,12.88316],[79.24262,12.87003],[79.24113,12.85648],[79.23485,12.85318],[79.26569,12.84934],[79.27135,12.84303],[79.27008,12.85683],[79.27727,12.86982],[79.30692,12.87054],[79.31662,12.85367],[79.31877,12.88499],[79.30898,12.88468],[79.31453,12.89778],[79.30543,12.89635],[79.30138,12.9023],[79.30737,12.90186],[79.31312,12.91043],[79.31831,12.90973],[79.32032,12.92026],[79.33113,12.91761],[79.36223,12.8916],[79.37835,12.87022],[79.39008,12.86813],[79.42484,12.87894],[79.45475,12.87738],[79.47285,12.87426],[79.47314,12.85181],[79.46334,12.8502],[79.46065,12.84247],[79.45736,12.8438],[79.46118,12.82938],[79.45695,12.81062],[79.47682,12.80683],[79.47486,12.79967],[79.46225,12.79865],[79.46069,12.78493],[79.47362,12.77336],[79.46604,12.76378],[79.46732,12.75616],[79.46182,12.75693],[79.45479,12.74487],[79.45589,12.73767],[79.46778,12.73218],[79.47245,12.73486],[79.47616,12.72865],[79.4655,12.71585],[79.46468,12.69962],[79.45734,12.69796],[79.46074,12.68507],[79.45333,12.68237],[79.4511,12.67167],[79.44154,12.67015],[79.42685,12.65954],[79.40966,12.65625],[79.4076,12.64886],[79.3806,12.62784],[79.35725,12.64078],[79.35431,12.64947],[79.36308,12.6575],[79.35908,12.6672],[79.35442,12.66798],[79.35595,12.67332],[79.39471,12.69023],[79.38098,12.70921],[79.39274,12.71355],[79.39541,12.72679],[79.38955,12.72856],[79.38982,12.73305],[79.37924,12.73392],[79.37895,12.72639],[79.36648,12.72065],[79.36584,12.71517],[79.35773,12.71956],[79.35455,12.71285],[79.35708,12.69805],[79.34477,12.69444],[79.34419,12.69989],[79.3387,12.70103],[79.34631,12.71012],[79.34358,12.72945],[79.32225,12.74383],[79.31105,12.74215],[79.30984,12.74682],[79.2971,12.74756],[79.28918,12.75279],[79.28342,12.76387],[79.28732,12.77898],[79.27707,12.78455],[79.2796,12.78753],[79.26162,12.79493],[79.26458,12.80577],[79.26021,12.80776],[79.26186,12.81883],[79.25643,12.8224],[79.2505,12.82294],[79.24999,12.81315],[79.25513,12.81231],[79.25104,12.80701],[79.24063,12.80829],[79.23846,12.79735],[79.21957,12.79251],[79.20939,12.78516],[79.21409,12.76014],[79.20683,12.74164],[79.19073,12.74857],[79.17373,12.74243],[79.17284,12.75966],[79.16337,12.76563],[79.16143,12.77247],[79.1595,12.75224],[79.13271,12.76173],[79.10963,12.7591],[79.09352,12.75793],[79.0997,12.77886],[79.09395,12.77305],[79.09015,12.77852],[79.10925,12.79031],[79.09784,12.79011],[79.09603,12.7953],[79.10684,12.80431],[79.11362,12.79467],[79.1244,12.79106],[79.11637,12.79919],[79.12414,12.81917],[79.11927,12.8249],[79.12562,12.82974],[79.12458,12.84107],[79.13676,12.84128],[79.13905,12.846],[79.13203,12.85209],[79.11119,12.84869],[79.10718,12.85609],[79.1085,12.86094],[79.11954,12.86493],[79.11771,12.87901],[79.12588,12.87827],[79.12796,12.89276]]]}},{"type":"Feature","properties":{"ac_no":43,"name":"Vellore","district":"Vellore","pc":"Vellore"},"geometry":{"type":"Polygon","coordinates":[[[79.21799,12.95398],[79.21649,12.94266],[79.19094,12.92765],[79.18931,12.91663],[79.1914,12.91216],[79.19459,12.91507],[79.19393,12.9081],[79.20102,12.9038],[79.20605,12.90344],[79.20979,12.89488],[79.2044,12.88943],[79.19646,12.89376],[79.19288,12.88304],[79.17918,12.87953],[79.17746,12.88482],[79.15461,12.88409],[79.14873,12.87906],[79.14686,12.88264],[79.14292,12.87896],[79.13038,12.88175],[79.12796,12.89276],[79.1218,12.9022],[79.11283,12.90256],[79.10825,12.90118],[79.09998,12.88533],[79.09384,12.88602],[79.09209,12.90693],[79.07807,12.90472],[79.07709,12.90911],[79.0697,12.90996],[79.07098,12.91347],[79.09021,12.91409],[79.09246,12.91852],[79.09251,12.92552],[79.08526,12.92786],[79.08127,12.93739],[79.09387,12.93549],[79.10072,12.92457],[79.10912,12.92528],[79.10998,12.93581],[79.14855,12.93984],[79.16949,12.9539],[79.19913,12.95118],[79.21799,12.95398]]]}},{"type":"Feature","properties":{"ac_no":44,"name":"Anaikattu","district":"Vellore","pc":"Vellore"},"geometry":{"type":"Polygon","coordinates":[[[79.08127,12.93739],[79.08526,12.92786],[79.09251,12.92552],[79.09246,12.91852],[79.09021,12.91409],[79.07098,12.91347],[79.0697,12.90996],[79.07709,12.90911],[79.07807,12.90472],[79.09209,12.90693],[79.09384,12.88602],[79.09998,12.88533],[79.10825,12.90118],[79.11283,12.90256],[79.1218,12.9022],[79.12796,12.89276],[79.12588,12.87827],[79.11771,12.87901],[79.11954,12.86493],[79.1085,12.86094],[79.10718,12.85609],[79.11119,12.84869],[79.13203,12.85209],[79.13905,12.846],[79.13676,12.84128],[79.12458,12.84107],[79.12562,12.82974],[79.11927,12.8249],[79.12414,12.81917],[79.11637,12.79919],[79.1244,12.79106],[79.11362,12.79467],[79.10684,12.80431],[79.09603,12.7953],[79.09784,12.79011],[79.10925,12.79031],[79.09015,12.77852],[79.09395,12.77305],[79.0997,12.77886],[79.09352,12.75793],[79.08128,12.74981],[79.07212,12.7552],[79.05798,12.73556],[79.06388,12.73864],[79.05665,12.73031],[79.05763,12.71672],[79.05061,12.71733],[79.04154,12.71123],[79.02953,12.687],[79.02437,12.68776],[79.02668,12.67909],[79.01394,12.66618],[79.01282,12.65776],[79.00899,12.65838],[79.02399,12.69306],[79.00663,12.70391],[78.99432,12.70584],[78.99398,12.69718],[78.98689,12.69706],[78.98405,12.68392],[78.979,12.68015],[78.98102,12.67375],[78.97145,12.66691],[78.97146,12.67142],[78.9479,12.6799],[78.94991,12.68645],[78.9433,12.68529],[78.94418,12.68064],[78.92753,12.67592],[78.91182,12.68735],[78.89723,12.67918],[78.89598,12.68914],[78.88614,12.69534],[78.88106,12.68511],[78.88307,12.6755],[78.87322,12.66234],[78.87457,12.68469],[78.845,12.65409],[78.85866,12.68241],[78.85817,12.69141],[78.87461,12.70644],[78.87314,12.71101],[78.86317,12.70542],[78.86276,12.71608],[78.88561,12.73073],[78.85164,12.72915],[78.84673,12.74224],[78.85017,12.76445],[78.86212,12.77697],[78.8866,12.77864],[78.91274,12.77426],[78.91347,12.78053],[78.91887,12.78373],[78.91919,12.78944],[78.9006,12.78934],[78.89366,12.7969],[78.89956,12.79792],[78.89958,12.80837],[78.89371,12.81276],[78.9026,12.82794],[78.9018,12.83925],[78.89934,12.83526],[78.89242,12.84594],[78.87904,12.84687],[78.87649,12.85274],[78.88883,12.85884],[78.89888,12.85623],[78.90305,12.84928],[78.90701,12.85583],[78.9002,12.86581],[78.90821,12.876],[78.9162,12.90772],[78.9692,12.92428],[78.97151,12.92932],[78.99859,12.92958],[79.04121,12.91946],[79.08127,12.93739]]]}},{"type":"Feature","properties":{"ac_no":45,"name":"Kilvaithinankuppam (SC)","district":"Vellore","pc":"Vellore"},"geometry":{"type":"Polygon","coordinates":[[[79.00635,13.08247],[79.00947,13.07726],[79.03692,13.07063],[79.03866,13.06117],[79.06337,13.05315],[79.06313,13.04033],[79.08088,13.02577],[79.08494,13.02736],[79.07524,13.00331],[79.08157,12.99879],[79.09306,13.00003],[79.08659,12.98463],[79.08981,12.97325],[79.08228,12.97156],[79.08164,12.96217],[79.0747,12.95957],[79.07162,12.95196],[79.06137,12.95153],[79.07068,12.94409],[79.06671,12.94248],[79.06385,12.92938],[79.04121,12.91946],[78.99859,12.92958],[78.97151,12.92932],[78.9692,12.92428],[78.9162,12.90772],[78.90307,12.90916],[78.88722,12.89462],[78.86469,12.88586],[78.84871,12.90735],[78.82599,12.90753],[78.82289,12.9136],[78.8163,12.91528],[78.82084,12.92557],[78.8175,12.93185],[78.82116,12.93264],[78.82404,12.94383],[78.83424,12.94447],[78.85063,12.95358],[78.85231,12.96605],[78.86234,12.96506],[78.86253,12.97031],[78.85382,12.97367],[78.84978,12.96934],[78.83898,12.97001],[78.83552,12.96379],[78.8322,12.96562],[78.83382,12.97488],[78.82567,12.98154],[78.83196,12.98476],[78.83621,12.99452],[78.8296,13.00216],[78.83108,13.00666],[78.85147,13.00365],[78.85322,13.01395],[78.85837,13.01779],[78.81406,13.03328],[78.80706,13.05779],[78.79435,13.06669],[78.7976,13.07489],[78.81367,13.08905],[78.84201,13.07865],[78.86108,13.08371],[78.87094,13.08193],[78.86977,13.08956],[78.87506,13.09686],[78.89564,13.09523],[78.88892,13.0734],[78.89161,13.0331],[78.9291,13.03654],[78.93703,13.03047],[78.94075,13.03647],[78.92914,13.0458],[78.91748,13.04366],[78.90364,13.04775],[78.91257,13.06597],[78.92171,13.06613],[78.92391,13.08085],[78.94145,13.07856],[78.94917,13.08403],[78.95542,13.07588],[78.96211,13.07877],[78.97025,13.07475],[78.97227,13.08384],[78.98249,13.08644],[79.00635,13.08247]]]}},{"type":"Feature","properties":{"ac_no":46,"name":"Gudiyattam (SC)","district":"Vellore","pc":"Vellore"},"geometry":{"type":"Polygon","coordinates":[[[78.79435,13.06669],[78.80706,13.05779],[78.81406,13.03328],[78.85837,13.01779],[78.85322,13.01395],[78.85147,13.00365],[78.83108,13.00666],[78.8296,13.00216],[78.83621,12.99452],[78.83196,12.98476],[78.82567,12.98154],[78.83382,12.97488],[78.8322,12.96562],[78.83552,12.96379],[78.83898,12.97001],[78.84978,12.96934],[78.85382,12.97367],[78.86253,12.97031],[78.86234,12.96506],[78.85231,12.96605],[78.85063,12.95358],[78.83424,12.94447],[78.82404,12.94383],[78.82116,12.93264],[78.8175,12.93185],[78.82084,12.92557],[78.8163,12.91528],[78.82289,12.9136],[78.82599,12.90753],[78.84871,12.90735],[78.86469,12.88586],[78.82245,12.86072],[78.78316,12.84712],[78.77107,12.83362],[78.75365,12.82397],[78.74564,12.82545],[78.73857,12.80468],[78.71802,12.79882],[78.69925,12.76605],[78.69165,12.77526],[78.69317,12.78928],[78.69839,12.79612],[78.69008,12.79914],[78.68375,12.79387],[78.67577,12.79907],[78.6754,12.82283],[78.67108,12.82403],[78.66413,12.83919],[78.66031,12.84008],[78.65787,12.83109],[78.65115,12.8297],[78.65045,12.80966],[78.64464,12.80747],[78.62014,12.81351],[78.61975,12.82195],[78.60329,12.84282],[78.60153,12.85087],[78.61307,12.868],[78.61666,12.88864],[78.63356,12.93089],[78.65224,12.92916],[78.65699,12.93217],[78.63803,12.96481],[78.64713,12.96631],[78.62087,12.99129],[78.65541,13.01599],[78.65619,13.03124],[78.70463,13.01636],[78.71326,13.06915],[78.74054,13.06411],[78.75176,13.05498],[78.79435,13.06669]]]}},{"type":"Feature","properties":{"ac_no":47,"name":"Vaniyambadi","district":"Vellore","pc":"Vellore"},"geometry":{"type":"Polygon","coordinates":[[[78.52504,12.71546],[78.53749,12.71703],[78.53694,12.71336],[78.54425,12.71098],[78.52926,12.70916],[78.5347,12.69141],[78.54173,12.69111],[78.555,12.69937],[78.55485,12.70757],[78.56155,12.70985],[78.55428,12.7184],[78.56341,12.73536],[78.5789,12.73599],[78.58428,12.70979],[78.59855,12.69617],[78.6147,12.69223],[78.61724,12.70845],[78.6262,12.7108],[78.62651,12.71939],[78.63419,12.72263],[78.63984,12.71998],[78.63257,12.69706],[78.65484,12.68966],[78.65735,12.69946],[78.66285,12.69937],[78.67482,12.69303],[78.6783,12.6795],[78.69469,12.6684],[78.71837,12.66564],[78.73208,12.65907],[78.74544,12.67809],[78.76995,12.6801],[78.77779,12.66575],[78.8013,12.64375],[78.8116,12.63884],[78.83199,12.64109],[78.83109,12.6092],[78.80865,12.55687],[78.80642,12.53622],[78.80213,12.53111],[78.76882,12.52813],[78.7617,12.50065],[78.74102,12.49587],[78.72268,12.46641],[78.70427,12.48535],[78.67922,12.45247],[78.67514,12.44908],[78.66574,12.45122],[78.65953,12.46308],[78.66988,12.49541],[78.64158,12.5016],[78.64267,12.51279],[78.62635,12.51807],[78.62468,12.5416],[78.63482,12.53715],[78.65316,12.54288],[78.65487,12.55182],[78.66224,12.55155],[78.66617,12.54305],[78.67555,12.54027],[78.69227,12.5466],[78.69927,12.55678],[78.69763,12.56911],[78.69121,12.57092],[78.70042,12.59286],[78.67392,12.62322],[78.67086,12.61826],[78.63933,12.61621],[78.63273,12.63073],[78.621,12.62922],[78.62176,12.64343],[78.61755,12.65313],[78.61028,12.66388],[78.60234,12.66563],[78.59703,12.65764],[78.57465,12.65695],[78.5637,12.63684],[78.54915,12.63175],[78.5368,12.6053],[78.50025,12.62646],[78.48815,12.64536],[78.47424,12.6474],[78.47049,12.65061],[78.46787,12.67594],[78.48448,12.6717],[78.49877,12.67512],[78.50383,12.68195],[78.50333,12.68994],[78.50741,12.69145],[78.50288,12.69195],[78.50396,12.69868],[78.49628,12.70298],[78.5019,12.70448],[78.50304,12.71681],[78.51175,12.70774],[78.51998,12.71205],[78.52021,12.71872],[78.50594,12.72256],[78.50158,12.7312],[78.49266,12.73569],[78.48906,12.74203],[78.49314,12.7472],[78.50524,12.743],[78.50711,12.73714],[78.5138,12.73451],[78.51389,12.72531],[78.51805,12.72489],[78.52089,12.73617],[78.52268,12.71925],[78.527,12.72153],[78.52504,12.71546]]]}},{"type":"Feature","properties":{"ac_no":48,"name":"Ambur","district":"Vellore","pc":"Vellore"},"geometry":{"type":"Polygon","coordinates":[[[78.9162,12.90772],[78.90821,12.876],[78.9002,12.86581],[78.90701,12.85583],[78.90305,12.84928],[78.89888,12.85623],[78.88883,12.85884],[78.87649,12.85274],[78.87904,12.84687],[78.89242,12.84594],[78.89934,12.83526],[78.9018,12.83925],[78.9026,12.82794],[78.89371,12.81276],[78.89958,12.80837],[78.89956,12.79792],[78.89366,12.7969],[78.9006,12.78934],[78.91919,12.78944],[78.91887,12.78373],[78.91347,12.78053],[78.91274,12.77426],[78.8866,12.77864],[78.86212,12.77697],[78.85017,12.76445],[78.84673,12.74224],[78.85164,12.72915],[78.88561,12.73073],[78.86276,12.71608],[78.86317,12.70542],[78.87314,12.71101],[78.87461,12.70644],[78.85817,12.69141],[78.85866,12.68241],[78.845,12.65409],[78.87457,12.68469],[78.87322,12.66234],[78.88307,12.6755],[78.88106,12.68511],[78.88614,12.69534],[78.89598,12.68914],[78.88191,12.65633],[78.87615,12.65388],[78.86572,12.6317],[78.85849,12.63335],[78.84535,12.64065],[78.83199,12.64109],[78.8116,12.63884],[78.8013,12.64375],[78.77779,12.66575],[78.76995,12.6801],[78.74544,12.67809],[78.73208,12.65907],[78.71837,12.66564],[78.69469,12.6684],[78.6783,12.6795],[78.67482,12.69303],[78.66285,12.69937],[78.65735,12.69946],[78.65484,12.68966],[78.63257,12.69706],[78.63984,12.71998],[78.63419,12.72263],[78.62651,12.71939],[78.6262,12.7108],[78.61724,12.70845],[78.6147,12.69223],[78.59855,12.69617],[78.58428,12.70979],[78.5789,12.73599],[78.56341,12.73536],[78.55529,12.73932],[78.56282,12.75217],[78.55831,12.75002],[78.55559,12.75586],[78.5615,12.76153],[78.56555,12.75944],[78.56835,12.76701],[78.57653,12.76746],[78.57601,12.77198],[78.59249,12.78275],[78.59303,12.79831],[78.60113,12.80375],[78.60036,12.81849],[78.60773,12.82197],[78.60329,12.84282],[78.61975,12.82195],[78.62014,12.81351],[78.64464,12.80747],[78.65045,12.80966],[78.65115,12.8297],[78.65787,12.83109],[78.66031,12.84008],[78.66413,12.83919],[78.67108,12.82403],[78.6754,12.82283],[78.67577,12.79907],[78.68375,12.79387],[78.69008,12.79914],[78.69839,12.79612],[78.69317,12.78928],[78.69165,12.77526],[78.69925,12.76605],[78.71802,12.79882],[78.73857,12.80468],[78.74564,12.82545],[78.75365,12.82397],[78.77107,12.83362],[78.78316,12.84712],[78.82245,12.86072],[78.86469,12.88586],[78.88722,12.89462],[78.90307,12.90916],[78.9162,12.90772]]]}},{"type":"Feature","properties":{"ac_no":49,"name":"Jolarpet","district":"Vellore","pc":"Tiruvannamalai"},"geometry":{"type":"Polygon","coordinates":[[[78.47424,12.6474],[78.48815,12.64536],[78.50025,12.62646],[78.5368,12.6053],[78.54915,12.63175],[78.5637,12.63684],[78.57465,12.65695],[78.59703,12.65764],[78.60234,12.66563],[78.61028,12.66388],[78.61755,12.65313],[78.62176,12.64343],[78.621,12.62922],[78.63273,12.63073],[78.63933,12.61621],[78.67086,12.61826],[78.67392,12.62322],[78.70042,12.59286],[78.69121,12.57092],[78.69763,12.56911],[78.69927,12.55678],[78.69227,12.5466],[78.67555,12.54027],[78.66617,12.54305],[78.66224,12.55155],[78.65487,12.55182],[78.65316,12.54288],[78.63482,12.53715],[78.62468,12.5416],[78.62635,12.51807],[78.64267,12.51279],[78.64158,12.5016],[78.63184,12.49206],[78.60727,12.49101],[78.59871,12.48252],[78.58377,12.48533],[78.56978,12.47543],[78.56312,12.48359],[78.52712,12.49197],[78.52769,12.51051],[78.51521,12.49547],[78.50986,12.49876],[78.49948,12.49219],[78.48445,12.49789],[78.46804,12.49332],[78.45946,12.46381],[78.45728,12.47553],[78.44809,12.47869],[78.44176,12.4875],[78.41794,12.4797],[78.41525,12.48234],[78.41924,12.51371],[78.41301,12.51727],[78.42117,12.57023],[78.40978,12.58763],[78.4073,12.6022],[78.41039,12.61362],[78.40668,12.62011],[78.41257,12.6269],[78.42703,12.63529],[78.43479,12.6296],[78.45843,12.62969],[78.46489,12.62405],[78.47169,12.63208],[78.47054,12.64464],[78.47424,12.6474]]]}},{"type":"Feature","properties":{"ac_no":50,"name":"Tiruppattur","district":"Vellore","pc":"Tiruvannamalai"},"geometry":{"type":"Polygon","coordinates":[[[78.83199,12.64109],[78.84535,12.64065],[78.85849,12.63335],[78.83661,12.58163],[78.82084,12.5367],[78.8059,12.50987],[78.79651,12.49714],[78.79051,12.49908],[78.77584,12.48361],[78.77752,12.45985],[78.77246,12.4609],[78.75852,12.44279],[78.76877,12.4375],[78.76867,12.42253],[78.75095,12.38532],[78.74287,12.37795],[78.72914,12.37389],[78.72864,12.35916],[78.70997,12.30419],[78.70346,12.29609],[78.6939,12.29411],[78.6784,12.27185],[78.64807,12.25831],[78.63519,12.26121],[78.64051,12.26748],[78.64142,12.2821],[78.62369,12.26508],[78.6168,12.26757],[78.60978,12.2613],[78.60372,12.26254],[78.60436,12.27954],[78.61304,12.29443],[78.60961,12.30938],[78.59838,12.31327],[78.59296,12.30735],[78.5885,12.3134],[78.60459,12.33187],[78.61112,12.33],[78.61723,12.34744],[78.58439,12.36064],[78.56734,12.3891],[78.55637,12.39014],[78.54338,12.39816],[78.52561,12.39865],[78.51406,12.40742],[78.5087,12.39877],[78.50053,12.40737],[78.4956,12.40673],[78.48859,12.39615],[78.49159,12.3948],[78.48872,12.38134],[78.4636,12.38588],[78.46016,12.37964],[78.43451,12.38883],[78.45515,12.42244],[78.44674,12.43766],[78.44989,12.44425],[78.44215,12.45052],[78.43395,12.45564],[78.41794,12.4797],[78.44176,12.4875],[78.44809,12.47869],[78.45728,12.47553],[78.45946,12.46381],[78.46804,12.49332],[78.48445,12.49789],[78.49948,12.49219],[78.50986,12.49876],[78.51521,12.49547],[78.52769,12.51051],[78.52712,12.49197],[78.56312,12.48359],[78.56978,12.47543],[78.58377,12.48533],[78.59871,12.48252],[78.60727,12.49101],[78.63184,12.49206],[78.64158,12.5016],[78.66988,12.49541],[78.65953,12.46308],[78.66574,12.45122],[78.67514,12.44908],[78.67922,12.45247],[78.70427,12.48535],[78.72268,12.46641],[78.74102,12.49587],[78.7617,12.50065],[78.76882,12.52813],[78.80213,12.53111],[78.80642,12.53622],[78.80865,12.55687],[78.83109,12.6092],[78.83199,12.64109]]]}},{"type":"Feature","properties":{"ac_no":51,"name":"Uthangarai (SC)","district":"Krishnagiri","pc":"Krishnagiri"},"geometry":{"type":"Polygon","coordinates":[[[78.41089,12.44356],[78.40986,12.43646],[78.41604,12.42631],[78.42612,12.44469],[78.43601,12.44473],[78.44215,12.45052],[78.44989,12.44425],[78.44674,12.43766],[78.45515,12.42244],[78.43451,12.38883],[78.46016,12.37964],[78.4636,12.38588],[78.48872,12.38134],[78.49159,12.3948],[78.48859,12.39615],[78.4956,12.40673],[78.50053,12.40737],[78.5087,12.39877],[78.51406,12.40742],[78.52561,12.39865],[78.54338,12.39816],[78.55637,12.39014],[78.56734,12.3891],[78.58439,12.36064],[78.61723,12.34744],[78.61112,12.33],[78.60459,12.33187],[78.5885,12.3134],[78.59296,12.30735],[78.59838,12.31327],[78.60961,12.30938],[78.61304,12.29443],[78.60436,12.27954],[78.60372,12.26254],[78.60978,12.2613],[78.6168,12.26757],[78.62369,12.26508],[78.64142,12.2821],[78.64051,12.26748],[78.63519,12.26121],[78.64807,12.25831],[78.65277,12.2521],[78.65055,12.24053],[78.66452,12.23403],[78.67131,12.22043],[78.66668,12.20772],[78.6568,12.19775],[78.64399,12.20526],[78.63336,12.17728],[78.61329,12.1837],[78.59634,12.16805],[78.5843,12.16431],[78.57273,12.19412],[78.55371,12.18047],[78.51541,12.17781],[78.50671,12.14424],[78.49123,12.14117],[78.46645,12.15075],[78.47352,12.17164],[78.44672,12.18383],[78.44349,12.19123],[78.41973,12.19085],[78.41161,12.19578],[78.39938,12.18599],[78.39774,12.19073],[78.39077,12.18558],[78.38223,12.19444],[78.37493,12.19464],[78.37859,12.20609],[78.39245,12.20626],[78.40262,12.22337],[78.38351,12.22902],[78.37879,12.22173],[78.36944,12.22638],[78.36318,12.22227],[78.35463,12.22559],[78.35827,12.23543],[78.34887,12.25044],[78.35537,12.27134],[78.32547,12.29091],[78.33064,12.30819],[78.33553,12.31797],[78.35065,12.31206],[78.36478,12.31794],[78.38266,12.31834],[78.38899,12.35034],[78.38635,12.36394],[78.40369,12.37814],[78.38609,12.40101],[78.3772,12.40147],[78.363,12.4116],[78.36859,12.42767],[78.37598,12.42867],[78.37675,12.44228],[78.39011,12.4436],[78.39157,12.45204],[78.41089,12.44356]]]}},{"type":"Feature","properties":{"ac_no":52,"name":"Bargur","district":"Krishnagiri","pc":"Krishnagiri"},"geometry":{"type":"Polygon","coordinates":[[[78.41257,12.6269],[78.40668,12.62011],[78.41039,12.61362],[78.4073,12.6022],[78.40978,12.58763],[78.42117,12.57023],[78.41301,12.51727],[78.41924,12.51371],[78.41525,12.48234],[78.41794,12.4797],[78.43395,12.45564],[78.44215,12.45052],[78.43601,12.44473],[78.42612,12.44469],[78.41604,12.42631],[78.40986,12.43646],[78.41089,12.44356],[78.39157,12.45204],[78.39011,12.4436],[78.37675,12.44228],[78.37598,12.42867],[78.36859,12.42767],[78.363,12.4116],[78.3772,12.40147],[78.38609,12.40101],[78.40369,12.37814],[78.38635,12.36394],[78.38899,12.35034],[78.38266,12.31834],[78.36478,12.31794],[78.35065,12.31206],[78.33553,12.31797],[78.33064,12.30819],[78.32547,12.29091],[78.35537,12.27134],[78.34887,12.25044],[78.32959,12.2654],[78.31962,12.25938],[78.29986,12.27353],[78.27642,12.26147],[78.26811,12.26152],[78.26031,12.27817],[78.26108,12.29178],[78.2364,12.30231],[78.23413,12.31258],[78.22554,12.31803],[78.23713,12.32239],[78.24863,12.31697],[78.25844,12.33836],[78.24928,12.34748],[78.24988,12.37093],[78.23579,12.37543],[78.23214,12.3922],[78.22687,12.39758],[78.24275,12.41724],[78.24498,12.41305],[78.26284,12.41462],[78.25977,12.42683],[78.25196,12.42888],[78.25606,12.4407],[78.24761,12.45338],[78.25992,12.46041],[78.26323,12.47035],[78.26017,12.48133],[78.24807,12.49268],[78.2619,12.52469],[78.25954,12.54346],[78.26427,12.54411],[78.28564,12.57222],[78.28254,12.58768],[78.28723,12.61538],[78.29106,12.64382],[78.30015,12.64943],[78.29829,12.65995],[78.30257,12.66632],[78.31834,12.66197],[78.33218,12.64931],[78.34356,12.64879],[78.37139,12.62715],[78.41257,12.6269]]]}},{"type":"Feature","properties":{"ac_no":53,"name":"Krishnagiri","district":"Krishnagiri","pc":"Krishnagiri"},"geometry":{"type":"Polygon","coordinates":[[[78.27383,12.61028],[78.28723,12.61538],[78.28254,12.58768],[78.28564,12.57222],[78.26427,12.54411],[78.25954,12.54346],[78.2619,12.52469],[78.24807,12.49268],[78.26017,12.48133],[78.26323,12.47035],[78.25992,12.46041],[78.24761,12.45338],[78.25606,12.4407],[78.25196,12.42888],[78.25977,12.42683],[78.26284,12.41462],[78.24498,12.41305],[78.24275,12.41724],[78.22687,12.39758],[78.23214,12.3922],[78.23579,12.37543],[78.24988,12.37093],[78.24928,12.34748],[78.25844,12.33836],[78.24863,12.31697],[78.23713,12.32239],[78.24128,12.33111],[78.23678,12.33605],[78.23903,12.34372],[78.2349,12.34464],[78.22457,12.34223],[78.20332,12.32767],[78.20134,12.33309],[78.18767,12.33533],[78.18652,12.33172],[78.17884,12.33572],[78.17606,12.33283],[78.16394,12.35079],[78.16573,12.36347],[78.143,12.37013],[78.12988,12.39356],[78.12798,12.41014],[78.13174,12.42486],[78.12618,12.43401],[78.10979,12.43812],[78.11669,12.44745],[78.11509,12.45076],[78.10654,12.45051],[78.09614,12.44276],[78.07983,12.44893],[78.07594,12.46064],[78.05813,12.46471],[78.04778,12.47517],[78.0513,12.50478],[78.06104,12.52024],[78.06253,12.5324],[78.07146,12.53448],[78.08182,12.55832],[78.09181,12.5601],[78.09868,12.57163],[78.0998,12.59144],[78.10719,12.59629],[78.11251,12.61131],[78.14141,12.59942],[78.1422,12.59349],[78.13582,12.59574],[78.13131,12.58817],[78.13285,12.58042],[78.13942,12.57612],[78.14523,12.57937],[78.16263,12.5745],[78.16554,12.57924],[78.17051,12.57853],[78.17033,12.57118],[78.17745,12.56282],[78.19582,12.56453],[78.20066,12.56864],[78.20499,12.57907],[78.19798,12.60491],[78.20424,12.61459],[78.21874,12.61285],[78.21648,12.60827],[78.22315,12.59929],[78.23964,12.58902],[78.24852,12.59935],[78.25125,12.593],[78.26281,12.59166],[78.26062,12.59644],[78.26702,12.61725],[78.27383,12.61028]]]}},{"type":"Feature","properties":{"ac_no":54,"name":"Veppanahalli","district":"Krishnagiri","pc":"Krishnagiri"},"geometry":{"type":"Polygon","coordinates":[[[78.08591,12.83212],[78.09013,12.81741],[78.12496,12.79823],[78.13421,12.78201],[78.16765,12.77013],[78.17738,12.77599],[78.19515,12.77389],[78.2307,12.76088],[78.24081,12.72958],[78.23115,12.71261],[78.2271,12.71488],[78.21805,12.70886],[78.20716,12.70823],[78.20992,12.70056],[78.19975,12.69283],[78.20985,12.69046],[78.21057,12.68613],[78.23769,12.68581],[78.23927,12.70106],[78.24454,12.70638],[78.27106,12.7051],[78.30257,12.66632],[78.29829,12.65995],[78.30015,12.64943],[78.29106,12.64382],[78.28723,12.61538],[78.27383,12.61028],[78.26702,12.61725],[78.26062,12.59644],[78.26281,12.59166],[78.25125,12.593],[78.24852,12.59935],[78.23964,12.58902],[78.22315,12.59929],[78.21648,12.60827],[78.21874,12.61285],[78.20424,12.61459],[78.19798,12.60491],[78.20499,12.57907],[78.20066,12.56864],[78.19582,12.56453],[78.17745,12.56282],[78.17033,12.57118],[78.17051,12.57853],[78.16554,12.57924],[78.16263,12.5745],[78.14523,12.57937],[78.13942,12.57612],[78.13285,12.58042],[78.13131,12.58817],[78.13582,12.59574],[78.1422,12.59349],[78.14141,12.59942],[78.11251,12.61131],[78.10719,12.59629],[78.0998,12.59144],[78.09868,12.57163],[78.09181,12.5601],[78.08182,12.55832],[78.07146,12.53448],[78.06253,12.5324],[78.06104,12.52024],[78.0513,12.50478],[78.04778,12.47517],[78.03997,12.47297],[78.03787,12.45426],[78.03199,12.44748],[78.01901,12.45908],[78.02176,12.4733],[78.01249,12.48978],[78.01553,12.50457],[77.99396,12.5006],[77.99197,12.5106],[77.98785,12.51248],[77.98234,12.50268],[77.95606,12.48303],[77.93893,12.51796],[77.91962,12.50526],[77.90868,12.51151],[77.89575,12.53257],[77.89859,12.55011],[77.8934,12.55999],[77.91262,12.57604],[77.91559,12.58643],[77.90519,12.60628],[77.89851,12.60382],[77.88522,12.60777],[77.86198,12.62182],[77.86231,12.63083],[77.87593,12.64571],[77.87175,12.65136],[77.87381,12.6612],[77.89836,12.67251],[77.90865,12.67182],[77.90888,12.69441],[77.8944,12.70264],[77.895,12.70684],[77.90186,12.71426],[77.91175,12.71047],[77.93183,12.76453],[77.93981,12.76404],[77.95601,12.75146],[77.99095,12.76219],[77.99493,12.77704],[77.99111,12.78807],[78.00232,12.79155],[78.00851,12.80669],[78.01528,12.81384],[78.00389,12.82565],[78.01827,12.83111],[78.01912,12.844],[78.0243,12.84179],[78.02896,12.84524],[78.02382,12.85322],[78.02638,12.85752],[78.03062,12.85807],[78.03094,12.85239],[78.04879,12.84903],[78.05256,12.85381],[78.05779,12.85216],[78.06018,12.84387],[78.07717,12.83889],[78.07382,12.83056],[78.08591,12.83212]]]}},{"type":"Feature","properties":{"ac_no":55,"name":"Hosur","district":"Krishnagiri","pc":"Krishnagiri"},"geometry":{"type":"Polygon","coordinates":[[[77.83564,12.87136],[77.85044,12.86586],[77.86674,12.86774],[77.89035,12.86975],[77.89466,12.87848],[77.90844,12.8789],[77.90864,12.88493],[77.92192,12.88421],[77.92937,12.89105],[77.93598,12.8835],[77.92734,12.88156],[77.92764,12.87435],[77.94157,12.87233],[77.94114,12.86787],[77.9234,12.85628],[77.91757,12.83889],[77.92082,12.82824],[77.92653,12.83026],[77.94102,12.82324],[77.94691,12.83827],[77.94075,12.84526],[77.94086,12.85471],[77.95063,12.85719],[77.953,12.85023],[77.96546,12.84857],[77.96408,12.83402],[77.9805,12.83528],[77.97928,12.82767],[77.98997,12.82177],[77.98843,12.8086],[78.00851,12.80669],[78.00232,12.79155],[77.99111,12.78807],[77.99493,12.77704],[77.99095,12.76219],[77.95601,12.75146],[77.93981,12.76404],[77.93183,12.76453],[77.91175,12.71047],[77.90186,12.71426],[77.895,12.70684],[77.8944,12.70264],[77.90888,12.69441],[77.90865,12.67182],[77.89836,12.67251],[77.87381,12.6612],[77.86018,12.66337],[77.85536,12.6758],[77.85144,12.67622],[77.83011,12.65174],[77.817,12.64961],[77.81666,12.64013],[77.80811,12.62982],[77.81705,12.6252],[77.8164,12.62095],[77.80065,12.60777],[77.79384,12.58652],[77.78803,12.59304],[77.7795,12.59416],[77.77658,12.58795],[77.76845,12.58824],[77.76129,12.57716],[77.75665,12.57988],[77.76198,12.59679],[77.76551,12.59455],[77.77266,12.6015],[77.75588,12.63772],[77.78134,12.65696],[77.77764,12.66959],[77.77047,12.67212],[77.7654,12.68036],[77.76514,12.69288],[77.75922,12.69708],[77.76371,12.69908],[77.76609,12.71332],[77.76953,12.7124],[77.77463,12.72393],[77.76119,12.72693],[77.76264,12.73517],[77.76995,12.74001],[77.78491,12.74113],[77.79183,12.74704],[77.79465,12.75809],[77.77884,12.76787],[77.7982,12.79566],[77.80839,12.7967],[77.79964,12.80536],[77.80194,12.81727],[77.80966,12.8156],[77.80981,12.83152],[77.79557,12.83482],[77.79216,12.84313],[77.79711,12.84513],[77.7988,12.85197],[77.80771,12.84766],[77.8151,12.85572],[77.8223,12.85586],[77.83564,12.87136]]]}},{"type":"Feature","properties":{"ac_no":56,"name":"Thalli","district":"Krishnagiri","pc":"Krishnagiri"},"geometry":{"type":"Polygon","coordinates":[[[77.75922,12.69708],[77.76514,12.69288],[77.7654,12.68036],[77.77047,12.67212],[77.77764,12.66959],[77.78134,12.65696],[77.75588,12.63772],[77.77266,12.6015],[77.76551,12.59455],[77.76198,12.59679],[77.75665,12.57988],[77.76129,12.57716],[77.76845,12.58824],[77.77658,12.58795],[77.7795,12.59416],[77.78803,12.59304],[77.79384,12.58652],[77.80065,12.60777],[77.8164,12.62095],[77.81705,12.6252],[77.80811,12.62982],[77.81666,12.64013],[77.817,12.64961],[77.83011,12.65174],[77.85144,12.67622],[77.85536,12.6758],[77.86018,12.66337],[77.87381,12.6612],[77.87175,12.65136],[77.87593,12.64571],[77.86231,12.63083],[77.86198,12.62182],[77.88522,12.60777],[77.89851,12.60382],[77.90519,12.60628],[77.91559,12.58643],[77.91262,12.57604],[77.8934,12.55999],[77.89859,12.55011],[77.89575,12.53257],[77.90868,12.51151],[77.89147,12.49918],[77.89575,12.49319],[77.91894,12.4935],[77.93038,12.47459],[77.9276,12.45328],[77.9466,12.44848],[77.9716,12.41242],[77.96975,12.39723],[77.94961,12.37391],[77.95542,12.35463],[77.94981,12.34489],[77.95148,12.33711],[77.92538,12.32387],[77.87806,12.33475],[77.86911,12.32852],[77.87535,12.32458],[77.87518,12.29448],[77.86731,12.26594],[77.85927,12.25757],[77.84691,12.26358],[77.83354,12.24489],[77.81492,12.2341],[77.80975,12.19863],[77.79473,12.16554],[77.79542,12.14755],[77.77789,12.15869],[77.77499,12.17034],[77.76104,12.16821],[77.74614,12.1574],[77.73128,12.18017],[77.70225,12.18422],[77.65885,12.19936],[77.6376,12.19678],[77.62982,12.20232],[77.62094,12.19997],[77.60929,12.20623],[77.59671,12.19936],[77.57383,12.20098],[77.56577,12.19642],[77.54624,12.20475],[77.51866,12.19457],[77.49269,12.1974],[77.48642,12.20387],[77.47202,12.20796],[77.4826,12.2295],[77.47336,12.24308],[77.47893,12.27121],[77.48705,12.27981],[77.49996,12.28263],[77.51417,12.27545],[77.52721,12.27884],[77.53282,12.29152],[77.55132,12.29127],[77.55789,12.3058],[77.56599,12.30631],[77.57856,12.33574],[77.59152,12.34021],[77.60082,12.35851],[77.613,12.3612],[77.61679,12.36828],[77.62331,12.41234],[77.6296,12.4184],[77.62606,12.43083],[77.62716,12.45851],[77.63478,12.4869],[77.62607,12.49636],[77.60741,12.47518],[77.58366,12.47885],[77.61481,12.50448],[77.61616,12.50987],[77.61236,12.51496],[77.58729,12.51521],[77.58642,12.54578],[77.5813,12.55088],[77.57926,12.57315],[77.5914,12.59229],[77.59095,12.61545],[77.6058,12.62918],[77.59631,12.64938],[77.59699,12.65808],[77.59858,12.66757],[77.65945,12.68415],[77.67687,12.67944],[77.67812,12.6607],[77.70137,12.66105],[77.71076,12.667],[77.71159,12.68304],[77.72273,12.67952],[77.72499,12.67121],[77.74041,12.67357],[77.74135,12.68448],[77.73538,12.69327],[77.74,12.70098],[77.75922,12.69708]]]}},{"type":"Feature","properties":{"ac_no":57,"name":"Palacodu","district":"Dharmapuri","pc":"Dharmapuri"},"geometry":{"type":"Polygon","coordinates":[[[77.93893,12.51796],[77.95606,12.48303],[77.98234,12.50268],[77.98785,12.51248],[77.99197,12.5106],[77.99396,12.5006],[78.01553,12.50457],[78.01249,12.48978],[78.02176,12.4733],[78.01901,12.45908],[78.03199,12.44748],[78.03787,12.45426],[78.03997,12.47297],[78.04778,12.47517],[78.05813,12.46471],[78.07594,12.46064],[78.07983,12.44893],[78.09614,12.44276],[78.10654,12.45051],[78.11509,12.45076],[78.11669,12.44745],[78.10979,12.43812],[78.12618,12.43401],[78.13174,12.42486],[78.12798,12.41014],[78.12988,12.39356],[78.143,12.37013],[78.16573,12.36347],[78.16394,12.35079],[78.17606,12.33283],[78.17884,12.33572],[78.18652,12.33172],[78.18767,12.33533],[78.20134,12.33309],[78.20332,12.32767],[78.22457,12.34223],[78.2349,12.34464],[78.23903,12.34372],[78.23678,12.33605],[78.24128,12.33111],[78.23713,12.32239],[78.22554,12.31803],[78.23413,12.31258],[78.2364,12.30231],[78.26108,12.29178],[78.26031,12.27817],[78.26811,12.26152],[78.27642,12.26147],[78.27048,12.25028],[78.26193,12.24533],[78.25348,12.22555],[78.24754,12.22705],[78.23579,12.21801],[78.2232,12.21718],[78.20287,12.20105],[78.20207,12.20739],[78.19068,12.20333],[78.18113,12.20718],[78.1694,12.19985],[78.17084,12.19328],[78.15082,12.19209],[78.14533,12.18665],[78.14037,12.20166],[78.14326,12.21203],[78.13986,12.22937],[78.13039,12.23761],[78.13328,12.24121],[78.13029,12.24489],[78.12502,12.24429],[78.11606,12.23071],[78.0986,12.24943],[78.09244,12.2468],[78.09355,12.23912],[78.08973,12.23718],[78.08991,12.24225],[78.08351,12.24531],[78.07899,12.23974],[78.07449,12.24071],[78.07201,12.26811],[78.05042,12.27554],[78.02058,12.26986],[77.99878,12.25994],[77.97825,12.25862],[77.97441,12.26352],[77.95807,12.26923],[77.95318,12.28101],[77.92764,12.30919],[77.92538,12.32387],[77.95148,12.33711],[77.94981,12.34489],[77.95542,12.35463],[77.94961,12.37391],[77.96975,12.39723],[77.9716,12.41242],[77.9466,12.44848],[77.9276,12.45328],[77.93038,12.47459],[77.91894,12.4935],[77.89575,12.49319],[77.89147,12.49918],[77.90868,12.51151],[77.91962,12.50526],[77.93893,12.51796]]]}},{"type":"Feature","properties":{"ac_no":58,"name":"Pennagaram","district":"Dharmapuri","pc":"Dharmapuri"},"geometry":{"type":"Polygon","coordinates":[[[77.97441,12.26352],[77.97825,12.25862],[77.99878,12.25994],[78.02058,12.26986],[78.05042,12.27554],[78.07201,12.26811],[78.07449,12.24071],[78.07899,12.23974],[78.08351,12.24531],[78.08991,12.24225],[78.08973,12.23718],[78.09355,12.23912],[78.09244,12.2468],[78.0986,12.24943],[78.11606,12.23071],[78.12502,12.24429],[78.13029,12.24489],[78.13328,12.24121],[78.13039,12.23761],[78.13986,12.22937],[78.14326,12.21203],[78.14037,12.20166],[78.14533,12.18665],[78.13911,12.18177],[78.11348,12.17831],[78.09495,12.19375],[78.07303,12.18672],[78.06379,12.19285],[78.05519,12.18208],[78.04925,12.18479],[78.03926,12.18071],[78.01915,12.1575],[78.01247,12.13712],[77.98509,12.13272],[77.97148,12.13684],[77.95235,12.12416],[77.95673,12.1007],[77.95072,12.08879],[77.93818,12.08778],[77.93646,12.09564],[77.9277,12.08312],[77.92915,12.07914],[77.95316,12.07668],[77.9756,12.05521],[77.98702,12.06229],[78.00568,12.06333],[78.012,12.07038],[78.03945,12.05299],[78.00956,12.01523],[78.00134,12.01946],[78.00099,12.02441],[77.99256,12.01958],[77.9876,12.02148],[77.9872,12.01724],[77.98197,12.01878],[77.96488,11.99048],[77.96958,11.98162],[77.95926,11.97474],[77.95795,11.97959],[77.954,11.97907],[77.95485,11.97363],[77.96568,11.96775],[77.96416,11.96414],[77.94798,11.96628],[77.93705,11.95297],[77.92912,11.90771],[77.93446,11.90034],[77.9051,11.90041],[77.89514,11.9078],[77.88283,11.9123],[77.8734,11.9108],[77.86726,11.91593],[77.85007,11.90505],[77.84756,11.8946],[77.80742,11.9092],[77.76237,11.91009],[77.75054,11.9281],[77.74037,11.93165],[77.73757,11.94023],[77.69125,11.94191],[77.67565,11.95204],[77.6747,11.96604],[77.70888,12.03611],[77.72751,12.06213],[77.75566,12.0798],[77.76773,12.1067],[77.77636,12.11234],[77.77377,12.12058],[77.75087,12.13707],[77.74614,12.1574],[77.76104,12.16821],[77.77499,12.17034],[77.77789,12.15869],[77.79542,12.14755],[77.79473,12.16554],[77.80975,12.19863],[77.81492,12.2341],[77.83354,12.24489],[77.84691,12.26358],[77.85927,12.25757],[77.86731,12.26594],[77.87518,12.29448],[77.87535,12.32458],[77.86911,12.32852],[77.87806,12.33475],[77.92538,12.32387],[77.92764,12.30919],[77.95318,12.28101],[77.95807,12.26923],[77.97441,12.26352]]]}},{"type":"Feature","properties":{"ac_no":59,"name":"Dharmapuri","district":"Dharmapuri","pc":"Dharmapuri"},"geometry":{"type":"Polygon","coordinates":[[[78.11348,12.17831],[78.10391,12.15167],[78.11347,12.13138],[78.12106,12.12543],[78.13248,12.12414],[78.14401,12.1419],[78.15569,12.14181],[78.15839,12.14972],[78.16907,12.14293],[78.17752,12.1522],[78.20924,12.13536],[78.2058,12.12247],[78.19844,12.12328],[78.19577,12.12853],[78.1917,12.12082],[78.17189,12.12686],[78.16093,12.10364],[78.14825,12.10142],[78.14674,12.0891],[78.15751,12.08619],[78.1693,12.05562],[78.17471,12.05932],[78.18853,12.05443],[78.18127,12.04554],[78.18297,12.04122],[78.19222,12.04061],[78.19224,12.03717],[78.17301,12.02853],[78.15934,12.03294],[78.14076,12.00479],[78.15328,11.98798],[78.12675,11.98674],[78.11534,11.97286],[78.11869,11.95986],[78.10056,11.9556],[78.07379,11.93708],[78.06124,11.93793],[78.03474,11.93497],[78.02689,11.92093],[78.01102,11.92155],[77.99815,11.90926],[77.97984,11.90271],[77.97805,11.89664],[77.9556,11.90095],[77.94809,11.89492],[77.93446,11.90034],[77.92912,11.90771],[77.93705,11.95297],[77.94798,11.96628],[77.96416,11.96414],[77.96568,11.96775],[77.95485,11.97363],[77.954,11.97907],[77.95795,11.97959],[77.95926,11.97474],[77.96958,11.98162],[77.96488,11.99048],[77.98197,12.01878],[77.9872,12.01724],[77.9876,12.02148],[77.99256,12.01958],[78.00099,12.02441],[78.00134,12.01946],[78.00956,12.01523],[78.03945,12.05299],[78.012,12.07038],[78.00568,12.06333],[77.98702,12.06229],[77.9756,12.05521],[77.95316,12.07668],[77.92915,12.07914],[77.9277,12.08312],[77.93646,12.09564],[77.93818,12.08778],[77.95072,12.08879],[77.95673,12.1007],[77.95235,12.12416],[77.97148,12.13684],[77.98509,12.13272],[78.01247,12.13712],[78.01915,12.1575],[78.03926,12.18071],[78.04925,12.18479],[78.05519,12.18208],[78.06379,12.19285],[78.07303,12.18672],[78.09495,12.19375],[78.11348,12.17831]]]}},{"type":"Feature","properties":{"ac_no":60,"name":"Pappireddippatti","district":"Dharmapuri","pc":"Dharmapuri"},"geometry":{"type":"Polygon","coordinates":[[[78.25348,12.22555],[78.26897,12.22415],[78.27905,12.21718],[78.27666,12.20491],[78.28184,12.20353],[78.28074,12.19531],[78.26945,12.17851],[78.27524,12.16578],[78.28741,12.16167],[78.29088,12.1557],[78.28687,12.14808],[78.29403,12.1413],[78.31974,12.1395],[78.3184,12.11922],[78.32485,12.11439],[78.32196,12.10925],[78.33083,12.1087],[78.35123,12.12257],[78.3694,12.11475],[78.36134,12.10958],[78.3557,12.09346],[78.36131,12.08878],[78.3675,12.09435],[78.37267,12.09194],[78.37464,12.08405],[78.391,12.0836],[78.38501,12.06168],[78.39492,12.04647],[78.40562,12.05941],[78.42212,12.06332],[78.4307,12.07195],[78.44322,12.06548],[78.44497,12.0587],[78.43572,12.04859],[78.43129,12.0291],[78.44326,12.02752],[78.44824,12.02254],[78.44083,12.01999],[78.44041,12.00657],[78.42355,12.00086],[78.42091,11.98746],[78.43086,11.98076],[78.44577,11.98901],[78.44822,11.98189],[78.46223,11.97559],[78.46646,11.96669],[78.47151,11.97417],[78.48194,11.9616],[78.47773,11.95036],[78.46232,11.93496],[78.45051,11.94386],[78.42034,11.89992],[78.4071,11.90187],[78.38703,11.88958],[78.3676,11.88875],[78.3534,11.89362],[78.36051,11.90835],[78.3572,11.91353],[78.3401,11.89668],[78.33519,11.90048],[78.30814,11.88147],[78.32659,11.89877],[78.32335,11.9043],[78.33159,11.91935],[78.32869,11.9264],[78.31907,11.93204],[78.29203,11.91388],[78.29269,11.90618],[78.27238,11.89745],[78.26925,11.89895],[78.27981,11.91306],[78.27984,11.92318],[78.28835,11.92402],[78.29307,11.92901],[78.29017,11.93173],[78.27667,11.93146],[78.25969,11.91109],[78.26338,11.92751],[78.27332,11.93867],[78.25616,11.93989],[78.25483,11.93359],[78.23592,11.91822],[78.2496,11.93766],[78.25207,11.9496],[78.24493,11.96862],[78.235,11.97896],[78.14044,11.96664],[78.11869,11.95986],[78.11534,11.97286],[78.12675,11.98674],[78.15328,11.98798],[78.14076,12.00479],[78.15934,12.03294],[78.17301,12.02853],[78.19224,12.03717],[78.19222,12.04061],[78.18297,12.04122],[78.18127,12.04554],[78.18853,12.05443],[78.17471,12.05932],[78.1693,12.05562],[78.15751,12.08619],[78.14674,12.0891],[78.14825,12.10142],[78.16093,12.10364],[78.17189,12.12686],[78.1917,12.12082],[78.19577,12.12853],[78.19844,12.12328],[78.2058,12.12247],[78.20924,12.13536],[78.17752,12.1522],[78.16907,12.14293],[78.15839,12.14972],[78.15569,12.14181],[78.14401,12.1419],[78.13248,12.12414],[78.12106,12.12543],[78.11347,12.13138],[78.10391,12.15167],[78.11348,12.17831],[78.13911,12.18177],[78.14533,12.18665],[78.15082,12.19209],[78.17084,12.19328],[78.1694,12.19985],[78.18113,12.20718],[78.19068,12.20333],[78.20207,12.20739],[78.20287,12.20105],[78.2232,12.21718],[78.23579,12.21801],[78.24754,12.22705],[78.25348,12.22555]]]}},{"type":"Feature","properties":{"ac_no":61,"name":"Harur (SC)","district":"Dharmapuri","pc":"Dharmapuri"},"geometry":{"type":"Polygon","coordinates":[[[78.34887,12.25044],[78.35827,12.23543],[78.35463,12.22559],[78.36318,12.22227],[78.36944,12.22638],[78.37879,12.22173],[78.38351,12.22902],[78.40262,12.22337],[78.39245,12.20626],[78.37859,12.20609],[78.37493,12.19464],[78.38223,12.19444],[78.39077,12.18558],[78.39774,12.19073],[78.39938,12.18599],[78.41161,12.19578],[78.41973,12.19085],[78.44349,12.19123],[78.44672,12.18383],[78.47352,12.17164],[78.46645,12.15075],[78.49123,12.14117],[78.50671,12.14424],[78.51541,12.17781],[78.55371,12.18047],[78.57273,12.19412],[78.5843,12.16431],[78.59634,12.16805],[78.61329,12.1837],[78.63336,12.17728],[78.6475,12.16256],[78.64197,12.14986],[78.63591,12.14718],[78.63142,12.12797],[78.64894,12.1293],[78.65699,12.12502],[78.66452,12.11493],[78.66111,12.10226],[78.68421,12.1063],[78.69073,12.1152],[78.72844,12.1273],[78.73785,12.13407],[78.74542,12.12382],[78.73403,12.11353],[78.73625,12.11133],[78.72753,12.1002],[78.72035,12.06851],[78.70365,12.02941],[78.70165,11.9991],[78.69733,11.99215],[78.70266,11.98659],[78.71691,11.98357],[78.71024,11.96742],[78.71273,11.9508],[78.70866,11.9515],[78.70422,11.93934],[78.7239,11.91966],[78.71112,11.90818],[78.70835,11.89749],[78.69378,11.89411],[78.6901,11.90413],[78.6597,11.89514],[78.65167,11.88461],[78.63448,11.88898],[78.63395,11.87514],[78.62744,11.87171],[78.60761,11.84835],[78.59728,11.82388],[78.5726,11.8198],[78.54006,11.80543],[78.5222,11.81548],[78.51249,11.81155],[78.47377,11.81767],[78.46883,11.82375],[78.44898,11.83013],[78.44057,11.84004],[78.43279,11.86236],[78.44126,11.86879],[78.41426,11.88016],[78.40291,11.87365],[78.3819,11.82822],[78.35166,11.79319],[78.34597,11.79322],[78.3293,11.77623],[78.32221,11.778],[78.31294,11.78305],[78.32862,11.79704],[78.35077,11.83378],[78.34673,11.83975],[78.35144,11.84548],[78.34785,11.84823],[78.35133,11.8483],[78.35559,11.8644],[78.3672,11.87963],[78.3676,11.88875],[78.38703,11.88958],[78.4071,11.90187],[78.42034,11.89992],[78.45051,11.94386],[78.46232,11.93496],[78.47773,11.95036],[78.48194,11.9616],[78.47151,11.97417],[78.46646,11.96669],[78.46223,11.97559],[78.44822,11.98189],[78.44577,11.98901],[78.43086,11.98076],[78.42091,11.98746],[78.42355,12.00086],[78.44041,12.00657],[78.44083,12.01999],[78.44824,12.02254],[78.44326,12.02752],[78.43129,12.0291],[78.43572,12.04859],[78.44497,12.0587],[78.44322,12.06548],[78.4307,12.07195],[78.42212,12.06332],[78.40562,12.05941],[78.39492,12.04647],[78.38501,12.06168],[78.391,12.0836],[78.37464,12.08405],[78.37267,12.09194],[78.3675,12.09435],[78.36131,12.08878],[78.3557,12.09346],[78.36134,12.10958],[78.3694,12.11475],[78.35123,12.12257],[78.33083,12.1087],[78.32196,12.10925],[78.32485,12.11439],[78.3184,12.11922],[78.31974,12.1395],[78.29403,12.1413],[78.28687,12.14808],[78.29088,12.1557],[78.28741,12.16167],[78.27524,12.16578],[78.26945,12.17851],[78.28074,12.19531],[78.28184,12.20353],[78.27666,12.20491],[78.27905,12.21718],[78.26897,12.22415],[78.25348,12.22555],[78.26193,12.24533],[78.27048,12.25028],[78.27642,12.26147],[78.29986,12.27353],[78.31962,12.25938],[78.32959,12.2654],[78.34887,12.25044]]]}},{"type":"Feature","properties":{"ac_no":62,"name":"Chengam (SC)","district":"Tiruvannamalai","pc":"Tiruvannamalai"},"geometry":{"type":"Polygon","coordinates":[[[78.83661,12.58163],[78.84951,12.57939],[78.86147,12.58515],[78.87181,12.58252],[78.89589,12.5555],[78.89248,12.53508],[78.89654,12.52024],[78.88194,12.50298],[78.87472,12.4694],[78.89402,12.44062],[78.87609,12.4234],[78.89407,12.39667],[78.89537,12.3773],[78.87712,12.36653],[78.86729,12.37294],[78.86748,12.35838],[78.85117,12.34652],[78.84923,12.33112],[78.83395,12.32663],[78.83303,12.30785],[78.83996,12.3033],[78.8362,12.2907],[78.83982,12.2853],[78.8584,12.27851],[78.87299,12.27926],[78.87425,12.26671],[78.89127,12.27979],[78.90065,12.26852],[78.91411,12.27587],[78.93189,12.27013],[78.94356,12.28675],[78.9458,12.2811],[78.95626,12.28298],[78.96393,12.27539],[78.97652,12.27326],[79.00996,12.28311],[79.02227,12.27595],[79.02331,12.27026],[78.99608,12.24595],[79.00717,12.23653],[78.99879,12.23457],[78.99681,12.22904],[78.9988,12.22414],[79.0071,12.22418],[79.00803,12.2094],[78.99553,12.20816],[78.99402,12.20328],[78.98056,12.20611],[78.97732,12.20261],[78.96992,12.2135],[78.98283,12.23889],[78.97656,12.24522],[78.96113,12.24699],[78.95914,12.22426],[78.94902,12.21324],[78.96901,12.19795],[78.97729,12.18298],[78.97435,12.177],[78.96623,12.18149],[78.95681,12.17898],[78.95375,12.14948],[78.96132,12.13021],[78.96099,12.11391],[78.96629,12.11309],[78.97206,12.14075],[78.98421,12.14735],[78.99169,12.13704],[78.98438,12.12858],[78.98815,12.1209],[78.98369,12.09982],[79.00479,12.08887],[78.9957,12.0675],[78.98856,12.05501],[78.98025,12.06576],[78.9637,12.06466],[78.95797,12.06835],[78.9147,12.01462],[78.8968,12.01774],[78.87949,12.02683],[78.85592,12.01274],[78.83007,12.00775],[78.81614,12.00988],[78.80417,12.01948],[78.77572,12.00704],[78.75735,12.01162],[78.74579,11.99724],[78.73732,11.9935],[78.7375,11.98735],[78.71795,11.98819],[78.71691,11.98357],[78.70266,11.98659],[78.69733,11.99215],[78.70165,11.9991],[78.70365,12.02941],[78.72035,12.06851],[78.72753,12.1002],[78.73625,12.11133],[78.73403,12.11353],[78.74542,12.12382],[78.73785,12.13407],[78.72844,12.1273],[78.69073,12.1152],[78.68421,12.1063],[78.66111,12.10226],[78.66452,12.11493],[78.65699,12.12502],[78.64894,12.1293],[78.63142,12.12797],[78.63591,12.14718],[78.64197,12.14986],[78.6475,12.16256],[78.63336,12.17728],[78.64399,12.20526],[78.6568,12.19775],[78.66668,12.20772],[78.67131,12.22043],[78.66452,12.23403],[78.65055,12.24053],[78.65277,12.2521],[78.64807,12.25831],[78.6784,12.27185],[78.6939,12.29411],[78.70346,12.29609],[78.70997,12.30419],[78.72864,12.35916],[78.72914,12.37389],[78.74287,12.37795],[78.75095,12.38532],[78.76867,12.42253],[78.76877,12.4375],[78.75852,12.44279],[78.77246,12.4609],[78.77752,12.45985],[78.77584,12.48361],[78.79051,12.49908],[78.79651,12.49714],[78.8059,12.50987],[78.82084,12.5367],[78.83661,12.58163]]]}},{"type":"Feature","properties":{"ac_no":63,"name":"Tiruvannamalai","district":"Tiruvannamalai","pc":"Tiruvannamalai"},"geometry":{"type":"Polygon","coordinates":[[[79.04123,12.30259],[79.05467,12.28026],[79.07201,12.28037],[79.07302,12.29018],[79.08077,12.2888],[79.08755,12.28119],[79.08866,12.28621],[79.09484,12.28801],[79.11444,12.28046],[79.11209,12.27063],[79.13023,12.25747],[79.12757,12.24313],[79.13561,12.23748],[79.13424,12.22993],[79.12783,12.23025],[79.12646,12.22669],[79.13009,12.2177],[79.14578,12.21276],[79.13978,12.20802],[79.13183,12.21079],[79.13651,12.20077],[79.12661,12.19986],[79.1231,12.19737],[79.12451,12.19147],[79.11546,12.19036],[79.12447,12.18759],[79.12302,12.18144],[79.12791,12.17819],[79.1231,12.17806],[79.12334,12.17457],[79.12635,12.17521],[79.12892,12.1671],[79.14202,12.16443],[79.13706,12.15498],[79.12908,12.15742],[79.13239,12.14202],[79.12774,12.13979],[79.12948,12.13223],[79.12575,12.13577],[79.11286,12.13344],[79.1087,12.11801],[79.09308,12.12492],[79.08704,12.10635],[79.101,12.09808],[79.09061,12.07812],[79.08508,12.08134],[79.07868,12.07103],[79.06262,12.06965],[79.06073,12.06036],[79.06834,12.05239],[79.06015,12.05227],[79.05235,12.0363],[79.02237,12.04955],[79.0215,12.05732],[79.03128,12.06394],[78.9957,12.0675],[79.00479,12.08887],[78.98369,12.09982],[78.98815,12.1209],[78.98438,12.12858],[78.99169,12.13704],[78.98421,12.14735],[78.97206,12.14075],[78.96629,12.11309],[78.96099,12.11391],[78.96132,12.13021],[78.95375,12.14948],[78.95681,12.17898],[78.96623,12.18149],[78.97435,12.177],[78.97729,12.18298],[78.96901,12.19795],[78.94902,12.21324],[78.95914,12.22426],[78.96113,12.24699],[78.97656,12.24522],[78.98283,12.23889],[78.96992,12.2135],[78.97732,12.20261],[78.98056,12.20611],[78.99402,12.20328],[78.99553,12.20816],[79.00803,12.2094],[79.0071,12.22418],[78.9988,12.22414],[78.99681,12.22904],[78.99879,12.23457],[79.00717,12.23653],[78.99608,12.24595],[79.02331,12.27026],[79.02227,12.27595],[79.00996,12.28311],[79.01666,12.29247],[79.02926,12.29363],[79.04123,12.30259]]]}},{"type":"Feature","properties":{"ac_no":64,"name":"Kilpennathur","district":"Tiruvannamalai","pc":"Tiruvannamalai"},"geometry":{"type":"Polygon","coordinates":[[[79.20011,12.38691],[79.21657,12.40122],[79.22692,12.40231],[79.24232,12.39726],[79.24822,12.38393],[79.2437,12.37292],[79.23674,12.3684],[79.22723,12.37269],[79.22456,12.36777],[79.23237,12.36186],[79.23888,12.34633],[79.22716,12.34244],[79.22125,12.34956],[79.19798,12.34296],[79.21691,12.33941],[79.22087,12.33252],[79.23429,12.32996],[79.23404,12.31568],[79.2464,12.31632],[79.25148,12.32322],[79.28918,12.31806],[79.28506,12.30638],[79.27347,12.3053],[79.27957,12.29171],[79.26739,12.28854],[79.2607,12.2767],[79.24375,12.27249],[79.24076,12.24843],[79.24787,12.2406],[79.22503,12.22127],[79.23716,12.21713],[79.23579,12.2115],[79.21869,12.215],[79.21552,12.21152],[79.23338,12.19802],[79.23102,12.18974],[79.23471,12.1835],[79.22297,12.18357],[79.2181,12.19779],[79.20922,12.18694],[79.21448,12.18378],[79.21108,12.16571],[79.23771,12.15413],[79.23634,12.14991],[79.24579,12.14672],[79.24933,12.13959],[79.25868,12.13524],[79.25861,12.13014],[79.27704,12.12538],[79.27753,12.10708],[79.27007,12.10376],[79.26011,12.08254],[79.2487,12.07868],[79.24298,12.08124],[79.2381,12.07721],[79.24023,12.07161],[79.23398,12.05999],[79.21523,12.06465],[79.20944,12.07175],[79.2008,12.07062],[79.1898,12.04855],[79.17636,12.04744],[79.17273,12.0304],[79.14713,12.04434],[79.13924,12.03854],[79.13569,12.02573],[79.12507,12.01883],[79.11224,12.0265],[79.10658,12.01967],[79.09542,12.02474],[79.09297,12.03083],[79.07882,12.03153],[79.0808,12.03899],[79.07655,12.04432],[79.08004,12.04727],[79.08757,12.04252],[79.0981,12.06602],[79.09061,12.07812],[79.101,12.09808],[79.08704,12.10635],[79.09308,12.12492],[79.1087,12.11801],[79.11286,12.13344],[79.12575,12.13577],[79.12948,12.13223],[79.12774,12.13979],[79.13239,12.14202],[79.12908,12.15742],[79.13706,12.15498],[79.14202,12.16443],[79.12892,12.1671],[79.12635,12.17521],[79.12334,12.17457],[79.1231,12.17806],[79.12791,12.17819],[79.12302,12.18144],[79.12447,12.18759],[79.11546,12.19036],[79.12451,12.19147],[79.1231,12.19737],[79.12661,12.19986],[79.13651,12.20077],[79.13183,12.21079],[79.13978,12.20802],[79.14578,12.21276],[79.13009,12.2177],[79.12646,12.22669],[79.12783,12.23025],[79.13424,12.22993],[79.13561,12.23748],[79.12757,12.24313],[79.13023,12.25747],[79.11209,12.27063],[79.11444,12.28046],[79.09484,12.28801],[79.08866,12.28621],[79.08755,12.28119],[79.08077,12.2888],[79.07302,12.29018],[79.07201,12.28037],[79.05467,12.28026],[79.04123,12.30259],[79.0427,12.31052],[79.02641,12.33745],[79.03,12.33971],[79.02729,12.34644],[79.03179,12.34646],[79.03262,12.36088],[79.01687,12.38881],[79.00965,12.39065],[79.00733,12.41499],[79.03566,12.41901],[79.02904,12.39586],[79.04471,12.39673],[79.04623,12.41263],[79.05602,12.41226],[79.05845,12.42183],[79.0788,12.42278],[79.08704,12.40903],[79.09365,12.41091],[79.1215,12.40084],[79.11906,12.42502],[79.12202,12.43304],[79.13641,12.43524],[79.1435,12.41724],[79.13856,12.40352],[79.17438,12.41141],[79.17688,12.38166],[79.19194,12.38134],[79.20011,12.38691]]]}},{"type":"Feature","properties":{"ac_no":65,"name":"Kalasapakkam","district":"Tiruvannamalai","pc":"Tiruvannamalai"},"geometry":{"type":"Polygon","coordinates":[[[79.09352,12.75793],[79.10963,12.7591],[79.11133,12.74502],[79.11933,12.74407],[79.12706,12.73726],[79.12905,12.72882],[79.14257,12.72362],[79.14181,12.6974],[79.13289,12.68711],[79.13069,12.67727],[79.16173,12.6806],[79.14229,12.67176],[79.13316,12.65921],[79.13385,12.65548],[79.13939,12.65586],[79.13833,12.65212],[79.13002,12.64884],[79.14364,12.63534],[79.15103,12.64461],[79.1575,12.64434],[79.16134,12.63356],[79.15928,12.62506],[79.14492,12.62201],[79.14313,12.62523],[79.13003,12.6249],[79.1277,12.61992],[79.08174,12.60548],[79.08789,12.59361],[79.09973,12.59364],[79.10697,12.58713],[79.10411,12.57655],[79.09292,12.56391],[79.09437,12.55324],[79.07967,12.54752],[79.07256,12.55374],[79.0658,12.55296],[79.05309,12.5501],[79.04269,12.54117],[79.03264,12.543],[79.0422,12.53564],[79.05244,12.53754],[79.06018,12.52082],[79.05932,12.50448],[79.04414,12.47808],[79.0782,12.47799],[79.09144,12.46712],[79.1086,12.46424],[79.1079,12.45297],[79.11283,12.4502],[79.12057,12.47383],[79.13036,12.47971],[79.1361,12.47596],[79.1358,12.46496],[79.14097,12.45745],[79.16889,12.43931],[79.17537,12.42743],[79.19641,12.4355],[79.1977,12.41821],[79.19419,12.41202],[79.18445,12.41375],[79.1807,12.40033],[79.20011,12.38691],[79.19194,12.38134],[79.17688,12.38166],[79.17438,12.41141],[79.13856,12.40352],[79.1435,12.41724],[79.13641,12.43524],[79.12202,12.43304],[79.11906,12.42502],[79.1215,12.40084],[79.09365,12.41091],[79.08704,12.40903],[79.0788,12.42278],[79.05845,12.42183],[79.05602,12.41226],[79.04623,12.41263],[79.04471,12.39673],[79.02904,12.39586],[79.03566,12.41901],[79.00733,12.41499],[79.00965,12.39065],[79.01687,12.38881],[79.03262,12.36088],[79.03179,12.34646],[79.02729,12.34644],[79.03,12.33971],[79.02641,12.33745],[79.0427,12.31052],[79.04123,12.30259],[79.02926,12.29363],[79.01666,12.29247],[79.00996,12.28311],[78.97652,12.27326],[78.96393,12.27539],[78.95626,12.28298],[78.9458,12.2811],[78.94356,12.28675],[78.93189,12.27013],[78.91411,12.27587],[78.90065,12.26852],[78.89127,12.27979],[78.87425,12.26671],[78.87299,12.27926],[78.8584,12.27851],[78.83982,12.2853],[78.8362,12.2907],[78.83996,12.3033],[78.83303,12.30785],[78.83395,12.32663],[78.84923,12.33112],[78.85117,12.34652],[78.86748,12.35838],[78.86729,12.37294],[78.87712,12.36653],[78.89537,12.3773],[78.89407,12.39667],[78.87609,12.4234],[78.89402,12.44062],[78.87472,12.4694],[78.88194,12.50298],[78.89654,12.52024],[78.89248,12.53508],[78.89589,12.5555],[78.87181,12.58252],[78.86147,12.58515],[78.84951,12.57939],[78.83661,12.58163],[78.85849,12.63335],[78.86572,12.6317],[78.87615,12.65388],[78.88191,12.65633],[78.89598,12.68914],[78.89723,12.67918],[78.91182,12.68735],[78.92753,12.67592],[78.94418,12.68064],[78.9433,12.68529],[78.94991,12.68645],[78.9479,12.6799],[78.97146,12.67142],[78.97145,12.66691],[78.98102,12.67375],[78.979,12.68015],[78.98405,12.68392],[78.98689,12.69706],[78.99398,12.69718],[78.99432,12.70584],[79.00663,12.70391],[79.02399,12.69306],[79.00899,12.65838],[79.01282,12.65776],[79.01394,12.66618],[79.02668,12.67909],[79.02437,12.68776],[79.02953,12.687],[79.04154,12.71123],[79.05061,12.71733],[79.05763,12.71672],[79.05665,12.73031],[79.06388,12.73864],[79.05798,12.73556],[79.07212,12.7552],[79.08128,12.74981],[79.09352,12.75793]]]}},{"type":"Feature","properties":{"ac_no":66,"name":"Polur","district":"Tiruvannamalai","pc":"Arani"},"geometry":{"type":"Polygon","coordinates":[[[79.16173,12.6806],[79.16622,12.67503],[79.16165,12.66781],[79.16691,12.66805],[79.18954,12.67676],[79.18932,12.68509],[79.20068,12.68701],[79.20692,12.6933],[79.21746,12.68468],[79.20864,12.67502],[79.19684,12.67373],[79.19016,12.66328],[79.21001,12.66547],[79.21204,12.66255],[79.20615,12.65633],[79.22249,12.65662],[79.24147,12.64752],[79.2435,12.643],[79.22642,12.6225],[79.23654,12.60691],[79.23592,12.59896],[79.24378,12.59513],[79.25013,12.57287],[79.25926,12.55856],[79.28374,12.55872],[79.29078,12.55113],[79.29204,12.52704],[79.27722,12.53104],[79.26383,12.51038],[79.25132,12.51481],[79.24892,12.52215],[79.23951,12.51977],[79.23932,12.5004],[79.24547,12.48628],[79.2627,12.49115],[79.26493,12.50708],[79.27002,12.50897],[79.28646,12.50979],[79.29364,12.50484],[79.2888,12.48963],[79.29325,12.48633],[79.31578,12.48688],[79.32546,12.49879],[79.32392,12.5084],[79.31358,12.49887],[79.30657,12.50181],[79.31349,12.54111],[79.30104,12.54393],[79.30097,12.54956],[79.32848,12.58279],[79.32865,12.5936],[79.33865,12.61242],[79.34713,12.60913],[79.34393,12.60472],[79.35091,12.59902],[79.36205,12.60076],[79.38103,12.61314],[79.38107,12.60309],[79.38772,12.59117],[79.4034,12.5874],[79.39603,12.55555],[79.41373,12.54903],[79.4107,12.54266],[79.42145,12.53118],[79.40986,12.5043],[79.41842,12.4895],[79.41561,12.47595],[79.41002,12.47292],[79.41194,12.46319],[79.40416,12.45528],[79.40506,12.45195],[79.41033,12.4553],[79.41775,12.45037],[79.41171,12.43972],[79.40089,12.4323],[79.40179,12.43592],[79.3825,12.44259],[79.36764,12.44392],[79.36242,12.43917],[79.35677,12.44408],[79.34689,12.44271],[79.32488,12.45077],[79.30879,12.43852],[79.25658,12.44816],[79.23121,12.44277],[79.23366,12.43563],[79.22692,12.40231],[79.21657,12.40122],[79.20011,12.38691],[79.1807,12.40033],[79.18445,12.41375],[79.19419,12.41202],[79.1977,12.41821],[79.19641,12.4355],[79.17537,12.42743],[79.16889,12.43931],[79.14097,12.45745],[79.1358,12.46496],[79.1361,12.47596],[79.13036,12.47971],[79.12057,12.47383],[79.11283,12.4502],[79.1079,12.45297],[79.1086,12.46424],[79.09144,12.46712],[79.0782,12.47799],[79.04414,12.47808],[79.05932,12.50448],[79.06018,12.52082],[79.05244,12.53754],[79.0422,12.53564],[79.03264,12.543],[79.04269,12.54117],[79.05309,12.5501],[79.0658,12.55296],[79.07256,12.55374],[79.07967,12.54752],[79.09437,12.55324],[79.09292,12.56391],[79.10411,12.57655],[79.10697,12.58713],[79.09973,12.59364],[79.08789,12.59361],[79.08174,12.60548],[79.1277,12.61992],[79.13003,12.6249],[79.14313,12.62523],[79.14492,12.62201],[79.15928,12.62506],[79.16134,12.63356],[79.1575,12.64434],[79.15103,12.64461],[79.14364,12.63534],[79.13002,12.64884],[79.13833,12.65212],[79.13939,12.65586],[79.13385,12.65548],[79.13316,12.65921],[79.14229,12.67176],[79.16173,12.6806]]]}},{"type":"Feature","properties":{"ac_no":67,"name":"Arani","district":"Tiruvannamalai","pc":"Arani"},"geometry":{"type":"Polygon","coordinates":[[[79.10963,12.7591],[79.13271,12.76173],[79.1595,12.75224],[79.16143,12.77247],[79.16337,12.76563],[79.17284,12.75966],[79.17373,12.74243],[79.19073,12.74857],[79.20683,12.74164],[79.21409,12.76014],[79.20939,12.78516],[79.21957,12.79251],[79.23846,12.79735],[79.24063,12.80829],[79.25104,12.80701],[79.25513,12.81231],[79.24999,12.81315],[79.2505,12.82294],[79.25643,12.8224],[79.26186,12.81883],[79.26021,12.80776],[79.26458,12.80577],[79.26162,12.79493],[79.2796,12.78753],[79.27707,12.78455],[79.28732,12.77898],[79.28342,12.76387],[79.28918,12.75279],[79.2971,12.74756],[79.30984,12.74682],[79.31105,12.74215],[79.32225,12.74383],[79.34358,12.72945],[79.34631,12.71012],[79.3387,12.70103],[79.34419,12.69989],[79.34477,12.69444],[79.35708,12.69805],[79.35455,12.71285],[79.35773,12.71956],[79.36584,12.71517],[79.36648,12.72065],[79.37895,12.72639],[79.37924,12.73392],[79.38982,12.73305],[79.38955,12.72856],[79.39541,12.72679],[79.39274,12.71355],[79.38098,12.70921],[79.39471,12.69023],[79.35595,12.67332],[79.35442,12.66798],[79.35908,12.6672],[79.36308,12.6575],[79.35431,12.64947],[79.35725,12.64078],[79.3806,12.62784],[79.4076,12.64886],[79.40966,12.65625],[79.42685,12.65954],[79.43347,12.64013],[79.44031,12.64408],[79.43839,12.63512],[79.45099,12.62546],[79.44461,12.6211],[79.44354,12.61021],[79.45783,12.60279],[79.46206,12.59589],[79.45976,12.5915],[79.4484,12.5789],[79.44314,12.57833],[79.42468,12.58228],[79.42095,12.587],[79.42382,12.59432],[79.40882,12.5946],[79.4034,12.5874],[79.38772,12.59117],[79.38107,12.60309],[79.38103,12.61314],[79.36205,12.60076],[79.35091,12.59902],[79.34393,12.60472],[79.34713,12.60913],[79.33865,12.61242],[79.32865,12.5936],[79.32848,12.58279],[79.30097,12.54956],[79.30104,12.54393],[79.31349,12.54111],[79.30657,12.50181],[79.31358,12.49887],[79.32392,12.5084],[79.32546,12.49879],[79.31578,12.48688],[79.29325,12.48633],[79.2888,12.48963],[79.29364,12.50484],[79.28646,12.50979],[79.27002,12.50897],[79.26493,12.50708],[79.2627,12.49115],[79.24547,12.48628],[79.23932,12.5004],[79.23951,12.51977],[79.24892,12.52215],[79.25132,12.51481],[79.26383,12.51038],[79.27722,12.53104],[79.29204,12.52704],[79.29078,12.55113],[79.28374,12.55872],[79.25926,12.55856],[79.25013,12.57287],[79.24378,12.59513],[79.23592,12.59896],[79.23654,12.60691],[79.22642,12.6225],[79.2435,12.643],[79.24147,12.64752],[79.22249,12.65662],[79.20615,12.65633],[79.21204,12.66255],[79.21001,12.66547],[79.19016,12.66328],[79.19684,12.67373],[79.20864,12.67502],[79.21746,12.68468],[79.20692,12.6933],[79.20068,12.68701],[79.18932,12.68509],[79.18954,12.67676],[79.16691,12.66805],[79.16165,12.66781],[79.16622,12.67503],[79.16173,12.6806],[79.13069,12.67727],[79.13289,12.68711],[79.14181,12.6974],[79.14257,12.72362],[79.12905,12.72882],[79.12706,12.73726],[79.11933,12.74407],[79.11133,12.74502],[79.10963,12.7591]]]}},{"type":"Feature","properties":{"ac_no":68,"name":"Cheyyar","district":"Tiruvannamalai","pc":"Arani"},"geometry":{"type":"Polygon","coordinates":[[[79.47285,12.87426],[79.47873,12.87162],[79.48872,12.87596],[79.48981,12.8711],[79.49771,12.86915],[79.49979,12.87266],[79.50896,12.85717],[79.53646,12.8629],[79.55989,12.85277],[79.55694,12.85171],[79.57947,12.84267],[79.5951,12.82866],[79.63209,12.82164],[79.64008,12.80999],[79.64249,12.80222],[79.63522,12.78617],[79.64967,12.78257],[79.64663,12.77284],[79.65348,12.7646],[79.6582,12.76747],[79.65744,12.77662],[79.66934,12.77778],[79.66993,12.78688],[79.67755,12.79088],[79.69672,12.77696],[79.70322,12.77692],[79.70425,12.7805],[79.70864,12.77699],[79.70901,12.75832],[79.73185,12.75589],[79.74468,12.74388],[79.74142,12.73358],[79.71385,12.7282],[79.71536,12.72439],[79.73671,12.71796],[79.73447,12.70172],[79.74411,12.70192],[79.74217,12.69334],[79.6824,12.66771],[79.64634,12.66982],[79.6308,12.63835],[79.63019,12.63274],[79.63669,12.6267],[79.64626,12.62515],[79.64304,12.61301],[79.64579,12.60303],[79.65351,12.60318],[79.66655,12.59321],[79.67311,12.59289],[79.68876,12.60206],[79.6979,12.59404],[79.72524,12.58789],[79.72513,12.57856],[79.71639,12.58146],[79.70654,12.5723],[79.69348,12.57303],[79.69289,12.55813],[79.68014,12.55745],[79.6759,12.55082],[79.66318,12.54739],[79.66276,12.54226],[79.64973,12.54691],[79.6274,12.56783],[79.61914,12.56234],[79.60407,12.56458],[79.58663,12.54019],[79.57219,12.54864],[79.57033,12.56491],[79.54958,12.56156],[79.53649,12.56994],[79.51525,12.56347],[79.51053,12.5755],[79.49949,12.58372],[79.49639,12.57995],[79.4921,12.58217],[79.4864,12.57026],[79.49111,12.56398],[79.48354,12.54386],[79.47952,12.54356],[79.45976,12.5915],[79.46206,12.59589],[79.45783,12.60279],[79.44354,12.61021],[79.44461,12.6211],[79.45099,12.62546],[79.43839,12.63512],[79.44031,12.64408],[79.43347,12.64013],[79.42685,12.65954],[79.44154,12.67015],[79.4511,12.67167],[79.45333,12.68237],[79.46074,12.68507],[79.45734,12.69796],[79.46468,12.69962],[79.4655,12.71585],[79.47616,12.72865],[79.47245,12.73486],[79.46778,12.73218],[79.45589,12.73767],[79.45479,12.74487],[79.46182,12.75693],[79.46732,12.75616],[79.46604,12.76378],[79.47362,12.77336],[79.46069,12.78493],[79.46225,12.79865],[79.47486,12.79967],[79.47682,12.80683],[79.45695,12.81062],[79.46118,12.82938],[79.45736,12.8438],[79.46065,12.84247],[79.46334,12.8502],[79.47314,12.85181],[79.47285,12.87426]]]}},{"type":"Feature","properties":{"ac_no":69,"name":"Vandavasi (SC)","district":"Tiruvannamalai","pc":"Arani"},"geometry":{"type":"Polygon","coordinates":[[[79.42382,12.59432],[79.42095,12.587],[79.42468,12.58228],[79.44314,12.57833],[79.4484,12.5789],[79.45976,12.5915],[79.47952,12.54356],[79.48354,12.54386],[79.49111,12.56398],[79.4864,12.57026],[79.4921,12.58217],[79.49639,12.57995],[79.49949,12.58372],[79.51053,12.5755],[79.51525,12.56347],[79.53649,12.56994],[79.54958,12.56156],[79.57033,12.56491],[79.57219,12.54864],[79.58663,12.54019],[79.60407,12.56458],[79.61914,12.56234],[79.6274,12.56783],[79.64973,12.54691],[79.66276,12.54226],[79.66318,12.54739],[79.6759,12.55082],[79.68014,12.55745],[79.69289,12.55813],[79.69348,12.57303],[79.70654,12.5723],[79.70644,12.56916],[79.71978,12.56448],[79.71498,12.54946],[79.74348,12.53244],[79.74861,12.52479],[79.75572,12.52472],[79.75648,12.51266],[79.74889,12.50792],[79.74924,12.50365],[79.74028,12.50177],[79.73816,12.49602],[79.7272,12.50104],[79.72296,12.49782],[79.72336,12.49367],[79.73467,12.49262],[79.73883,12.48369],[79.74425,12.48342],[79.74541,12.46332],[79.74955,12.45803],[79.73257,12.45292],[79.73158,12.44704],[79.73838,12.4392],[79.73561,12.42896],[79.71572,12.43627],[79.71399,12.42761],[79.70337,12.43006],[79.70535,12.41365],[79.68917,12.41827],[79.68665,12.41465],[79.6957,12.40937],[79.69543,12.39799],[79.68562,12.39997],[79.6804,12.39285],[79.66682,12.38816],[79.66,12.37734],[79.6667,12.37498],[79.66389,12.36658],[79.64592,12.36125],[79.64227,12.34492],[79.6214,12.34953],[79.6185,12.35384],[79.62338,12.3652],[79.62077,12.37423],[79.60965,12.37822],[79.60233,12.37235],[79.59763,12.34788],[79.55819,12.36455],[79.5464,12.36342],[79.53077,12.37014],[79.51829,12.353],[79.51152,12.35415],[79.50725,12.34586],[79.49685,12.34571],[79.48873,12.35037],[79.49347,12.37104],[79.48594,12.37547],[79.48494,12.37059],[79.4727,12.36585],[79.46206,12.37455],[79.45078,12.37511],[79.44861,12.3958],[79.44246,12.39425],[79.4407,12.38899],[79.43627,12.39419],[79.43876,12.40801],[79.43334,12.41033],[79.42723,12.40095],[79.42065,12.41057],[79.41699,12.40834],[79.41131,12.40683],[79.40806,12.41062],[79.41058,12.41779],[79.40089,12.4323],[79.41171,12.43972],[79.41775,12.45037],[79.41033,12.4553],[79.40506,12.45195],[79.40416,12.45528],[79.41194,12.46319],[79.41002,12.47292],[79.41561,12.47595],[79.41842,12.4895],[79.40986,12.5043],[79.42145,12.53118],[79.4107,12.54266],[79.41373,12.54903],[79.39603,12.55555],[79.4034,12.5874],[79.40882,12.5946],[79.42382,12.59432]]]}},{"type":"Feature","properties":{"ac_no":70,"name":"Vandavasi (SC)","district":"Viluppuram","pc":"Arani"},"geometry":{"type":"Polygon","coordinates":[[[79.23366,12.43563],[79.23121,12.44277],[79.25658,12.44816],[79.30879,12.43852],[79.32488,12.45077],[79.34689,12.44271],[79.35677,12.44408],[79.36242,12.43917],[79.36764,12.44392],[79.3825,12.44259],[79.40179,12.43592],[79.40089,12.4323],[79.41058,12.41779],[79.40806,12.41062],[79.41131,12.40683],[79.41699,12.40834],[79.41092,12.37898],[79.41899,12.36719],[79.40952,12.34905],[79.41218,12.34183],[79.39318,12.31157],[79.3995,12.30706],[79.40062,12.29196],[79.41542,12.29166],[79.42631,12.27787],[79.43245,12.23906],[79.41039,12.22747],[79.41313,12.22248],[79.40711,12.21345],[79.41379,12.20699],[79.40773,12.20113],[79.41934,12.20027],[79.42571,12.16478],[79.44161,12.15215],[79.43402,12.14038],[79.42996,12.13249],[79.41835,12.12574],[79.40589,12.12932],[79.40591,12.11783],[79.38654,12.11962],[79.36928,12.11407],[79.3667,12.10508],[79.35892,12.10696],[79.3528,12.09993],[79.33875,12.10098],[79.3376,12.08552],[79.30086,12.08721],[79.29069,12.07493],[79.26636,12.07765],[79.26011,12.08254],[79.27007,12.10376],[79.27753,12.10708],[79.27704,12.12538],[79.25861,12.13014],[79.25868,12.13524],[79.24933,12.13959],[79.24579,12.14672],[79.23634,12.14991],[79.23771,12.15413],[79.21108,12.16571],[79.21448,12.18378],[79.20922,12.18694],[79.2181,12.19779],[79.22297,12.18357],[79.23471,12.1835],[79.23102,12.18974],[79.23338,12.19802],[79.21552,12.21152],[79.21869,12.215],[79.23579,12.2115],[79.23716,12.21713],[79.22503,12.22127],[79.24787,12.2406],[79.24076,12.24843],[79.24375,12.27249],[79.2607,12.2767],[79.26739,12.28854],[79.27957,12.29171],[79.27347,12.3053],[79.28506,12.30638],[79.28918,12.31806],[79.25148,12.32322],[79.2464,12.31632],[79.23404,12.31568],[79.23429,12.32996],[79.22087,12.33252],[79.21691,12.33941],[79.19798,12.34296],[79.22125,12.34956],[79.22716,12.34244],[79.23888,12.34633],[79.23237,12.36186],[79.22456,12.36777],[79.22723,12.37269],[79.23674,12.3684],[79.2437,12.37292],[79.24822,12.38393],[79.24232,12.39726],[79.22692,12.40231],[79.23366,12.43563]]]}},{"type":"Feature","properties":{"ac_no":71,"name":"Mailam","district":"Viluppuram","pc":"Arani"},"geometry":{"type":"Polygon","coordinates":[[[79.42065,12.41057],[79.42723,12.40095],[79.43334,12.41033],[79.43876,12.40801],[79.43627,12.39419],[79.4407,12.38899],[79.44246,12.39425],[79.44861,12.3958],[79.45078,12.37511],[79.46206,12.37455],[79.4727,12.36585],[79.48494,12.37059],[79.48594,12.37547],[79.49347,12.37104],[79.48873,12.35037],[79.49685,12.34571],[79.50725,12.34586],[79.51152,12.35415],[79.51829,12.353],[79.53077,12.37014],[79.5464,12.36342],[79.55819,12.36455],[79.59763,12.34788],[79.60233,12.37235],[79.60965,12.37822],[79.62077,12.37423],[79.62338,12.3652],[79.6185,12.35384],[79.6214,12.34953],[79.64227,12.34492],[79.65652,12.32621],[79.68293,12.31601],[79.68593,12.30615],[79.69929,12.30792],[79.70884,12.30286],[79.70497,12.29529],[79.69106,12.29703],[79.68599,12.28881],[79.68471,12.28184],[79.69286,12.27143],[79.68117,12.26903],[79.67963,12.26116],[79.64082,12.27029],[79.64015,12.26208],[79.63177,12.25284],[79.63292,12.24008],[79.62101,12.23552],[79.61221,12.22554],[79.60709,12.18773],[79.61797,12.18626],[79.61124,12.15592],[79.61534,12.15121],[79.62424,12.14909],[79.62962,12.15934],[79.63826,12.15973],[79.64573,12.14863],[79.66602,12.15041],[79.67225,12.16344],[79.68261,12.16686],[79.69062,12.14242],[79.68117,12.1368],[79.67198,12.12108],[79.65458,12.11937],[79.64785,12.11433],[79.65106,12.09389],[79.64483,12.09097],[79.64618,12.08341],[79.63314,12.0571],[79.60287,12.0632],[79.60017,12.05985],[79.58796,12.06032],[79.58444,12.04447],[79.57239,12.04666],[79.57773,12.06654],[79.56754,12.07209],[79.56802,12.08101],[79.54389,12.08342],[79.54445,12.08785],[79.54033,12.08854],[79.53206,12.08351],[79.52464,12.09046],[79.5204,12.08947],[79.51592,12.11802],[79.52595,12.12833],[79.51835,12.13941],[79.50875,12.13906],[79.49818,12.14724],[79.49096,12.13706],[79.47816,12.13666],[79.47702,12.141],[79.47839,12.14966],[79.47402,12.15079],[79.4714,12.13926],[79.45994,12.14448],[79.44962,12.13771],[79.43402,12.14038],[79.44161,12.15215],[79.42571,12.16478],[79.41934,12.20027],[79.40773,12.20113],[79.41379,12.20699],[79.40711,12.21345],[79.41313,12.22248],[79.41039,12.22747],[79.43245,12.23906],[79.42631,12.27787],[79.41542,12.29166],[79.40062,12.29196],[79.3995,12.30706],[79.39318,12.31157],[79.41218,12.34183],[79.40952,12.34905],[79.41899,12.36719],[79.41092,12.37898],[79.41699,12.40834],[79.42065,12.41057]]]}},{"type":"Feature","properties":{"ac_no":72,"name":"Tindivanam (SC)","district":"Viluppuram","pc":"Viluppuram (Sc)"},"geometry":{"type":"Polygon","coordinates":[[[79.74861,12.3239],[79.75952,12.32484],[79.76065,12.32932],[79.77834,12.33834],[79.79767,12.33689],[79.81862,12.31196],[79.82765,12.31206],[79.83219,12.29802],[79.84127,12.28873],[79.84447,12.28009],[79.84075,12.27916],[79.85858,12.2658],[79.87268,12.24249],[79.88537,12.23502],[79.90083,12.22894],[79.91406,12.23507],[79.92443,12.2307],[79.92529,12.24749],[79.94454,12.24094],[79.95599,12.22768],[79.96014,12.23327],[79.97743,12.2354],[79.98685,12.24979],[80.00426,12.24776],[79.87379,12.04262],[79.84976,12.05182],[79.84881,12.04915],[79.85349,12.08385],[79.8513,12.11857],[79.85614,12.12039],[79.86385,12.16096],[79.84231,12.16913],[79.83965,12.1657],[79.83324,12.16891],[79.82591,12.15807],[79.80645,12.16789],[79.7909,12.16433],[79.76956,12.18617],[79.76162,12.18699],[79.75374,12.17936],[79.72652,12.18211],[79.71959,12.17431],[79.7092,12.17665],[79.7,12.15835],[79.70301,12.14969],[79.69589,12.13947],[79.69062,12.14242],[79.68261,12.16686],[79.67225,12.16344],[79.66602,12.15041],[79.64573,12.14863],[79.63826,12.15973],[79.62962,12.15934],[79.62424,12.14909],[79.61534,12.15121],[79.61124,12.15592],[79.61797,12.18626],[79.60709,12.18773],[79.61221,12.22554],[79.62101,12.23552],[79.63292,12.24008],[79.63177,12.25284],[79.64015,12.26208],[79.64082,12.27029],[79.67963,12.26116],[79.68117,12.26903],[79.69286,12.27143],[79.68471,12.28184],[79.68599,12.28881],[79.69106,12.29703],[79.70497,12.29529],[79.70884,12.30286],[79.69929,12.30792],[79.68593,12.30615],[79.68293,12.31601],[79.68971,12.32477],[79.69874,12.32482],[79.70113,12.33515],[79.70908,12.33717],[79.74861,12.3239]]]}},{"type":"Feature","properties":{"ac_no":73,"name":"Vanur (SC)","district":"Viluppuram","pc":"Viluppuram (Sc)"},"geometry":{"type":"MultiPolygon","coordinates":[[[[79.60295,11.97542],[79.61196,11.96706],[79.61854,11.97048],[79.62747,11.96808],[79.62869,11.95711],[79.61601,11.96449],[79.60991,11.95677],[79.59717,11.95934],[79.59213,11.96886],[79.59582,11.97597],[79.60295,11.97542]]],[[[79.76956,12.18617],[79.7909,12.16433],[79.80645,12.16789],[79.82591,12.15807],[79.83324,12.16891],[79.83965,12.1657],[79.84231,12.16913],[79.86385,12.16096],[79.85614,12.12039],[79.8513,12.11857],[79.85349,12.08385],[79.84881,12.04915],[79.84047,12.01327],[79.85706,12.00681],[79.83887,11.95607],[79.82993,11.95766],[79.82837,11.95872],[79.82164,11.96956],[79.81844,11.97793],[79.81254,11.97793],[79.80528,11.96363],[79.80323,11.95322],[79.78466,11.95991],[79.76972,11.944],[79.75988,11.94365],[79.76119,11.92852],[79.75501,11.92606],[79.75621,11.92043],[79.75021,11.91995],[79.74452,11.96493],[79.72447,11.97126],[79.72355,11.97754],[79.72644,11.98568],[79.7428,11.97777],[79.74811,11.98471],[79.76036,11.98924],[79.76238,12.00267],[79.75618,12.0041],[79.74756,12.00783],[79.73339,11.99326],[79.72055,11.99269],[79.71584,11.98485],[79.71237,11.98647],[79.70927,11.97573],[79.71597,11.97102],[79.71499,11.96762],[79.70339,11.96706],[79.70006,11.96276],[79.69652,11.96263],[79.6916,11.95135],[79.69724,11.94176],[79.71111,11.93306],[79.70796,11.94409],[79.70962,11.94984],[79.72085,11.9449],[79.71748,11.92897],[79.74065,11.90547],[79.73128,11.90315],[79.7305,11.8917],[79.72276,11.89176],[79.72409,11.88865],[79.71683,11.89284],[79.71113,11.89075],[79.70525,11.89388],[79.70898,11.90331],[79.70656,11.9135],[79.71793,11.91335],[79.7186,11.91897],[79.69624,11.91918],[79.69536,11.8948],[79.68711,11.89451],[79.68682,11.88887],[79.67381,11.89159],[79.67397,11.88066],[79.68972,11.88085],[79.6893,11.86398],[79.69445,11.85949],[79.69482,11.84396],[79.70262,11.83222],[79.68529,11.83264],[79.69077,11.82054],[79.68509,11.82062],[79.68417,11.81269],[79.67966,11.81451],[79.67595,11.81431],[79.67479,11.8067],[79.6652,11.81042],[79.64039,11.79864],[79.62346,11.81275],[79.61619,11.82514],[79.60373,11.82929],[79.5908,11.84122],[79.57717,11.84243],[79.57697,11.85125],[79.58631,11.84798],[79.60211,11.8517],[79.60368,11.85342],[79.60053,11.85523],[79.60012,11.85828],[79.60242,11.86216],[79.60197,11.8578],[79.61221,11.86258],[79.61942,11.86267],[79.61915,11.87015],[79.62849,11.86979],[79.62685,11.85428],[79.64708,11.85005],[79.65781,11.85264],[79.66267,11.86722],[79.64854,11.87047],[79.64842,11.88031],[79.64047,11.88058],[79.64112,11.88661],[79.63478,11.88877],[79.6345,11.88098],[79.63067,11.88121],[79.62699,11.88896],[79.63168,11.89929],[79.62317,11.90139],[79.6259,11.90592],[79.62983,11.90158],[79.64062,11.9022],[79.64106,11.90767],[79.65589,11.90794],[79.65604,11.9129],[79.66885,11.91841],[79.67026,11.93551],[79.66069,11.93708],[79.65859,11.94457],[79.65298,11.94822],[79.65195,11.94359],[79.64787,11.94455],[79.64269,11.94212],[79.64222,11.95389],[79.64728,11.95343],[79.64832,11.96733],[79.63637,11.97782],[79.63999,11.99268],[79.63599,11.99603],[79.64233,11.99929],[79.65136,12.0223],[79.62788,12.03179],[79.62924,12.01869],[79.62097,12.0143],[79.62113,12.01025],[79.61115,12.01268],[79.58851,12.02887],[79.59099,12.03361],[79.58444,12.04447],[79.58796,12.06032],[79.60017,12.05985],[79.60287,12.0632],[79.63314,12.0571],[79.64618,12.08341],[79.64483,12.09097],[79.65106,12.09389],[79.64785,12.11433],[79.65458,12.11937],[79.67198,12.12108],[79.68117,12.1368],[79.69062,12.14242],[79.69589,12.13947],[79.70301,12.14969],[79.7,12.15835],[79.7092,12.17665],[79.71959,12.17431],[79.72652,12.18211],[79.75374,12.17936],[79.76162,12.18699],[79.76956,12.18617]],[[79.69276,12.03529],[79.68418,12.0217],[79.67648,12.02157],[79.67223,12.0097],[79.66136,12.0123],[79.65694,11.99156],[79.66253,11.9895],[79.67385,11.99505],[79.68083,11.98334],[79.68541,11.99162],[79.7196,11.99217],[79.70281,12.01107],[79.70477,12.03198],[79.69503,12.03556],[79.69276,12.03529]],[[79.64732,11.84422],[79.64099,11.82415],[79.64629,11.81626],[79.67123,11.81485],[79.67126,11.82358],[79.65944,11.82947],[79.66172,11.83931],[79.65372,11.84277],[79.64732,11.84422]],[[79.6847,11.97308],[79.67666,11.96809],[79.66216,11.96909],[79.65998,11.95836],[79.65379,11.9606],[79.65466,11.95345],[79.67327,11.94786],[79.68461,11.95336],[79.68649,11.97321],[79.6847,11.97308]],[[79.79833,12.01695],[79.80531,12.02454],[79.79434,12.02584],[79.78929,12.02769],[79.78832,12.01924],[79.79833,12.01695]]]]}},{"type":"Feature","properties":{"ac_no":74,"name":"Viluppuram","district":"Viluppuram","pc":"Viluppuram (Sc)"},"geometry":{"type":"Polygon","coordinates":[[[79.48931,11.96958],[79.49037,11.97513],[79.5127,11.97521],[79.52161,11.96635],[79.54757,11.96512],[79.54874,11.95967],[79.55787,11.95928],[79.57339,11.97403],[79.5781,11.96849],[79.59213,11.96886],[79.59717,11.95934],[79.60991,11.95677],[79.61601,11.96449],[79.62869,11.95711],[79.62849,11.94518],[79.6189,11.94322],[79.61787,11.93605],[79.61842,11.92609],[79.62832,11.91958],[79.6259,11.90592],[79.62317,11.90139],[79.63168,11.89929],[79.62699,11.88896],[79.62117,11.89056],[79.60817,11.87687],[79.59933,11.88295],[79.60242,11.86216],[79.60012,11.85828],[79.60053,11.85523],[79.60368,11.85342],[79.60211,11.8517],[79.58631,11.84798],[79.57697,11.85125],[79.57717,11.84243],[79.56444,11.84009],[79.52815,11.85748],[79.5094,11.85778],[79.46832,11.87202],[79.45511,11.8712],[79.43853,11.87478],[79.41824,11.89434],[79.38387,11.91536],[79.38959,11.93671],[79.40175,11.93321],[79.40502,11.9481],[79.45196,11.95443],[79.45335,11.94641],[79.46159,11.94608],[79.46176,11.95406],[79.46783,11.95653],[79.47509,11.93833],[79.48267,11.94806],[79.48284,11.95792],[79.49811,11.95608],[79.4982,11.96017],[79.49141,11.95877],[79.48931,11.96958]]]}},{"type":"Feature","properties":{"ac_no":75,"name":"Vikravandi","district":"Viluppuram","pc":"Viluppuram (Sc)"},"geometry":{"type":"Polygon","coordinates":[[[79.47702,12.141],[79.47816,12.13666],[79.49096,12.13706],[79.49818,12.14724],[79.50875,12.13906],[79.51835,12.13941],[79.52595,12.12833],[79.51592,12.11802],[79.5204,12.08947],[79.52464,12.09046],[79.53206,12.08351],[79.54033,12.08854],[79.54445,12.08785],[79.54389,12.08342],[79.56802,12.08101],[79.56754,12.07209],[79.57773,12.06654],[79.57239,12.04666],[79.58444,12.04447],[79.59099,12.03361],[79.58851,12.02887],[79.61115,12.01268],[79.62113,12.01025],[79.61888,12.00128],[79.62625,12.00038],[79.62359,11.98928],[79.61711,11.98957],[79.62435,11.98178],[79.6245,11.976],[79.61854,11.97048],[79.61196,11.96706],[79.60295,11.97542],[79.59582,11.97597],[79.59213,11.96886],[79.5781,11.96849],[79.57339,11.97403],[79.55787,11.95928],[79.54874,11.95967],[79.54757,11.96512],[79.52161,11.96635],[79.5127,11.97521],[79.49037,11.97513],[79.48931,11.96958],[79.49141,11.95877],[79.4982,11.96017],[79.49811,11.95608],[79.48284,11.95792],[79.48267,11.94806],[79.47509,11.93833],[79.46783,11.95653],[79.46176,11.95406],[79.46159,11.94608],[79.45335,11.94641],[79.45196,11.95443],[79.40502,11.9481],[79.40175,11.93321],[79.38959,11.93671],[79.38387,11.91536],[79.3599,11.91904],[79.35223,11.92656],[79.34766,11.9505],[79.34993,11.95707],[79.36268,11.95745],[79.36278,11.97714],[79.35664,11.98343],[79.3558,11.99228],[79.36205,11.9993],[79.35728,11.99926],[79.35555,12.01244],[79.36275,12.01912],[79.36338,12.03478],[79.32932,12.03306],[79.32583,12.04145],[79.31766,12.04275],[79.32133,12.04516],[79.32243,12.06371],[79.31907,12.06487],[79.30721,12.05541],[79.3039,12.04714],[79.29545,12.04819],[79.293,12.05955],[79.30086,12.08721],[79.3376,12.08552],[79.33875,12.10098],[79.3528,12.09993],[79.35892,12.10696],[79.3667,12.10508],[79.36928,12.11407],[79.38654,12.11962],[79.40591,12.11783],[79.40589,12.12932],[79.41835,12.12574],[79.42996,12.13249],[79.43402,12.14038],[79.44962,12.13771],[79.45994,12.14448],[79.4714,12.13926],[79.47402,12.15079],[79.47839,12.14966],[79.47702,12.141]]]}},{"type":"Feature","properties":{"ac_no":76,"name":"Tirukkoyilur","district":"Viluppuram","pc":"Viluppuram (Sc)"},"geometry":{"type":"Polygon","coordinates":[[[79.2487,12.07868],[79.26011,12.08254],[79.26636,12.07765],[79.29069,12.07493],[79.30086,12.08721],[79.293,12.05955],[79.29545,12.04819],[79.3039,12.04714],[79.30721,12.05541],[79.31907,12.06487],[79.32243,12.06371],[79.32133,12.04516],[79.31766,12.04275],[79.32583,12.04145],[79.32932,12.03306],[79.36338,12.03478],[79.36275,12.01912],[79.35555,12.01244],[79.35728,11.99926],[79.36205,11.9993],[79.3558,11.99228],[79.35664,11.98343],[79.36278,11.97714],[79.36268,11.95745],[79.34993,11.95707],[79.34766,11.9505],[79.35223,11.92656],[79.3599,11.91904],[79.38387,11.91536],[79.41824,11.89434],[79.41454,11.88214],[79.41683,11.87561],[79.43102,11.8643],[79.43195,11.85922],[79.41983,11.86646],[79.41899,11.86182],[79.40746,11.85785],[79.40154,11.87663],[79.38342,11.87084],[79.38236,11.86483],[79.38952,11.86338],[79.39075,11.85685],[79.38524,11.85102],[79.39249,11.8413],[79.38829,11.82521],[79.37145,11.82527],[79.37023,11.844],[79.35762,11.85313],[79.359,11.86067],[79.34751,11.87069],[79.34326,11.86817],[79.33995,11.85313],[79.33251,11.85414],[79.33029,11.84795],[79.31022,11.86543],[79.30792,11.87252],[79.30389,11.87203],[79.28951,11.86614],[79.28813,11.85925],[79.27713,11.85395],[79.26724,11.83909],[79.26019,11.84928],[79.24272,11.84786],[79.23711,11.85341],[79.23729,11.86501],[79.24181,11.8713],[79.24715,11.8721],[79.21821,11.87625],[79.21708,11.8949],[79.22293,11.90365],[79.21308,11.91217],[79.21786,11.91838],[79.21954,11.9307],[79.21437,11.93741],[79.22136,11.94581],[79.22095,11.95465],[79.20541,11.95192],[79.20289,11.94604],[79.19527,11.94703],[79.1861,11.95524],[79.18817,11.96154],[79.18345,11.97356],[79.16891,11.96577],[79.14983,11.96511],[79.12978,11.96813],[79.12176,11.97615],[79.12102,11.99393],[79.13057,12.00383],[79.12722,12.01125],[79.14262,12.01574],[79.13569,12.02573],[79.13924,12.03854],[79.14713,12.04434],[79.17273,12.0304],[79.17636,12.04744],[79.1898,12.04855],[79.2008,12.07062],[79.20944,12.07175],[79.21523,12.06465],[79.23398,12.05999],[79.24023,12.07161],[79.2381,12.07721],[79.24298,12.08124],[79.2487,12.07868]]]}},{"type":"Feature","properties":{"ac_no":77,"name":"Ulundurpettai","district":"Viluppuram","pc":"Viluppuram (Sc)"},"geometry":{"type":"Polygon","coordinates":[[[79.43853,11.87478],[79.45511,11.8712],[79.45123,11.84889],[79.4722,11.84716],[79.46875,11.84427],[79.47049,11.83491],[79.47989,11.8375],[79.48095,11.82944],[79.4765,11.82337],[79.48208,11.81181],[79.47763,11.8057],[79.47234,11.80585],[79.47003,11.79956],[79.46432,11.80049],[79.4655,11.80751],[79.44228,11.80987],[79.43877,11.78882],[79.4306,11.7782],[79.43529,11.77541],[79.43613,11.7681],[79.4463,11.76391],[79.45301,11.76958],[79.46377,11.76747],[79.46267,11.74278],[79.45697,11.73742],[79.43926,11.73643],[79.42836,11.73072],[79.43712,11.71802],[79.43445,11.70329],[79.43716,11.69158],[79.44175,11.68895],[79.44416,11.66592],[79.43167,11.66585],[79.41846,11.66766],[79.41844,11.67142],[79.39498,11.67723],[79.39528,11.68014],[79.37723,11.67909],[79.36162,11.67264],[79.36218,11.66114],[79.35906,11.65975],[79.33267,11.66113],[79.3263,11.64773],[79.32071,11.64855],[79.31843,11.64217],[79.31154,11.64367],[79.30854,11.63284],[79.29643,11.6369],[79.29234,11.64695],[79.27931,11.64936],[79.27108,11.6439],[79.24869,11.65267],[79.23555,11.62938],[79.21576,11.63922],[79.20994,11.63377],[79.21233,11.62015],[79.19444,11.60227],[79.18108,11.61025],[79.19069,11.61906],[79.19268,11.62788],[79.19205,11.63942],[79.17798,11.64365],[79.18225,11.6572],[79.15149,11.6693],[79.15842,11.67344],[79.16714,11.69949],[79.15067,11.70375],[79.12962,11.70044],[79.12688,11.70743],[79.12679,11.71339],[79.13675,11.72519],[79.14401,11.75166],[79.13249,11.7616],[79.12493,11.7594],[79.12774,11.77589],[79.11953,11.77935],[79.11862,11.78826],[79.12369,11.80758],[79.13053,11.81001],[79.13879,11.82148],[79.13416,11.85289],[79.12557,11.85366],[79.13653,11.86717],[79.14002,11.86759],[79.14072,11.86058],[79.14884,11.86244],[79.16149,11.85113],[79.18015,11.85434],[79.19124,11.84768],[79.22368,11.85821],[79.23127,11.87406],[79.24181,11.8713],[79.23729,11.86501],[79.23711,11.85341],[79.24272,11.84786],[79.26019,11.84928],[79.26724,11.83909],[79.27713,11.85395],[79.28813,11.85925],[79.28951,11.86614],[79.30389,11.87203],[79.30792,11.87252],[79.31022,11.86543],[79.33029,11.84795],[79.33251,11.85414],[79.33995,11.85313],[79.34326,11.86817],[79.34751,11.87069],[79.359,11.86067],[79.35762,11.85313],[79.37023,11.844],[79.37145,11.82527],[79.38829,11.82521],[79.39249,11.8413],[79.38524,11.85102],[79.39075,11.85685],[79.38952,11.86338],[79.38236,11.86483],[79.38342,11.87084],[79.40154,11.87663],[79.40746,11.85785],[79.41899,11.86182],[79.41983,11.86646],[79.43195,11.85922],[79.43102,11.8643],[79.41683,11.87561],[79.41454,11.88214],[79.41824,11.89434],[79.43853,11.87478]]]}},{"type":"Feature","properties":{"ac_no":78,"name":"Rishivandiyam","district":"Viluppuram","pc":"Kallakurichi"},"geometry":{"type":"Polygon","coordinates":[[[78.9957,12.0675],[79.03128,12.06394],[79.0215,12.05732],[79.02237,12.04955],[79.05235,12.0363],[79.06015,12.05227],[79.06834,12.05239],[79.06073,12.06036],[79.06262,12.06965],[79.07868,12.07103],[79.08508,12.08134],[79.09061,12.07812],[79.0981,12.06602],[79.08757,12.04252],[79.08004,12.04727],[79.07655,12.04432],[79.0808,12.03899],[79.07882,12.03153],[79.09297,12.03083],[79.09542,12.02474],[79.10658,12.01967],[79.11224,12.0265],[79.12507,12.01883],[79.13569,12.02573],[79.14262,12.01574],[79.12722,12.01125],[79.13057,12.00383],[79.12102,11.99393],[79.12176,11.97615],[79.12978,11.96813],[79.14983,11.96511],[79.16891,11.96577],[79.18345,11.97356],[79.18817,11.96154],[79.1861,11.95524],[79.19527,11.94703],[79.20289,11.94604],[79.20541,11.95192],[79.22095,11.95465],[79.22136,11.94581],[79.21437,11.93741],[79.21954,11.9307],[79.21786,11.91838],[79.21308,11.91217],[79.22293,11.90365],[79.21708,11.8949],[79.21821,11.87625],[79.24715,11.8721],[79.24181,11.8713],[79.23127,11.87406],[79.22368,11.85821],[79.19124,11.84768],[79.18015,11.85434],[79.16149,11.85113],[79.14884,11.86244],[79.14072,11.86058],[79.14002,11.86759],[79.13653,11.86717],[79.12557,11.85366],[79.13416,11.85289],[79.13879,11.82148],[79.13053,11.81001],[79.12369,11.80758],[79.11999,11.80474],[79.0973,11.79487],[79.0879,11.78629],[79.07795,11.79172],[79.05629,11.77033],[79.05553,11.76262],[79.04713,11.75865],[79.04614,11.76378],[79.03749,11.76584],[79.0297,11.75311],[79.01809,11.77527],[79.02304,11.78847],[79.0206,11.80268],[78.9801,11.81423],[78.97992,11.83602],[78.99066,11.85359],[78.9851,11.86091],[78.98605,11.8697],[78.99348,11.88635],[78.97947,11.90137],[78.97905,11.90887],[78.97413,11.91112],[78.95365,11.88908],[78.94933,11.9009],[78.95198,11.91591],[78.93918,11.92087],[78.9416,11.93231],[78.93733,11.93722],[78.93799,11.95586],[78.93455,11.96018],[78.91277,11.95093],[78.904,11.96111],[78.89448,11.96314],[78.85228,11.95761],[78.84918,11.96262],[78.8578,11.9749],[78.8564,11.98385],[78.86323,11.98737],[78.83007,12.00775],[78.85592,12.01274],[78.87949,12.02683],[78.8968,12.01774],[78.9147,12.01462],[78.95797,12.06835],[78.9637,12.06466],[78.98025,12.06576],[78.98856,12.05501],[78.9957,12.0675]]]}},{"type":"Feature","properties":{"ac_no":79,"name":"Sankarapuram","district":"Viluppuram","pc":"Kallakurichi"},"geometry":{"type":"Polygon","coordinates":[[[78.71691,11.98357],[78.71795,11.98819],[78.7375,11.98735],[78.73732,11.9935],[78.74579,11.99724],[78.75735,12.01162],[78.77572,12.00704],[78.80417,12.01948],[78.81614,12.00988],[78.83007,12.00775],[78.86323,11.98737],[78.8564,11.98385],[78.8578,11.9749],[78.84918,11.96262],[78.85228,11.95761],[78.89448,11.96314],[78.904,11.96111],[78.91277,11.95093],[78.93455,11.96018],[78.93799,11.95586],[78.93733,11.93722],[78.9416,11.93231],[78.93918,11.92087],[78.95198,11.91591],[78.94933,11.9009],[78.95365,11.88908],[78.97413,11.91112],[78.97905,11.90887],[78.97947,11.90137],[78.99348,11.88635],[78.98605,11.8697],[78.9851,11.86091],[78.99066,11.85359],[78.97992,11.83602],[78.9801,11.81423],[79.0206,11.80268],[79.02304,11.78847],[79.01809,11.77527],[79.00465,11.75513],[78.9894,11.75902],[78.98511,11.7705],[78.96894,11.77878],[78.95014,11.77442],[78.95494,11.76087],[78.94393,11.75149],[78.92799,11.75489],[78.91787,11.76379],[78.91433,11.7584],[78.90539,11.76369],[78.8933,11.75248],[78.8872,11.73644],[78.88852,11.71147],[78.88071,11.70796],[78.88202,11.69996],[78.87374,11.6979],[78.83698,11.70372],[78.83933,11.68702],[78.83271,11.67395],[78.82444,11.67429],[78.8035,11.68641],[78.78073,11.70291],[78.74874,11.69244],[78.73651,11.69251],[78.7181,11.68407],[78.70939,11.68977],[78.69254,11.68953],[78.68248,11.68254],[78.67766,11.67118],[78.6779,11.66712],[78.68306,11.6675],[78.67842,11.66497],[78.68009,11.64368],[78.65826,11.648],[78.66041,11.66174],[78.64559,11.66044],[78.64978,11.66993],[78.65266,11.71492],[78.63802,11.72263],[78.63799,11.74021],[78.64326,11.75365],[78.64016,11.76422],[78.66271,11.77976],[78.66551,11.79642],[78.69063,11.80431],[78.69493,11.85077],[78.68186,11.85735],[78.65871,11.85666],[78.65295,11.86601],[78.63307,11.86466],[78.62744,11.87171],[78.63395,11.87514],[78.63448,11.88898],[78.65167,11.88461],[78.6597,11.89514],[78.6901,11.90413],[78.69378,11.89411],[78.70835,11.89749],[78.71112,11.90818],[78.7239,11.91966],[78.70422,11.93934],[78.70866,11.9515],[78.71273,11.9508],[78.71024,11.96742],[78.71691,11.98357]]]}},{"type":"Feature","properties":{"ac_no":80,"name":"Kallakurichi (SC)","district":"Viluppuram","pc":"Kallakurichi"},"geometry":{"type":"Polygon","coordinates":[[[79.11999,11.80474],[79.12369,11.80758],[79.11862,11.78826],[79.11953,11.77935],[79.12774,11.77589],[79.12493,11.7594],[79.13249,11.7616],[79.14401,11.75166],[79.13675,11.72519],[79.12679,11.71339],[79.12688,11.70743],[79.12962,11.70044],[79.15067,11.70375],[79.16714,11.69949],[79.15842,11.67344],[79.15149,11.6693],[79.18225,11.6572],[79.17798,11.64365],[79.19205,11.63942],[79.19268,11.62788],[79.19069,11.61906],[79.18108,11.61025],[79.19444,11.60227],[79.19248,11.59305],[79.18363,11.58603],[79.15643,11.5983],[79.15018,11.59752],[79.14769,11.58954],[79.1357,11.58901],[79.13353,11.59398],[79.11642,11.59924],[79.11801,11.60558],[79.11289,11.61334],[79.10613,11.61495],[79.10282,11.61074],[79.09816,11.61424],[79.09857,11.62121],[79.09129,11.62335],[79.08403,11.63437],[79.07816,11.62964],[79.06742,11.63027],[79.06928,11.62099],[79.06552,11.61139],[79.07692,11.60805],[79.0774,11.59902],[79.06809,11.59883],[79.06462,11.59285],[79.04914,11.58578],[79.04313,11.58729],[79.04975,11.59568],[79.03341,11.59804],[79.01834,11.60681],[79.01208,11.60272],[79.01882,11.59294],[79.00435,11.57469],[78.99509,11.57547],[78.98048,11.56779],[78.9712,11.57456],[78.92401,11.56746],[78.91537,11.53775],[78.91704,11.52873],[78.90471,11.50462],[78.87865,11.5102],[78.87751,11.50755],[78.87064,11.51764],[78.84309,11.52334],[78.83484,11.53042],[78.83557,11.53972],[78.8157,11.54379],[78.81612,11.56119],[78.82909,11.57778],[78.81676,11.59024],[78.77586,11.60556],[78.77662,11.6133],[78.7862,11.61383],[78.78931,11.62895],[78.78636,11.64066],[78.77368,11.63637],[78.79279,11.65117],[78.79472,11.65758],[78.80537,11.66022],[78.8035,11.68641],[78.82444,11.67429],[78.83271,11.67395],[78.83933,11.68702],[78.83698,11.70372],[78.87374,11.6979],[78.88202,11.69996],[78.88071,11.70796],[78.88852,11.71147],[78.8872,11.73644],[78.8933,11.75248],[78.90539,11.76369],[78.91433,11.7584],[78.91787,11.76379],[78.92799,11.75489],[78.94393,11.75149],[78.95494,11.76087],[78.95014,11.77442],[78.96894,11.77878],[78.98511,11.7705],[78.9894,11.75902],[79.00465,11.75513],[79.01809,11.77527],[79.0297,11.75311],[79.03749,11.76584],[79.04614,11.76378],[79.04713,11.75865],[79.05553,11.76262],[79.05629,11.77033],[79.07795,11.79172],[79.0879,11.78629],[79.0973,11.79487],[79.11999,11.80474]]]}},{"type":"Feature","properties":{"ac_no":81,"name":"Gangavalli (SC)","district":"Salem","pc":"Kallakurichi"},"geometry":{"type":"Polygon","coordinates":[[[78.74874,11.69244],[78.78073,11.70291],[78.8035,11.68641],[78.80537,11.66022],[78.79472,11.65758],[78.79279,11.65117],[78.77368,11.63637],[78.78636,11.64066],[78.78931,11.62895],[78.7862,11.61383],[78.77662,11.6133],[78.77586,11.60556],[78.81676,11.59024],[78.82909,11.57778],[78.81612,11.56119],[78.8157,11.54379],[78.83557,11.53972],[78.83484,11.53042],[78.84309,11.52334],[78.83391,11.50672],[78.81019,11.508],[78.80968,11.48276],[78.79829,11.48263],[78.79619,11.46159],[78.78995,11.45756],[78.78926,11.45412],[78.81907,11.44047],[78.81835,11.43294],[78.82268,11.4281],[78.80613,11.40205],[78.80133,11.40268],[78.79893,11.38606],[78.79268,11.39057],[78.78894,11.3876],[78.7562,11.43743],[78.74348,11.44352],[78.74141,11.44972],[78.70321,11.45634],[78.68019,11.42988],[78.65107,11.42197],[78.65022,11.40844],[78.65655,11.40147],[78.6581,11.38081],[78.66349,11.37418],[78.64214,11.34323],[78.62395,11.33606],[78.60466,11.3384],[78.59308,11.32791],[78.582,11.32977],[78.57769,11.31661],[78.56112,11.31645],[78.55435,11.3181],[78.55287,11.32493],[78.55621,11.32737],[78.55445,11.35784],[78.54287,11.36931],[78.52361,11.3713],[78.51485,11.38527],[78.50435,11.37945],[78.50982,11.39621],[78.49631,11.40861],[78.48607,11.40704],[78.48773,11.41382],[78.48271,11.41336],[78.48027,11.40635],[78.45986,11.40419],[78.42631,11.38625],[78.44574,11.40242],[78.44276,11.4081],[78.44837,11.42939],[78.45716,11.43851],[78.44498,11.43985],[78.43718,11.46386],[78.4327,11.46282],[78.42596,11.47308],[78.43289,11.47591],[78.43428,11.49931],[78.43958,11.49507],[78.45832,11.50247],[78.46151,11.49538],[78.46487,11.50266],[78.47862,11.50167],[78.47736,11.48969],[78.48524,11.48436],[78.49678,11.4924],[78.48919,11.47978],[78.49193,11.47624],[78.50586,11.47971],[78.52149,11.47085],[78.53398,11.47953],[78.55143,11.48171],[78.55557,11.46867],[78.54798,11.45766],[78.56104,11.45944],[78.57703,11.47196],[78.58068,11.46861],[78.58642,11.47525],[78.59783,11.47837],[78.60066,11.47717],[78.59493,11.46252],[78.60194,11.46296],[78.61967,11.48979],[78.61069,11.4909],[78.60504,11.48412],[78.59559,11.48497],[78.59367,11.49073],[78.58326,11.49039],[78.57889,11.49977],[78.58415,11.50243],[78.57313,11.50528],[78.57372,11.51348],[78.60325,11.52055],[78.62717,11.50898],[78.64355,11.5578],[78.65394,11.56936],[78.65478,11.57937],[78.66256,11.5841],[78.64747,11.60579],[78.64805,11.63738],[78.66176,11.64745],[78.68009,11.64368],[78.67842,11.66497],[78.68306,11.6675],[78.6779,11.66712],[78.67766,11.67118],[78.68248,11.68254],[78.69254,11.68953],[78.70939,11.68977],[78.7181,11.68407],[78.73651,11.69251],[78.74874,11.69244]]]}},{"type":"Feature","properties":{"ac_no":82,"name":"Attur (SC)","district":"Salem","pc":"Kallakurichi"},"geometry":{"type":"Polygon","coordinates":[[[78.50962,11.77086],[78.52936,11.76403],[78.51849,11.75088],[78.52386,11.74572],[78.51793,11.73952],[78.51116,11.74387],[78.51125,11.73342],[78.5308,11.72938],[78.53787,11.7403],[78.53695,11.73078],[78.54423,11.72349],[78.55391,11.72336],[78.55686,11.72829],[78.56418,11.722],[78.57595,11.72772],[78.58388,11.72519],[78.59283,11.75495],[78.6022,11.75499],[78.60458,11.7587],[78.62106,11.75601],[78.62667,11.77227],[78.64016,11.76422],[78.64326,11.75365],[78.63799,11.74021],[78.63802,11.72263],[78.65266,11.71492],[78.64978,11.66993],[78.64559,11.66044],[78.66041,11.66174],[78.65826,11.648],[78.66176,11.64745],[78.64805,11.63738],[78.64747,11.60579],[78.66256,11.5841],[78.65478,11.57937],[78.65394,11.56936],[78.64355,11.5578],[78.62717,11.50898],[78.60325,11.52055],[78.57372,11.51348],[78.57313,11.50528],[78.58415,11.50243],[78.57889,11.49977],[78.58326,11.49039],[78.59367,11.49073],[78.59559,11.48497],[78.60504,11.48412],[78.61069,11.4909],[78.61967,11.48979],[78.60194,11.46296],[78.59493,11.46252],[78.60066,11.47717],[78.59783,11.47837],[78.58642,11.47525],[78.58068,11.46861],[78.57703,11.47196],[78.56104,11.45944],[78.54798,11.45766],[78.55557,11.46867],[78.55143,11.48171],[78.53398,11.47953],[78.52149,11.47085],[78.50586,11.47971],[78.49193,11.47624],[78.48919,11.47978],[78.49678,11.4924],[78.48524,11.48436],[78.47736,11.48969],[78.47862,11.50167],[78.46487,11.50266],[78.4733,11.5228],[78.47022,11.5294],[78.4616,11.52935],[78.45981,11.53447],[78.46651,11.53764],[78.4543,11.54246],[78.4606,11.56146],[78.44878,11.56558],[78.45159,11.59716],[78.43304,11.59541],[78.42483,11.61179],[78.41781,11.61078],[78.41679,11.61465],[78.42682,11.63197],[78.4199,11.63256],[78.42633,11.63703],[78.41722,11.63823],[78.41995,11.66069],[78.42571,11.67149],[78.41771,11.6844],[78.42614,11.69009],[78.42945,11.68933],[78.42826,11.68517],[78.43252,11.68571],[78.43822,11.6995],[78.42979,11.70283],[78.42793,11.71118],[78.42014,11.70364],[78.41024,11.70619],[78.41443,11.70921],[78.415,11.72011],[78.41974,11.71835],[78.42781,11.73105],[78.43627,11.73204],[78.43771,11.74654],[78.45653,11.74959],[78.45672,11.74365],[78.47558,11.76134],[78.50962,11.77086]]]}},{"type":"Feature","properties":{"ac_no":83,"name":"Yercaud (ST)","district":"Salem","pc":"Kallakurichi"},"geometry":{"type":"Polygon","coordinates":[[[78.23592,11.91822],[78.25483,11.93359],[78.25616,11.93989],[78.27332,11.93867],[78.26338,11.92751],[78.25969,11.91109],[78.27667,11.93146],[78.29017,11.93173],[78.29307,11.92901],[78.28835,11.92402],[78.27984,11.92318],[78.27981,11.91306],[78.26925,11.89895],[78.27238,11.89745],[78.29269,11.90618],[78.29203,11.91388],[78.31907,11.93204],[78.32869,11.9264],[78.33159,11.91935],[78.32335,11.9043],[78.32659,11.89877],[78.30814,11.88147],[78.33519,11.90048],[78.3401,11.89668],[78.3572,11.91353],[78.36051,11.90835],[78.3534,11.89362],[78.3676,11.88875],[78.3672,11.87963],[78.35559,11.8644],[78.35133,11.8483],[78.34785,11.84823],[78.35144,11.84548],[78.34673,11.83975],[78.35077,11.83378],[78.32862,11.79704],[78.31294,11.78305],[78.32221,11.778],[78.3293,11.77623],[78.34597,11.79322],[78.35166,11.79319],[78.3819,11.82822],[78.40291,11.87365],[78.41426,11.88016],[78.44126,11.86879],[78.43279,11.86236],[78.44057,11.84004],[78.44898,11.83013],[78.46883,11.82375],[78.47377,11.81767],[78.51249,11.81155],[78.5222,11.81548],[78.54006,11.80543],[78.5726,11.8198],[78.59728,11.82388],[78.60761,11.84835],[78.62744,11.87171],[78.63307,11.86466],[78.65295,11.86601],[78.65871,11.85666],[78.68186,11.85735],[78.69493,11.85077],[78.69063,11.80431],[78.66551,11.79642],[78.66271,11.77976],[78.64016,11.76422],[78.62667,11.77227],[78.62106,11.75601],[78.60458,11.7587],[78.6022,11.75499],[78.59283,11.75495],[78.58388,11.72519],[78.57595,11.72772],[78.56418,11.722],[78.55686,11.72829],[78.55391,11.72336],[78.54423,11.72349],[78.53695,11.73078],[78.53787,11.7403],[78.5308,11.72938],[78.51125,11.73342],[78.51116,11.74387],[78.51793,11.73952],[78.52386,11.74572],[78.51849,11.75088],[78.52936,11.76403],[78.50962,11.77086],[78.47558,11.76134],[78.45672,11.74365],[78.45653,11.74959],[78.43771,11.74654],[78.43627,11.73204],[78.42781,11.73105],[78.41974,11.71835],[78.415,11.72011],[78.41443,11.70921],[78.41024,11.70619],[78.42014,11.70364],[78.42793,11.71118],[78.42979,11.70283],[78.43822,11.6995],[78.43252,11.68571],[78.42826,11.68517],[78.42945,11.68933],[78.42614,11.69009],[78.41771,11.6844],[78.42571,11.67149],[78.41995,11.66069],[78.41722,11.63823],[78.42633,11.63703],[78.4199,11.63256],[78.42682,11.63197],[78.41679,11.61465],[78.41781,11.61078],[78.42483,11.61179],[78.43304,11.59541],[78.38581,11.58655],[78.38283,11.57528],[78.37579,11.57742],[78.37445,11.58861],[78.35645,11.55896],[78.34347,11.54658],[78.34518,11.54168],[78.32844,11.53136],[78.3263,11.53651],[78.31002,11.54126],[78.32321,11.54268],[78.32395,11.5545],[78.32944,11.55856],[78.30722,11.56468],[78.31028,11.57498],[78.31773,11.5734],[78.31921,11.57855],[78.30973,11.5879],[78.31278,11.59653],[78.31802,11.59886],[78.31804,11.60622],[78.31218,11.6242],[78.29676,11.6368],[78.27662,11.64055],[78.2714,11.63151],[78.25297,11.62352],[78.25907,11.63413],[78.25794,11.64035],[78.24089,11.63236],[78.22077,11.63444],[78.22455,11.64969],[78.22902,11.65114],[78.22392,11.65518],[78.20935,11.65027],[78.20743,11.66271],[78.21031,11.67366],[78.19468,11.67968],[78.20174,11.6857],[78.20326,11.69943],[78.21515,11.71556],[78.2055,11.71665],[78.20499,11.7246],[78.186,11.7116],[78.18794,11.72033],[78.1782,11.71988],[78.17743,11.72973],[78.17003,11.73793],[78.14781,11.74338],[78.15931,11.7543],[78.15939,11.77853],[78.15374,11.78489],[78.13812,11.79046],[78.12893,11.80234],[78.12923,11.80882],[78.13658,11.81822],[78.14981,11.82171],[78.1389,11.83563],[78.14244,11.84642],[78.15048,11.8469],[78.1627,11.83738],[78.16737,11.84401],[78.15458,11.85975],[78.15976,11.88532],[78.16993,11.89615],[78.17552,11.89312],[78.17442,11.88734],[78.19275,11.87793],[78.19624,11.8685],[78.20687,11.86981],[78.2118,11.87746],[78.20785,11.88127],[78.23592,11.91822]]]}},{"type":"Feature","properties":{"ac_no":84,"name":"Omalur","district":"Salem","pc":"Salem"},"geometry":{"type":"Polygon","coordinates":[[[78.14044,11.96664],[78.235,11.97896],[78.24493,11.96862],[78.25207,11.9496],[78.2496,11.93766],[78.23592,11.91822],[78.20785,11.88127],[78.2118,11.87746],[78.20687,11.86981],[78.19624,11.8685],[78.19275,11.87793],[78.17442,11.88734],[78.17552,11.89312],[78.16993,11.89615],[78.15976,11.88532],[78.15458,11.85975],[78.16737,11.84401],[78.1627,11.83738],[78.15048,11.8469],[78.14244,11.84642],[78.1389,11.83563],[78.14981,11.82171],[78.13658,11.81822],[78.12923,11.80882],[78.12893,11.80234],[78.13812,11.79046],[78.15374,11.78489],[78.15939,11.77853],[78.15931,11.7543],[78.14781,11.74338],[78.13015,11.72497],[78.11382,11.72727],[78.10694,11.73243],[78.0809,11.72564],[78.06836,11.73063],[78.06751,11.72613],[78.05568,11.72668],[78.04592,11.72039],[78.03758,11.73118],[78.035,11.71195],[78.01666,11.71944],[78.00164,11.70685],[77.98928,11.70812],[77.98392,11.70246],[77.98503,11.69544],[77.97853,11.69455],[77.96902,11.67908],[77.96217,11.68243],[77.95722,11.67767],[77.94696,11.68429],[77.93699,11.68104],[77.93292,11.69277],[77.92484,11.69652],[77.91709,11.68593],[77.91372,11.6902],[77.9056,11.6888],[77.90008,11.69679],[77.90415,11.72153],[77.91238,11.7268],[77.9337,11.72284],[77.94488,11.72849],[77.9337,11.74129],[77.94209,11.74113],[77.9456,11.74635],[77.94628,11.75022],[77.93446,11.76026],[77.94589,11.77156],[77.94603,11.78003],[77.95389,11.77933],[77.95455,11.78425],[77.96732,11.77984],[77.971,11.76278],[77.97564,11.76978],[77.99878,11.75999],[78.0193,11.77143],[78.02211,11.7754],[78.00653,11.78302],[78.00504,11.80533],[78.00874,11.81301],[78.00136,11.81126],[78.00284,11.818],[77.9902,11.82598],[77.99327,11.83744],[77.98711,11.84049],[77.99066,11.84849],[77.9812,11.85419],[77.98997,11.86249],[77.98239,11.87547],[77.98742,11.87977],[77.98572,11.88342],[77.9811,11.8816],[77.97923,11.89117],[78.02884,11.90939],[78.05654,11.92864],[78.06124,11.93793],[78.07379,11.93708],[78.10056,11.9556],[78.11869,11.95986],[78.14044,11.96664]]]}},{"type":"Feature","properties":{"ac_no":85,"name":"Mettur","district":"Salem","pc":"Dharmapuri"},"geometry":{"type":"Polygon","coordinates":[[[77.67554,11.95205],[77.69125,11.94191],[77.73757,11.94023],[77.74037,11.93165],[77.75054,11.9281],[77.76237,11.91009],[77.80742,11.9092],[77.84756,11.8946],[77.85007,11.90505],[77.86726,11.91593],[77.8734,11.9108],[77.88283,11.9123],[77.89514,11.9078],[77.9051,11.90041],[77.93446,11.90034],[77.94809,11.89492],[77.9556,11.90095],[77.97805,11.89664],[77.97984,11.90271],[77.99815,11.90926],[78.01102,11.92155],[78.02689,11.92093],[78.03474,11.93497],[78.06124,11.93793],[78.05654,11.92864],[78.02884,11.90939],[77.97923,11.89117],[77.9811,11.8816],[77.98572,11.88342],[77.98742,11.87977],[77.98239,11.87547],[77.98997,11.86249],[77.9812,11.85419],[77.99066,11.84849],[77.98711,11.84049],[77.99327,11.83744],[77.9902,11.82598],[78.00284,11.818],[78.00136,11.81126],[78.00874,11.81301],[78.00504,11.80533],[78.00653,11.78302],[78.02211,11.7754],[78.0193,11.77143],[77.99878,11.75999],[77.97564,11.76978],[77.971,11.76278],[77.96732,11.77984],[77.95455,11.78425],[77.95389,11.77933],[77.94603,11.78003],[77.93614,11.79394],[77.92063,11.79573],[77.91688,11.80206],[77.91343,11.79701],[77.89997,11.7976],[77.89473,11.78199],[77.88437,11.78335],[77.88204,11.79102],[77.87012,11.7999],[77.86398,11.78734],[77.86711,11.78285],[77.85177,11.76447],[77.8158,11.75277],[77.80587,11.75534],[77.81064,11.76484],[77.79778,11.76434],[77.78426,11.73534],[77.7816,11.70978],[77.77535,11.69636],[77.77039,11.69705],[77.74878,11.65936],[77.74567,11.65455],[77.73398,11.65768],[77.72419,11.64958],[77.7154,11.64915],[77.71607,11.64193],[77.70603,11.63444],[77.69998,11.6347],[77.68934,11.65208],[77.69792,11.69353],[77.69014,11.6941],[77.69482,11.70612],[77.6908,11.71816],[77.69548,11.72083],[77.70812,11.76651],[77.72207,11.79515],[77.71,11.79774],[77.71039,11.81058],[77.69981,11.81082],[77.69128,11.81803],[77.66619,11.82436],[77.66129,11.81394],[77.65269,11.81272],[77.64655,11.8191],[77.66239,11.85246],[77.66181,11.87819],[77.68538,11.8777],[77.68521,11.88979],[77.67908,11.90048],[77.68056,11.92461],[77.67554,11.95205]]]}},{"type":"Feature","properties":{"ac_no":86,"name":"Edappadi","district":"Salem","pc":"Salem"},"geometry":{"type":"Polygon","coordinates":[[[77.94603,11.78003],[77.94589,11.77156],[77.93446,11.76026],[77.94628,11.75022],[77.9456,11.74635],[77.94209,11.74113],[77.9337,11.74129],[77.94488,11.72849],[77.9337,11.72284],[77.91238,11.7268],[77.90415,11.72153],[77.90008,11.69679],[77.9056,11.6888],[77.90017,11.68095],[77.90339,11.67079],[77.9153,11.6688],[77.91634,11.6591],[77.92048,11.65889],[77.92373,11.66821],[77.94233,11.66525],[77.94145,11.62447],[77.9515,11.6196],[77.95052,11.60465],[77.95819,11.59026],[77.94261,11.56733],[77.93346,11.56826],[77.93179,11.57549],[77.92447,11.57525],[77.91964,11.56563],[77.93117,11.55605],[77.92488,11.55657],[77.92139,11.54835],[77.91558,11.54813],[77.91423,11.53744],[77.90251,11.52437],[77.88618,11.52121],[77.83862,11.531],[77.83608,11.53549],[77.84608,11.54267],[77.85161,11.56138],[77.81558,11.55786],[77.80759,11.56489],[77.80826,11.585],[77.80241,11.58263],[77.75947,11.59052],[77.75338,11.57987],[77.74574,11.57652],[77.7587,11.57278],[77.7489,11.5551],[77.74045,11.55422],[77.74266,11.56327],[77.74592,11.57036],[77.73569,11.60187],[77.76083,11.64792],[77.77535,11.69636],[77.7816,11.70978],[77.78426,11.73534],[77.79778,11.76434],[77.81064,11.76484],[77.80587,11.75534],[77.8158,11.75277],[77.85177,11.76447],[77.86711,11.78285],[77.86398,11.78734],[77.87012,11.7999],[77.88204,11.79102],[77.88437,11.78335],[77.89473,11.78199],[77.89997,11.7976],[77.91343,11.79701],[77.91688,11.80206],[77.92063,11.79573],[77.93614,11.79394],[77.94603,11.78003]]]}},{"type":"Feature","properties":{"ac_no":87,"name":"Sankari","district":"Salem","pc":"Namakkal"},"geometry":{"type":"Polygon","coordinates":[[[78.00164,11.70685],[78.00134,11.7004],[78.00884,11.69068],[78.02492,11.70029],[78.02906,11.69821],[78.02735,11.69508],[78.03302,11.69727],[78.04012,11.69059],[78.03382,11.68877],[78.03699,11.68717],[78.02999,11.65945],[78.02086,11.65685],[78.01492,11.66316],[78.01159,11.65323],[78.00514,11.64852],[78.02665,11.62862],[78.02859,11.62043],[78.01763,11.60713],[77.99883,11.61064],[77.99622,11.60179],[77.99883,11.59166],[78.01419,11.58629],[78.00587,11.55612],[78.02012,11.55226],[78.0186,11.52884],[78.00604,11.52439],[77.97829,11.52884],[77.97368,11.51457],[77.97702,11.50024],[77.97225,11.46822],[77.95533,11.46917],[77.94904,11.47416],[77.94179,11.46023],[77.92897,11.45795],[77.92325,11.46141],[77.9243,11.45146],[77.91901,11.45201],[77.91528,11.45849],[77.91355,11.44369],[77.91014,11.44219],[77.91075,11.42215],[77.90642,11.42529],[77.8995,11.41945],[77.8898,11.41955],[77.89012,11.42426],[77.88022,11.42316],[77.87495,11.41325],[77.86462,11.41719],[77.86377,11.42352],[77.85312,11.41483],[77.85245,11.42211],[77.84774,11.42079],[77.8504,11.43446],[77.84709,11.43641],[77.81972,11.44577],[77.83467,11.45726],[77.82985,11.47026],[77.80834,11.46888],[77.81576,11.46759],[77.8144,11.45762],[77.80575,11.45918],[77.8038,11.44835],[77.78393,11.45078],[77.79104,11.46612],[77.78445,11.47779],[77.77292,11.48276],[77.76565,11.479],[77.76034,11.45097],[77.74208,11.44587],[77.73142,11.44481],[77.71938,11.4534],[77.70867,11.44925],[77.71194,11.46389],[77.70917,11.46565],[77.70625,11.46103],[77.69669,11.46446],[77.70243,11.48252],[77.73152,11.51014],[77.73236,11.51778],[77.72386,11.5358],[77.74266,11.56327],[77.74045,11.55422],[77.7489,11.5551],[77.7587,11.57278],[77.74574,11.57652],[77.75338,11.57987],[77.75947,11.59052],[77.80241,11.58263],[77.80826,11.585],[77.80759,11.56489],[77.81558,11.55786],[77.85161,11.56138],[77.84608,11.54267],[77.83608,11.53549],[77.83862,11.531],[77.88618,11.52121],[77.90251,11.52437],[77.91423,11.53744],[77.91558,11.54813],[77.92139,11.54835],[77.92488,11.55657],[77.93117,11.55605],[77.91964,11.56563],[77.92447,11.57525],[77.93179,11.57549],[77.93346,11.56826],[77.94261,11.56733],[77.95819,11.59026],[77.95052,11.60465],[77.9515,11.6196],[77.94145,11.62447],[77.94233,11.66525],[77.92373,11.66821],[77.92048,11.65889],[77.91634,11.6591],[77.9153,11.6688],[77.90339,11.67079],[77.90017,11.68095],[77.9056,11.6888],[77.91372,11.6902],[77.91709,11.68593],[77.92484,11.69652],[77.93292,11.69277],[77.93699,11.68104],[77.94696,11.68429],[77.95722,11.67767],[77.96217,11.68243],[77.96902,11.67908],[77.97853,11.69455],[77.98503,11.69544],[77.98392,11.70246],[77.98928,11.70812],[78.00164,11.70685]]]}},{"type":"Feature","properties":{"ac_no":88,"name":"Salem (West)","district":"Salem","pc":"Salem"},"geometry":{"type":"Polygon","coordinates":[[[78.17003,11.73793],[78.17743,11.72973],[78.1782,11.71988],[78.18794,11.72033],[78.186,11.7116],[78.20499,11.7246],[78.2055,11.71665],[78.21515,11.71556],[78.20326,11.69943],[78.18904,11.70196],[78.1855,11.69501],[78.17511,11.69576],[78.17061,11.7108],[78.16492,11.70942],[78.16611,11.71755],[78.16154,11.72078],[78.15502,11.71934],[78.1553,11.70454],[78.13713,11.69678],[78.1311,11.70518],[78.13274,11.71081],[78.12324,11.71167],[78.12049,11.70523],[78.10826,11.70207],[78.10105,11.69514],[78.10211,11.67271],[78.09124,11.66634],[78.09324,11.66183],[78.09004,11.64842],[78.08077,11.64506],[78.07879,11.65096],[78.08454,11.6536],[78.07725,11.65533],[78.07343,11.66639],[78.0667,11.66493],[78.06829,11.67268],[78.0595,11.67677],[78.05094,11.67388],[78.04807,11.69105],[78.04012,11.69059],[78.03302,11.69727],[78.02735,11.69508],[78.02906,11.69821],[78.02492,11.70029],[78.00884,11.69068],[78.00134,11.7004],[78.00164,11.70685],[78.01666,11.71944],[78.035,11.71195],[78.03758,11.73118],[78.04592,11.72039],[78.05568,11.72668],[78.06751,11.72613],[78.06836,11.73063],[78.0809,11.72564],[78.10694,11.73243],[78.11382,11.72727],[78.13015,11.72497],[78.14781,11.74338],[78.17003,11.73793]]]}},{"type":"Feature","properties":{"ac_no":89,"name":"Salem (North)","district":"Salem","pc":"Salem"},"geometry":{"type":"Polygon","coordinates":[[[78.20326,11.69943],[78.20174,11.6857],[78.19468,11.67968],[78.21031,11.67366],[78.20743,11.66271],[78.19601,11.65946],[78.19075,11.66509],[78.15758,11.65826],[78.14827,11.65091],[78.11988,11.64867],[78.11098,11.65799],[78.10561,11.66615],[78.09324,11.66183],[78.09124,11.66634],[78.10211,11.67271],[78.10105,11.69514],[78.10826,11.70207],[78.12049,11.70523],[78.12324,11.71167],[78.13274,11.71081],[78.1311,11.70518],[78.13713,11.69678],[78.1553,11.70454],[78.15502,11.71934],[78.16154,11.72078],[78.16611,11.71755],[78.16492,11.70942],[78.17061,11.7108],[78.17511,11.69576],[78.1855,11.69501],[78.18904,11.70196],[78.20326,11.69943]]]}},{"type":"Feature","properties":{"ac_no":90,"name":"Salem (South)","district":"Salem","pc":"Salem"},"geometry":{"type":"Polygon","coordinates":[[[78.20743,11.66271],[78.20935,11.65027],[78.22392,11.65518],[78.22902,11.65114],[78.19832,11.64258],[78.19625,11.6307],[78.19082,11.6252],[78.1774,11.62375],[78.17546,11.63094],[78.15706,11.63143],[78.15485,11.62428],[78.13569,11.61627],[78.12583,11.63662],[78.11902,11.63243],[78.11382,11.62132],[78.09484,11.63751],[78.09669,11.65255],[78.10711,11.654],[78.10349,11.65891],[78.11098,11.65799],[78.11988,11.64867],[78.14827,11.65091],[78.15758,11.65826],[78.19075,11.66509],[78.19601,11.65946],[78.20743,11.66271]]]}},{"type":"Feature","properties":{"ac_no":91,"name":"Veerapandi","district":"Salem","pc":"Salem"},"geometry":{"type":"Polygon","coordinates":[[[78.11098,11.65799],[78.10349,11.65891],[78.10711,11.654],[78.09669,11.65255],[78.09484,11.63751],[78.11382,11.62132],[78.11902,11.63243],[78.12583,11.63662],[78.13569,11.61627],[78.15485,11.62428],[78.15706,11.63143],[78.17546,11.63094],[78.1774,11.62375],[78.19082,11.6252],[78.19625,11.6307],[78.19832,11.64258],[78.22455,11.64969],[78.22077,11.63444],[78.24089,11.63236],[78.25794,11.64035],[78.25907,11.63413],[78.25297,11.62352],[78.2714,11.63151],[78.27662,11.64055],[78.29676,11.6368],[78.31218,11.6242],[78.31804,11.60622],[78.31802,11.59886],[78.31278,11.59653],[78.30973,11.5879],[78.27188,11.57874],[78.26428,11.56706],[78.27703,11.56585],[78.26385,11.55914],[78.24315,11.553],[78.23922,11.55774],[78.2087,11.56515],[78.20122,11.55283],[78.18081,11.55085],[78.17638,11.5486],[78.17784,11.54475],[78.16556,11.54831],[78.15979,11.53866],[78.14629,11.53854],[78.13811,11.54406],[78.13143,11.53817],[78.11675,11.54055],[78.10989,11.55581],[78.10543,11.55738],[78.09106,11.54636],[78.08621,11.54594],[78.08333,11.5541],[78.07692,11.54266],[78.07766,11.52849],[78.07359,11.52215],[78.06962,11.52366],[78.07046,11.52853],[78.06742,11.52271],[78.06166,11.5228],[78.05855,11.51517],[78.05541,11.52237],[78.05383,11.51379],[78.0354,11.52226],[78.03476,11.5291],[78.0186,11.52884],[78.02012,11.55226],[78.00587,11.55612],[78.01419,11.58629],[77.99883,11.59166],[77.99622,11.60179],[77.99883,11.61064],[78.01763,11.60713],[78.02859,11.62043],[78.02665,11.62862],[78.00514,11.64852],[78.01159,11.65323],[78.01492,11.66316],[78.02086,11.65685],[78.02999,11.65945],[78.03699,11.68717],[78.03382,11.68877],[78.04012,11.69059],[78.04807,11.69105],[78.05094,11.67388],[78.0595,11.67677],[78.06829,11.67268],[78.0667,11.66493],[78.07343,11.66639],[78.07725,11.65533],[78.08454,11.6536],[78.07879,11.65096],[78.08077,11.64506],[78.09004,11.64842],[78.09324,11.66183],[78.10561,11.66615],[78.11098,11.65799]]]}},{"type":"Feature","properties":{"ac_no":92,"name":"Rasipuram (SC)","district":"Namakkal","pc":"Namakkal"},"geometry":{"type":"Polygon","coordinates":[[[78.43304,11.59541],[78.45159,11.59716],[78.44878,11.56558],[78.4606,11.56146],[78.4543,11.54246],[78.46651,11.53764],[78.45981,11.53447],[78.4616,11.52935],[78.47022,11.5294],[78.4733,11.5228],[78.46487,11.50266],[78.46151,11.49538],[78.45832,11.50247],[78.43958,11.49507],[78.43428,11.49931],[78.43289,11.47591],[78.42596,11.47308],[78.4327,11.46282],[78.43718,11.46386],[78.44498,11.43985],[78.45716,11.43851],[78.44837,11.42939],[78.41771,11.41996],[78.41441,11.4242],[78.40731,11.42382],[78.40973,11.42936],[78.40255,11.42937],[78.40153,11.44629],[78.39356,11.44737],[78.38521,11.44084],[78.36841,11.44716],[78.36088,11.43658],[78.35056,11.4318],[78.34489,11.4341],[78.33709,11.42593],[78.34326,11.41683],[78.33913,11.41296],[78.32483,11.4122],[78.29863,11.43133],[78.31643,11.45442],[78.31342,11.46625],[78.31998,11.48157],[78.31987,11.48543],[78.30442,11.48029],[78.30085,11.48495],[78.25504,11.47891],[78.23785,11.4649],[78.23469,11.45729],[78.23795,11.44581],[78.22923,11.441],[78.22346,11.4301],[78.23326,11.42642],[78.24354,11.39328],[78.22699,11.38308],[78.22367,11.38486],[78.23221,11.39429],[78.22256,11.39435],[78.2169,11.39888],[78.20608,11.39632],[78.2091,11.4046],[78.20246,11.41293],[78.1953,11.41318],[78.19701,11.42269],[78.1876,11.42383],[78.17146,11.4108],[78.17468,11.42373],[78.17166,11.42637],[78.16244,11.42246],[78.16344,11.42876],[78.15426,11.42944],[78.15348,11.41952],[78.14176,11.42353],[78.14516,11.41342],[78.13824,11.41366],[78.13491,11.41883],[78.13565,11.40917],[78.11925,11.4097],[78.12417,11.41662],[78.10618,11.41889],[78.11193,11.43079],[78.11637,11.43152],[78.11624,11.44846],[78.10637,11.46443],[78.09413,11.46339],[78.08746,11.44686],[78.08284,11.44551],[78.06675,11.45258],[78.06066,11.45958],[78.06174,11.46439],[78.05305,11.46638],[78.05099,11.48844],[78.06006,11.48466],[78.06296,11.49018],[78.06623,11.48423],[78.07959,11.48953],[78.08303,11.49971],[78.07518,11.50054],[78.0697,11.5084],[78.07359,11.52215],[78.07766,11.52849],[78.07692,11.54266],[78.08333,11.5541],[78.08621,11.54594],[78.09106,11.54636],[78.10543,11.55738],[78.10989,11.55581],[78.11675,11.54055],[78.13143,11.53817],[78.13811,11.54406],[78.14629,11.53854],[78.15979,11.53866],[78.16556,11.54831],[78.17784,11.54475],[78.17638,11.5486],[78.18081,11.55085],[78.20122,11.55283],[78.2087,11.56515],[78.23922,11.55774],[78.24315,11.553],[78.26385,11.55914],[78.27703,11.56585],[78.26428,11.56706],[78.27188,11.57874],[78.30973,11.5879],[78.31921,11.57855],[78.31773,11.5734],[78.31028,11.57498],[78.30722,11.56468],[78.32944,11.55856],[78.32395,11.5545],[78.32321,11.54268],[78.31002,11.54126],[78.3263,11.53651],[78.32844,11.53136],[78.34518,11.54168],[78.34347,11.54658],[78.35645,11.55896],[78.37445,11.58861],[78.37579,11.57742],[78.38283,11.57528],[78.38581,11.58655],[78.43304,11.59541]]]}},{"type":"Feature","properties":{"ac_no":93,"name":"Senthamangalam(ST)","district":"Namakkal","pc":"Namakkal"},"geometry":{"type":"Polygon","coordinates":[[[78.30085,11.48495],[78.30442,11.48029],[78.31987,11.48543],[78.31998,11.48157],[78.31342,11.46625],[78.31643,11.45442],[78.29863,11.43133],[78.32483,11.4122],[78.33913,11.41296],[78.34326,11.41683],[78.33709,11.42593],[78.34489,11.4341],[78.35056,11.4318],[78.36088,11.43658],[78.36841,11.44716],[78.38521,11.44084],[78.39356,11.44737],[78.40153,11.44629],[78.40255,11.42937],[78.40973,11.42936],[78.40731,11.42382],[78.41441,11.4242],[78.41771,11.41996],[78.44837,11.42939],[78.44276,11.4081],[78.44574,11.40242],[78.42631,11.38625],[78.45986,11.40419],[78.48027,11.40635],[78.48271,11.41336],[78.48773,11.41382],[78.48607,11.40704],[78.47914,11.38754],[78.4695,11.38555],[78.46415,11.37658],[78.45567,11.355],[78.457,11.33967],[78.44668,11.34438],[78.44744,11.33177],[78.4556,11.33205],[78.46518,11.31169],[78.45314,11.29864],[78.44696,11.27472],[78.43772,11.26751],[78.43932,11.25895],[78.42054,11.22191],[78.42141,11.21241],[78.41376,11.2082],[78.41102,11.19822],[78.38127,11.18759],[78.38712,11.17736],[78.37797,11.1769],[78.38124,11.13972],[78.3767,11.13455],[78.3459,11.1388],[78.34703,11.12333],[78.34312,11.1124],[78.32726,11.10339],[78.32521,11.09705],[78.33878,11.09482],[78.34142,11.09016],[78.33685,11.08373],[78.34096,11.08373],[78.35152,11.06869],[78.36347,11.06452],[78.36081,11.04828],[78.35042,11.04846],[78.34437,11.02565],[78.32952,11.03001],[78.32292,11.05938],[78.29479,11.07156],[78.28984,11.07744],[78.27317,11.07755],[78.2658,11.07029],[78.25585,11.07484],[78.24891,11.09261],[78.23085,11.09481],[78.22845,11.10039],[78.2225,11.09958],[78.21164,11.10769],[78.21315,11.12037],[78.19864,11.12546],[78.20041,11.13226],[78.18802,11.13901],[78.19786,11.16108],[78.19549,11.16677],[78.18303,11.17378],[78.18793,11.18977],[78.18347,11.20301],[78.1852,11.21305],[78.19448,11.22041],[78.21517,11.22677],[78.20842,11.2388],[78.20658,11.25352],[78.21271,11.26381],[78.21083,11.27082],[78.21547,11.27422],[78.21943,11.2977],[78.21079,11.31015],[78.21971,11.32467],[78.24526,11.33872],[78.25044,11.35104],[78.23712,11.35341],[78.22511,11.36516],[78.22367,11.38486],[78.22699,11.38308],[78.24354,11.39328],[78.23326,11.42642],[78.22346,11.4301],[78.22923,11.441],[78.23795,11.44581],[78.23469,11.45729],[78.23785,11.4649],[78.25504,11.47891],[78.30085,11.48495]]]}},{"type":"Feature","properties":{"ac_no":94,"name":"Namakkal","district":"Namakkal","pc":"Namakkal"},"geometry":{"type":"Polygon","coordinates":[[[78.16344,11.42876],[78.16244,11.42246],[78.17166,11.42637],[78.17468,11.42373],[78.17146,11.4108],[78.1876,11.42383],[78.19701,11.42269],[78.1953,11.41318],[78.20246,11.41293],[78.2091,11.4046],[78.20608,11.39632],[78.2169,11.39888],[78.22256,11.39435],[78.23221,11.39429],[78.22367,11.38486],[78.22511,11.36516],[78.23712,11.35341],[78.25044,11.35104],[78.24526,11.33872],[78.21971,11.32467],[78.21079,11.31015],[78.21943,11.2977],[78.21547,11.27422],[78.21083,11.27082],[78.21271,11.26381],[78.20658,11.25352],[78.20842,11.2388],[78.21517,11.22677],[78.19448,11.22041],[78.1852,11.21305],[78.18347,11.20301],[78.18793,11.18977],[78.18303,11.17378],[78.19549,11.16677],[78.19786,11.16108],[78.18802,11.13901],[78.20041,11.13226],[78.19864,11.12546],[78.21315,11.12037],[78.21164,11.10769],[78.2225,11.09958],[78.22845,11.10039],[78.23085,11.09481],[78.22887,11.08549],[78.23661,11.06587],[78.22903,11.05451],[78.22152,11.05733],[78.21989,11.06664],[78.20436,11.06994],[78.20127,11.0748],[78.19575,11.06431],[78.18237,11.07034],[78.16339,11.04869],[78.16405,11.04471],[78.18164,11.04143],[78.19668,11.04539],[78.19906,11.02893],[78.19478,11.02198],[78.16525,11.01229],[78.14778,11.03578],[78.11234,11.06369],[78.11376,11.0732],[78.12207,11.07421],[78.12439,11.07836],[78.12054,11.10749],[78.13157,11.11657],[78.13111,11.12485],[78.11621,11.13133],[78.12216,11.1354],[78.12103,11.1546],[78.12522,11.16314],[78.13765,11.16679],[78.13904,11.17136],[78.13326,11.17765],[78.11893,11.17745],[78.11674,11.16787],[78.10924,11.17496],[78.0926,11.17726],[78.08996,11.15145],[78.07778,11.14953],[78.07518,11.14266],[78.05958,11.14005],[78.04856,11.14531],[78.04689,11.16533],[78.04339,11.16774],[78.05787,11.17937],[78.06135,11.21001],[78.05533,11.21653],[78.05242,11.23292],[78.04195,11.23478],[78.04292,11.26373],[78.03855,11.27164],[78.05564,11.29336],[78.06915,11.28806],[78.07356,11.29384],[78.07818,11.29238],[78.07784,11.28388],[78.08168,11.28123],[78.11631,11.27341],[78.13267,11.28902],[78.12905,11.29127],[78.13521,11.29702],[78.13045,11.3094],[78.10477,11.31975],[78.10527,11.32813],[78.086,11.33215],[78.07563,11.34021],[78.08187,11.36209],[78.09074,11.37254],[78.09776,11.40023],[78.10618,11.41889],[78.12417,11.41662],[78.11925,11.4097],[78.13565,11.40917],[78.13491,11.41883],[78.13824,11.41366],[78.14516,11.41342],[78.14176,11.42353],[78.15348,11.41952],[78.15426,11.42944],[78.16344,11.42876]]]}},{"type":"Feature","properties":{"ac_no":95,"name":"Paramathi-Velur","district":"Namakkal","pc":"Namakkal"},"geometry":{"type":"Polygon","coordinates":[[[77.98885,11.41013],[77.98966,11.41338],[78.01352,11.4054],[78.02322,11.4081],[78.02394,11.41403],[78.03871,11.40943],[78.05575,11.39273],[78.07151,11.39503],[78.07816,11.40671],[78.08855,11.4004],[78.09776,11.40023],[78.09074,11.37254],[78.08187,11.36209],[78.07563,11.34021],[78.086,11.33215],[78.10527,11.32813],[78.10477,11.31975],[78.13045,11.3094],[78.13521,11.29702],[78.12905,11.29127],[78.13267,11.28902],[78.11631,11.27341],[78.08168,11.28123],[78.07784,11.28388],[78.07818,11.29238],[78.07356,11.29384],[78.06915,11.28806],[78.05564,11.29336],[78.03855,11.27164],[78.04292,11.26373],[78.04195,11.23478],[78.05242,11.23292],[78.05533,11.21653],[78.06135,11.21001],[78.05787,11.17937],[78.04339,11.16774],[78.04689,11.16533],[78.04856,11.14531],[78.05958,11.14005],[78.07518,11.14266],[78.07778,11.14953],[78.08996,11.15145],[78.0926,11.17726],[78.10924,11.17496],[78.11674,11.16787],[78.11893,11.17745],[78.13326,11.17765],[78.13904,11.17136],[78.13765,11.16679],[78.12522,11.16314],[78.12103,11.1546],[78.12216,11.1354],[78.11621,11.13133],[78.13111,11.12485],[78.13157,11.11657],[78.12054,11.10749],[78.12439,11.07836],[78.12207,11.07421],[78.11376,11.0732],[78.11234,11.06369],[78.1024,11.07403],[78.08993,11.07839],[78.06055,11.07629],[78.05288,11.07369],[78.04778,11.07859],[78.02111,11.09343],[77.99407,11.09697],[77.95223,11.06693],[77.9446,11.06548],[77.93305,11.07017],[77.90431,11.07321],[77.89322,11.07773],[77.88775,11.08678],[77.88165,11.12555],[77.88489,11.15279],[77.88016,11.16263],[77.86557,11.17492],[77.86132,11.18595],[77.87072,11.21589],[77.86163,11.24623],[77.87099,11.25645],[77.87527,11.27966],[77.88596,11.28961],[77.89223,11.30556],[77.94265,11.30531],[77.98463,11.29694],[77.98969,11.31825],[77.98628,11.33606],[77.99627,11.34108],[78.01116,11.36523],[78.00937,11.37126],[77.97842,11.37983],[77.98885,11.41013]]]}},{"type":"Feature","properties":{"ac_no":96,"name":"Tiruchengodu","district":"Namakkal","pc":"Namakkal"},"geometry":{"type":"Polygon","coordinates":[[[78.0186,11.52884],[78.03476,11.5291],[78.0354,11.52226],[78.05383,11.51379],[78.05541,11.52237],[78.05855,11.51517],[78.06166,11.5228],[78.06742,11.52271],[78.07046,11.52853],[78.06962,11.52366],[78.07359,11.52215],[78.0697,11.5084],[78.07518,11.50054],[78.08303,11.49971],[78.07959,11.48953],[78.06623,11.48423],[78.06296,11.49018],[78.06006,11.48466],[78.05099,11.48844],[78.05305,11.46638],[78.06174,11.46439],[78.06066,11.45958],[78.06675,11.45258],[78.08284,11.44551],[78.08746,11.44686],[78.09413,11.46339],[78.10637,11.46443],[78.11624,11.44846],[78.11637,11.43152],[78.11193,11.43079],[78.10618,11.41889],[78.09776,11.40023],[78.08855,11.4004],[78.07816,11.40671],[78.07151,11.39503],[78.05575,11.39273],[78.03871,11.40943],[78.02394,11.41403],[78.02322,11.4081],[78.01352,11.4054],[77.98966,11.41338],[77.98885,11.41013],[77.97842,11.37983],[78.00937,11.37126],[78.01116,11.36523],[77.99627,11.34108],[77.98628,11.33606],[77.98969,11.31825],[77.98463,11.29694],[77.94265,11.30531],[77.89223,11.30556],[77.88596,11.28961],[77.87527,11.27966],[77.87099,11.25645],[77.86163,11.24623],[77.83861,11.26154],[77.81017,11.26598],[77.79095,11.29257],[77.8133,11.31349],[77.81344,11.33486],[77.80204,11.3365],[77.79378,11.35141],[77.79827,11.35687],[77.81316,11.36064],[77.8148,11.36964],[77.83564,11.37648],[77.84797,11.40082],[77.84333,11.40905],[77.84709,11.43641],[77.8504,11.43446],[77.84774,11.42079],[77.85245,11.42211],[77.85312,11.41483],[77.86377,11.42352],[77.86462,11.41719],[77.87495,11.41325],[77.88022,11.42316],[77.89012,11.42426],[77.8898,11.41955],[77.8995,11.41945],[77.90642,11.42529],[77.91075,11.42215],[77.91014,11.44219],[77.91355,11.44369],[77.91528,11.45849],[77.91901,11.45201],[77.9243,11.45146],[77.92325,11.46141],[77.92897,11.45795],[77.94179,11.46023],[77.94904,11.47416],[77.95533,11.46917],[77.97225,11.46822],[77.97702,11.50024],[77.97368,11.51457],[77.97829,11.52884],[78.00604,11.52439],[78.0186,11.52884]]]}},{"type":"Feature","properties":{"ac_no":97,"name":"Kumarapalayam","district":"Namakkal","pc":"Erode"},"geometry":{"type":"Polygon","coordinates":[[[77.69669,11.46446],[77.70625,11.46103],[77.70917,11.46565],[77.71194,11.46389],[77.70867,11.44925],[77.71938,11.4534],[77.73142,11.44481],[77.74208,11.44587],[77.76034,11.45097],[77.76565,11.479],[77.77292,11.48276],[77.78445,11.47779],[77.79104,11.46612],[77.78393,11.45078],[77.8038,11.44835],[77.80575,11.45918],[77.8144,11.45762],[77.81576,11.46759],[77.80834,11.46888],[77.82985,11.47026],[77.83467,11.45726],[77.81972,11.44577],[77.84709,11.43641],[77.84333,11.40905],[77.84797,11.40082],[77.83564,11.37648],[77.8148,11.36964],[77.81316,11.36064],[77.79827,11.35687],[77.79378,11.35141],[77.80204,11.3365],[77.81344,11.33486],[77.8133,11.31349],[77.79095,11.29257],[77.778,11.31147],[77.75549,11.33856],[77.75065,11.35418],[77.74175,11.36511],[77.7186,11.37724],[77.68459,11.41741],[77.68386,11.42769],[77.69669,11.46446]]]}},{"type":"Feature","properties":{"ac_no":98,"name":"Erode (East)","district":"Erode","pc":"Erode"},"geometry":{"type":"Polygon","coordinates":[[[77.69008,11.38062],[77.68529,11.38387],[77.6954,11.38563],[77.69541,11.39059],[77.70373,11.39483],[77.7186,11.37724],[77.74175,11.36511],[77.75065,11.35418],[77.75549,11.33856],[77.70735,11.32078],[77.69272,11.32023],[77.69085,11.32809],[77.6802,11.32928],[77.68411,11.33186],[77.68304,11.33969],[77.70617,11.34655],[77.71004,11.35434],[77.69973,11.36445],[77.70439,11.3719],[77.69008,11.38062]]]}},{"type":"Feature","properties":{"ac_no":99,"name":"Erode (West)","district":"Erode","pc":"Erode"},"geometry":{"type":"Polygon","coordinates":[[[77.64088,11.39736],[77.64499,11.40394],[77.63935,11.43742],[77.6458,11.45908],[77.67346,11.45174],[77.68386,11.42769],[77.68459,11.41741],[77.70373,11.39483],[77.69541,11.39059],[77.6954,11.38563],[77.68529,11.38387],[77.69008,11.38062],[77.70439,11.3719],[77.69973,11.36445],[77.71004,11.35434],[77.70617,11.34655],[77.68304,11.33969],[77.68411,11.33186],[77.6802,11.32928],[77.69085,11.32809],[77.69272,11.32023],[77.70735,11.32078],[77.75549,11.33856],[77.778,11.31147],[77.77294,11.30808],[77.77582,11.30079],[77.76477,11.31461],[77.76506,11.3197],[77.7553,11.32415],[77.75265,11.31835],[77.73392,11.31688],[77.73301,11.31009],[77.72664,11.30722],[77.72361,11.29206],[77.71179,11.29227],[77.69136,11.28508],[77.68663,11.28043],[77.68204,11.25572],[77.67843,11.26519],[77.67442,11.26506],[77.66805,11.24851],[77.67724,11.23317],[77.68783,11.23567],[77.68864,11.2176],[77.68212,11.21236],[77.67603,11.21741],[77.65754,11.21757],[77.65492,11.20856],[77.64711,11.20382],[77.64328,11.1903],[77.62009,11.19238],[77.61752,11.20368],[77.60321,11.21268],[77.60452,11.22095],[77.59547,11.24371],[77.60523,11.25707],[77.60625,11.2723],[77.61666,11.27833],[77.61335,11.28127],[77.61883,11.31079],[77.62694,11.32421],[77.6239,11.3276],[77.63397,11.33934],[77.62191,11.36466],[77.64088,11.39736]]]}},{"type":"Feature","properties":{"ac_no":100,"name":"Modakkurichi","district":"Erode","pc":"Erode"},"geometry":{"type":"Polygon","coordinates":[[[77.778,11.31147],[77.79095,11.29257],[77.81017,11.26598],[77.83861,11.26154],[77.86163,11.24623],[77.87072,11.21589],[77.86132,11.18595],[77.86557,11.17492],[77.88016,11.16263],[77.88489,11.15279],[77.88165,11.12555],[77.88775,11.08678],[77.89322,11.07773],[77.90431,11.07321],[77.93305,11.07017],[77.91946,11.04682],[77.90686,11.04573],[77.90014,11.03429],[77.88787,11.03207],[77.8755,11.02363],[77.85469,11.03113],[77.85137,11.04626],[77.83069,11.04773],[77.82845,11.06251],[77.81785,11.07027],[77.80934,11.07029],[77.80474,11.06313],[77.7939,11.06743],[77.77971,11.06294],[77.77784,11.05405],[77.73886,11.08405],[77.7338,11.08389],[77.7299,11.07761],[77.71098,11.07846],[77.7013,11.09177],[77.66296,11.10143],[77.65733,11.10661],[77.65437,11.11327],[77.65851,11.12202],[77.65021,11.14265],[77.65235,11.15521],[77.64545,11.16003],[77.65148,11.17599],[77.64328,11.1903],[77.64711,11.20382],[77.65492,11.20856],[77.65754,11.21757],[77.67603,11.21741],[77.68212,11.21236],[77.68864,11.2176],[77.68783,11.23567],[77.67724,11.23317],[77.66805,11.24851],[77.67442,11.26506],[77.67843,11.26519],[77.68204,11.25572],[77.68663,11.28043],[77.69136,11.28508],[77.71179,11.29227],[77.72361,11.29206],[77.72664,11.30722],[77.73301,11.31009],[77.73392,11.31688],[77.75265,11.31835],[77.7553,11.32415],[77.76506,11.3197],[77.76477,11.31461],[77.77582,11.30079],[77.77294,11.30808],[77.778,11.31147]]]}},{"type":"Feature","properties":{"ac_no":101,"name":"Dharapuram (SC)","district":"Erode","pc":"Erode"},"geometry":{"type":"Polygon","coordinates":[[[77.42081,10.91203],[77.43194,10.90819],[77.43721,10.89013],[77.45168,10.89187],[77.45583,10.89843],[77.48627,10.90141],[77.4869,10.88333],[77.51556,10.87732],[77.51927,10.86115],[77.53894,10.86309],[77.5469,10.868],[77.55629,10.85408],[77.56088,10.86441],[77.57655,10.86499],[77.57507,10.88528],[77.56807,10.89684],[77.57417,10.90608],[77.58182,10.90749],[77.58727,10.90554],[77.59013,10.87883],[77.59838,10.87301],[77.60264,10.87546],[77.61003,10.8722],[77.61869,10.86274],[77.6547,10.86687],[77.66892,10.85515],[77.67737,10.85639],[77.68332,10.86006],[77.68518,10.88815],[77.69336,10.88345],[77.70061,10.88617],[77.71481,10.88511],[77.72532,10.87858],[77.73344,10.88074],[77.74175,10.87015],[77.7549,10.86632],[77.77661,10.86985],[77.78408,10.87389],[77.7877,10.88637],[77.79462,10.87983],[77.79596,10.86623],[77.80775,10.85854],[77.82042,10.85833],[77.83663,10.83523],[77.84635,10.83736],[77.85636,10.84936],[77.86187,10.84787],[77.87313,10.83582],[77.87566,10.80862],[77.87073,10.80111],[77.8722,10.79485],[77.88112,10.78916],[77.89175,10.79241],[77.89217,10.77389],[77.87277,10.77589],[77.8712,10.77184],[77.85492,10.78404],[77.8361,10.7869],[77.83623,10.79041],[77.82842,10.79185],[77.82789,10.79774],[77.81844,10.79729],[77.7985,10.80627],[77.79355,10.79065],[77.77756,10.79033],[77.77102,10.7674],[77.79719,10.7526],[77.81272,10.75871],[77.82664,10.75019],[77.82121,10.73342],[77.8248,10.71553],[77.8103,10.69987],[77.80855,10.68106],[77.79057,10.68515],[77.76676,10.67962],[77.76589,10.67507],[77.75323,10.66785],[77.75483,10.65207],[77.74422,10.63735],[77.73062,10.6305],[77.7201,10.6313],[77.72266,10.64098],[77.71358,10.64153],[77.69922,10.66197],[77.70922,10.68605],[77.7071,10.7091],[77.7017,10.73346],[77.68986,10.73462],[77.6649,10.71606],[77.65554,10.67318],[77.6373,10.66887],[77.59662,10.67621],[77.58574,10.68353],[77.58006,10.67922],[77.57082,10.65726],[77.5485,10.63854],[77.54278,10.61015],[77.50818,10.60713],[77.50773,10.61382],[77.51609,10.61386],[77.50661,10.62764],[77.50445,10.64257],[77.48273,10.64997],[77.47477,10.64325],[77.46585,10.645],[77.45362,10.64029],[77.44617,10.63019],[77.43211,10.63167],[77.41765,10.62582],[77.40049,10.64255],[77.39797,10.65435],[77.36519,10.65284],[77.36161,10.67576],[77.35266,10.69285],[77.32049,10.68672],[77.31977,10.68982],[77.3139,10.75033],[77.3006,10.75146],[77.29818,10.77703],[77.27555,10.79169],[77.27777,10.80309],[77.29861,10.81502],[77.2897,10.83255],[77.28779,10.85189],[77.28634,10.85467],[77.29902,10.85828],[77.31782,10.85759],[77.33342,10.86933],[77.3461,10.86847],[77.37658,10.88019],[77.37406,10.90223],[77.39463,10.90301],[77.42081,10.91203]]]}},{"type":"Feature","properties":{"ac_no":102,"name":"Kangayam","district":"Erode","pc":"Erode"},"geometry":{"type":"Polygon","coordinates":[[[77.64328,11.1903],[77.65148,11.17599],[77.64545,11.16003],[77.65235,11.15521],[77.65021,11.14265],[77.65851,11.12202],[77.65437,11.11327],[77.65733,11.10661],[77.66296,11.10143],[77.7013,11.09177],[77.71098,11.07846],[77.7299,11.07761],[77.7338,11.08389],[77.73886,11.08405],[77.78174,11.05103],[77.78217,11.03898],[77.79183,11.03319],[77.78969,11.01903],[77.78089,10.99803],[77.75861,10.9839],[77.7577,10.97917],[77.75089,10.98119],[77.75009,10.97664],[77.75264,10.96589],[77.76851,10.96663],[77.77026,10.96155],[77.76068,10.90452],[77.77154,10.8939],[77.77661,10.86985],[77.7549,10.86632],[77.74175,10.87015],[77.73344,10.88074],[77.72532,10.87858],[77.71481,10.88511],[77.70061,10.88617],[77.69336,10.88345],[77.68518,10.88815],[77.68332,10.86006],[77.67737,10.85639],[77.66892,10.85515],[77.6547,10.86687],[77.61869,10.86274],[77.61003,10.8722],[77.60264,10.87546],[77.59838,10.87301],[77.59013,10.87883],[77.58727,10.90554],[77.58182,10.90749],[77.57417,10.90608],[77.56807,10.89684],[77.57507,10.88528],[77.57655,10.86499],[77.56088,10.86441],[77.55629,10.85408],[77.5469,10.868],[77.53894,10.86309],[77.51927,10.86115],[77.51556,10.87732],[77.4869,10.88333],[77.48627,10.90141],[77.45583,10.89843],[77.45168,10.89187],[77.43721,10.89013],[77.43194,10.90819],[77.42081,10.91203],[77.41376,10.92385],[77.41768,10.92691],[77.44546,10.94391],[77.47565,10.95355],[77.4728,10.96179],[77.47589,10.9753],[77.48829,10.99001],[77.48835,11.0054],[77.50131,11.01303],[77.49899,11.0415],[77.47589,11.04521],[77.47758,11.05715],[77.46852,11.05734],[77.46867,11.09064],[77.45347,11.09363],[77.45378,11.12011],[77.46517,11.11474],[77.4705,11.11875],[77.48599,11.11722],[77.50065,11.10884],[77.50213,11.12907],[77.49335,11.14093],[77.49827,11.14542],[77.50662,11.14283],[77.50867,11.15416],[77.5136,11.15255],[77.5138,11.15875],[77.52286,11.16476],[77.5311,11.16387],[77.53405,11.16927],[77.54733,11.16975],[77.55496,11.15605],[77.55775,11.16113],[77.57501,11.15918],[77.57583,11.1682],[77.56741,11.18673],[77.56939,11.20622],[77.59493,11.20828],[77.60321,11.21268],[77.61752,11.20368],[77.62009,11.19238],[77.64328,11.1903]]]}},{"type":"Feature","properties":{"ac_no":103,"name":"Perundurai","district":"Erode","pc":"Tiruppur"},"geometry":{"type":"Polygon","coordinates":[[[77.51366,11.40936],[77.51892,11.40808],[77.51989,11.3888],[77.54891,11.37392],[77.5759,11.39174],[77.58363,11.39235],[77.5875,11.40512],[77.59428,11.40679],[77.604,11.4005],[77.61554,11.40548],[77.62174,11.39763],[77.64088,11.39736],[77.62191,11.36466],[77.63397,11.33934],[77.6239,11.3276],[77.62694,11.32421],[77.61883,11.31079],[77.61335,11.28127],[77.61666,11.27833],[77.60625,11.2723],[77.60523,11.25707],[77.59547,11.24371],[77.60452,11.22095],[77.60321,11.21268],[77.59493,11.20828],[77.56939,11.20622],[77.56741,11.18673],[77.57583,11.1682],[77.57501,11.15918],[77.55775,11.16113],[77.55496,11.15605],[77.54733,11.16975],[77.53405,11.16927],[77.5311,11.16387],[77.52286,11.16476],[77.5138,11.15875],[77.5136,11.15255],[77.50867,11.15416],[77.50662,11.14283],[77.49827,11.14542],[77.49335,11.14093],[77.50213,11.12907],[77.50065,11.10884],[77.48599,11.11722],[77.4705,11.11875],[77.46517,11.11474],[77.45378,11.12011],[77.42655,11.1295],[77.39208,11.1189],[77.37725,11.12679],[77.37676,11.13534],[77.39635,11.13594],[77.39086,11.15864],[77.40099,11.15707],[77.40552,11.19953],[77.38481,11.20661],[77.3799,11.2221],[77.37373,11.22382],[77.37315,11.23761],[77.38217,11.23911],[77.38576,11.25663],[77.39009,11.25737],[77.37696,11.2955],[77.36384,11.30196],[77.36359,11.31729],[77.36677,11.32649],[77.36204,11.3384],[77.36526,11.34059],[77.38058,11.33394],[77.38651,11.32223],[77.4184,11.30944],[77.42588,11.31619],[77.42834,11.33036],[77.46636,11.33089],[77.47733,11.3411],[77.48027,11.35695],[77.50359,11.35966],[77.50543,11.36974],[77.49787,11.37521],[77.49581,11.4033],[77.50152,11.40568],[77.50015,11.41047],[77.51366,11.40936]]]}},{"type":"Feature","properties":{"ac_no":104,"name":"Bhavani","district":"Erode","pc":"Tiruppur"},"geometry":{"type":"Polygon","coordinates":[[[77.74878,11.65936],[77.77039,11.69705],[77.77535,11.69636],[77.76083,11.64792],[77.73569,11.60187],[77.74592,11.57036],[77.74266,11.56327],[77.72386,11.5358],[77.73236,11.51778],[77.73152,11.51014],[77.70243,11.48252],[77.69669,11.46446],[77.68386,11.42769],[77.67346,11.45174],[77.6458,11.45908],[77.63935,11.43742],[77.64499,11.40394],[77.64088,11.39736],[77.62174,11.39763],[77.61554,11.40548],[77.604,11.4005],[77.59428,11.40679],[77.5875,11.40512],[77.58363,11.39235],[77.5759,11.39174],[77.54891,11.37392],[77.51989,11.3888],[77.51892,11.40808],[77.5071,11.43542],[77.50992,11.46086],[77.52128,11.46877],[77.52909,11.46704],[77.54191,11.44615],[77.5779,11.44111],[77.58498,11.43665],[77.5879,11.45078],[77.59487,11.45413],[77.57789,11.46259],[77.56866,11.46189],[77.56288,11.4716],[77.55668,11.47242],[77.55707,11.47633],[77.5622,11.47609],[77.57015,11.49177],[77.59046,11.49905],[77.60535,11.51888],[77.60052,11.52858],[77.61944,11.56863],[77.61135,11.57196],[77.61007,11.6025],[77.62447,11.61805],[77.64059,11.61643],[77.64831,11.62063],[77.65601,11.61736],[77.6689,11.63658],[77.64848,11.65207],[77.65273,11.6756],[77.657,11.6796],[77.67538,11.67605],[77.69014,11.6941],[77.69792,11.69353],[77.68934,11.65208],[77.69998,11.6347],[77.70603,11.63444],[77.71607,11.64193],[77.7154,11.64915],[77.72419,11.64958],[77.73398,11.65768],[77.74567,11.65455],[77.74878,11.65936]]]}},{"type":"Feature","properties":{"ac_no":105,"name":"Anthiyur","district":"Erode","pc":"Tiruppur"},"geometry":{"type":"Polygon","coordinates":[[[77.67549,11.95205],[77.68056,11.92461],[77.67908,11.90048],[77.68521,11.88979],[77.68538,11.8777],[77.66181,11.87819],[77.66239,11.85246],[77.64655,11.8191],[77.65269,11.81272],[77.66129,11.81394],[77.66619,11.82436],[77.69128,11.81803],[77.69981,11.81082],[77.71039,11.81058],[77.71,11.79774],[77.72207,11.79515],[77.70812,11.76651],[77.69548,11.72083],[77.6908,11.71816],[77.69482,11.70612],[77.69014,11.6941],[77.67538,11.67605],[77.657,11.6796],[77.65273,11.6756],[77.64848,11.65207],[77.6689,11.63658],[77.65601,11.61736],[77.64831,11.62063],[77.64059,11.61643],[77.62447,11.61805],[77.61007,11.6025],[77.61135,11.57196],[77.61944,11.56863],[77.60052,11.52858],[77.60535,11.51888],[77.59046,11.49905],[77.57015,11.49177],[77.5622,11.47609],[77.55707,11.47633],[77.55668,11.47242],[77.56288,11.4716],[77.56866,11.46189],[77.57789,11.46259],[77.59487,11.45413],[77.5879,11.45078],[77.58498,11.43665],[77.5779,11.44111],[77.54191,11.44615],[77.52909,11.46704],[77.52128,11.46877],[77.50992,11.46086],[77.5071,11.43542],[77.51892,11.40808],[77.51366,11.40936],[77.50015,11.41047],[77.50152,11.40568],[77.49581,11.4033],[77.49448,11.39797],[77.48122,11.40347],[77.48117,11.40922],[77.46751,11.40669],[77.46184,11.42005],[77.45595,11.42386],[77.47799,11.41972],[77.46897,11.42629],[77.47322,11.44066],[77.46879,11.43948],[77.46726,11.44579],[77.47925,11.4506],[77.47925,11.45703],[77.47072,11.46306],[77.46175,11.46133],[77.45956,11.47513],[77.46409,11.4826],[77.46935,11.48405],[77.47317,11.47805],[77.48004,11.48211],[77.47651,11.49305],[77.48367,11.50405],[77.47899,11.50672],[77.4634,11.49509],[77.45402,11.49497],[77.44921,11.48684],[77.44126,11.48616],[77.4329,11.47648],[77.41673,11.47816],[77.40838,11.47208],[77.40213,11.4804],[77.3842,11.47355],[77.36934,11.47543],[77.35024,11.48598],[77.34992,11.49491],[77.35291,11.50591],[77.35846,11.50897],[77.35583,11.51145],[77.36209,11.51615],[77.36319,11.50204],[77.37835,11.50697],[77.37818,11.52872],[77.39175,11.52068],[77.4058,11.51882],[77.42008,11.53385],[77.42721,11.53563],[77.4388,11.56222],[77.45102,11.5587],[77.45317,11.56402],[77.45674,11.61009],[77.44114,11.63108],[77.43918,11.64735],[77.45328,11.66405],[77.44073,11.67455],[77.43708,11.70031],[77.44327,11.71364],[77.44097,11.71819],[77.43643,11.7154],[77.43509,11.72674],[77.43084,11.73004],[77.42223,11.72683],[77.41862,11.73549],[77.42882,11.75538],[77.42719,11.76097],[77.43378,11.7782],[77.44216,11.78338],[77.44046,11.78893],[77.44976,11.79611],[77.454,11.82033],[77.46657,11.84718],[77.45989,11.86355],[77.46581,11.8743],[77.46043,11.8813],[77.46159,11.90009],[77.47348,11.89928],[77.47717,11.89056],[77.4806,11.89351],[77.48616,11.88751],[77.48303,11.89968],[77.49055,11.90859],[77.49476,11.94395],[77.53793,11.93249],[77.54247,11.93826],[77.55813,11.94165],[77.57527,11.93658],[77.59354,11.94033],[77.60341,11.93776],[77.60691,11.94212],[77.6394,11.94815],[77.65201,11.95492],[77.65734,11.94994],[77.67549,11.95205]]]}},{"type":"Feature","properties":{"ac_no":106,"name":"Gobichettipalayam","district":"Erode","pc":"Tiruppur"},"geometry":{"type":"Polygon","coordinates":[[[77.365,11.56656],[77.36959,11.5624],[77.36533,11.52966],[77.37818,11.52872],[77.37835,11.50697],[77.36319,11.50204],[77.36209,11.51615],[77.35583,11.51145],[77.35846,11.50897],[77.35291,11.50591],[77.34992,11.49491],[77.35024,11.48598],[77.36934,11.47543],[77.3842,11.47355],[77.40213,11.4804],[77.40838,11.47208],[77.41673,11.47816],[77.4329,11.47648],[77.44126,11.48616],[77.44921,11.48684],[77.45402,11.49497],[77.4634,11.49509],[77.47899,11.50672],[77.48367,11.50405],[77.47651,11.49305],[77.48004,11.48211],[77.47317,11.47805],[77.46935,11.48405],[77.46409,11.4826],[77.45956,11.47513],[77.46175,11.46133],[77.47072,11.46306],[77.47925,11.45703],[77.47925,11.4506],[77.46726,11.44579],[77.46879,11.43948],[77.47322,11.44066],[77.46897,11.42629],[77.47799,11.41972],[77.45595,11.42386],[77.46184,11.42005],[77.46751,11.40669],[77.48117,11.40922],[77.48122,11.40347],[77.49448,11.39797],[77.49581,11.4033],[77.49787,11.37521],[77.50543,11.36974],[77.50359,11.35966],[77.48027,11.35695],[77.47733,11.3411],[77.46636,11.33089],[77.42834,11.33036],[77.42588,11.31619],[77.4184,11.30944],[77.38651,11.32223],[77.38058,11.33394],[77.36526,11.34059],[77.36204,11.3384],[77.36677,11.32649],[77.36359,11.31729],[77.33335,11.31676],[77.33454,11.30609],[77.34471,11.30072],[77.34835,11.28811],[77.34127,11.26752],[77.33468,11.26348],[77.33639,11.25756],[77.33331,11.25761],[77.31842,11.26038],[77.29579,11.2727],[77.30745,11.27515],[77.31386,11.28152],[77.29475,11.28623],[77.28618,11.29274],[77.29209,11.33071],[77.28822,11.34029],[77.28762,11.33364],[77.28154,11.33441],[77.2536,11.31025],[77.2502,11.31373],[77.25472,11.31995],[77.25071,11.33004],[77.24719,11.32926],[77.24772,11.32498],[77.23823,11.32225],[77.24159,11.30529],[77.2191,11.30385],[77.21709,11.29816],[77.2112,11.2978],[77.20214,11.30192],[77.20415,11.30996],[77.21807,11.30594],[77.22642,11.31764],[77.23649,11.31414],[77.23451,11.33119],[77.22149,11.34029],[77.23484,11.35102],[77.21809,11.35226],[77.19657,11.33875],[77.18709,11.34197],[77.17943,11.35923],[77.19221,11.36814],[77.20717,11.39802],[77.21222,11.39409],[77.22052,11.39852],[77.24778,11.39122],[77.24589,11.39881],[77.25507,11.41336],[77.24417,11.4144],[77.25027,11.43451],[77.26314,11.42592],[77.27093,11.43143],[77.2835,11.43139],[77.28813,11.44423],[77.29698,11.44333],[77.29704,11.46394],[77.28994,11.46638],[77.27938,11.48208],[77.28145,11.49188],[77.29641,11.49196],[77.29071,11.50287],[77.29423,11.51908],[77.31341,11.50522],[77.31669,11.51884],[77.33137,11.53797],[77.33495,11.5396],[77.34292,11.53096],[77.35861,11.56281],[77.365,11.56656]]]}},{"type":"Feature","properties":{"ac_no":107,"name":"Bhavanisagar","district":"Erode","pc":"Nilgiris (Sc)"},"geometry":{"type":"Polygon","coordinates":[[[77.24894,11.80393],[77.24983,11.81313],[77.28793,11.80054],[77.29381,11.8091],[77.3351,11.77133],[77.36038,11.77957],[77.3648,11.79051],[77.37021,11.78676],[77.3936,11.78794],[77.42218,11.77247],[77.42255,11.76181],[77.42719,11.76097],[77.42882,11.75538],[77.41862,11.73549],[77.42223,11.72683],[77.43084,11.73004],[77.43509,11.72674],[77.43643,11.7154],[77.44097,11.71819],[77.44327,11.71364],[77.43708,11.70031],[77.44073,11.67455],[77.45328,11.66405],[77.43918,11.64735],[77.44114,11.63108],[77.45674,11.61009],[77.45317,11.56402],[77.45102,11.5587],[77.4388,11.56222],[77.42721,11.53563],[77.42008,11.53385],[77.4058,11.51882],[77.39175,11.52068],[77.37818,11.52872],[77.36533,11.52966],[77.36959,11.5624],[77.365,11.56656],[77.35861,11.56281],[77.34292,11.53096],[77.33495,11.5396],[77.33137,11.53797],[77.31669,11.51884],[77.31341,11.50522],[77.29423,11.51908],[77.29071,11.50287],[77.29641,11.49196],[77.28145,11.49188],[77.27938,11.48208],[77.28994,11.46638],[77.29704,11.46394],[77.29698,11.44333],[77.28813,11.44423],[77.2835,11.43139],[77.27093,11.43143],[77.26314,11.42592],[77.25027,11.43451],[77.24417,11.4144],[77.25507,11.41336],[77.24589,11.39881],[77.24778,11.39122],[77.22052,11.39852],[77.21222,11.39409],[77.20717,11.39802],[77.19221,11.36814],[77.17943,11.35923],[77.18709,11.34197],[77.17869,11.34214],[77.17448,11.33261],[77.18302,11.32227],[77.18247,11.31392],[77.16765,11.31731],[77.15798,11.33321],[77.14159,11.33688],[77.12929,11.35424],[77.13309,11.36307],[77.12949,11.36673],[77.13041,11.37541],[77.11308,11.38102],[77.11024,11.40645],[77.09147,11.40341],[77.09316,11.39908],[77.08845,11.39704],[77.09132,11.39363],[77.08115,11.38783],[77.07566,11.39176],[77.07043,11.38617],[77.07039,11.40257],[77.04539,11.40261],[77.03247,11.38489],[77.02341,11.38779],[77.0254,11.37342],[77.01357,11.36884],[76.98759,11.3823],[76.98147,11.38314],[76.98081,11.37828],[76.97158,11.38627],[76.95728,11.38117],[76.96897,11.39691],[76.97595,11.3966],[76.98107,11.40213],[76.97675,11.41572],[76.98295,11.44044],[76.99816,11.44066],[77.00002,11.43416],[77.00798,11.43398],[77.01197,11.4426],[77.01236,11.45212],[76.99756,11.4773],[76.99113,11.48105],[76.99649,11.51294],[77.0052,11.51395],[77.01471,11.52591],[77.00628,11.52416],[77.00944,11.52916],[77.00518,11.53713],[77.00728,11.54563],[76.99314,11.54633],[76.98266,11.55625],[76.97527,11.55423],[76.97362,11.56582],[76.94473,11.57348],[76.94041,11.5794],[76.93147,11.57442],[76.92034,11.57876],[76.91632,11.56394],[76.90812,11.58044],[76.89001,11.5724],[76.87383,11.58096],[76.85364,11.57725],[76.84627,11.58415],[76.84675,11.59511],[76.85639,11.59939],[76.85805,11.61415],[76.85046,11.61607],[76.85204,11.62178],[76.84283,11.62692],[76.84522,11.63393],[76.83585,11.63763],[76.83786,11.64205],[76.83366,11.64907],[76.84551,11.67414],[76.8527,11.69248],[76.86365,11.70549],[76.86258,11.71112],[76.8883,11.73375],[76.89594,11.77582],[76.90705,11.79535],[76.94217,11.78766],[76.95355,11.79197],[76.96966,11.77654],[76.98338,11.80109],[76.98186,11.81127],[76.99401,11.8092],[77.01276,11.81479],[77.01376,11.80627],[77.01665,11.81084],[77.02969,11.8047],[77.03248,11.79609],[77.03856,11.79401],[77.02875,11.77461],[77.03493,11.76979],[77.04574,11.78733],[77.06576,11.78866],[77.07009,11.78],[77.05637,11.76942],[77.08228,11.73996],[77.08044,11.73606],[77.10492,11.73293],[77.11749,11.72119],[77.11731,11.73205],[77.10852,11.75271],[77.11255,11.75662],[77.1109,11.77362],[77.13788,11.77255],[77.14714,11.78189],[77.18193,11.78646],[77.18876,11.79219],[77.23842,11.79478],[77.24894,11.80393]]]}},{"type":"Feature","properties":{"ac_no":108,"name":"Udhagamandalam","district":"The Nilgiris","pc":"Nilgiris (Sc)"},"geometry":{"type":"Polygon","coordinates":[[[76.84675,11.59511],[76.84627,11.58415],[76.8323,11.57096],[76.86504,11.54162],[76.86336,11.52273],[76.86977,11.51333],[76.85807,11.49244],[76.83913,11.47704],[76.83252,11.46094],[76.81634,11.45057],[76.80769,11.41065],[76.79269,11.40246],[76.77419,11.40434],[76.75584,11.40018],[76.75773,11.39397],[76.74162,11.38516],[76.74374,11.37204],[76.7559,11.36],[76.74829,11.35064],[76.74788,11.34196],[76.75943,11.33249],[76.75301,11.33166],[76.74942,11.32611],[76.73647,11.32925],[76.73496,11.34391],[76.72026,11.36514],[76.69117,11.35272],[76.69094,11.31701],[76.69945,11.29693],[76.69584,11.28385],[76.70634,11.27817],[76.69647,11.27115],[76.67718,11.27653],[76.68238,11.26629],[76.6999,11.25712],[76.69985,11.246],[76.70666,11.23807],[76.69772,11.23944],[76.68494,11.23387],[76.67772,11.22113],[76.62919,11.19403],[76.60044,11.20613],[76.53398,11.19669],[76.51597,11.20416],[76.51016,11.21146],[76.49896,11.21146],[76.47232,11.20878],[76.47343,11.19484],[76.45834,11.18764],[76.45199,11.1993],[76.43877,11.19911],[76.4426,11.20388],[76.44906,11.20553],[76.45318,11.23947],[76.52191,11.27198],[76.52604,11.28836],[76.54554,11.3011],[76.53897,11.30494],[76.53699,11.31456],[76.54968,11.33162],[76.54752,11.35944],[76.50952,11.35536],[76.51718,11.3695],[76.53287,11.37271],[76.58883,11.42823],[76.59216,11.43731],[76.59856,11.43513],[76.60896,11.46228],[76.62377,11.44792],[76.63066,11.43345],[76.65577,11.43819],[76.65122,11.45229],[76.65574,11.46487],[76.66986,11.47474],[76.68566,11.47835],[76.68783,11.49521],[76.70618,11.51364],[76.70613,11.53292],[76.69334,11.54163],[76.6883,11.55453],[76.69073,11.57325],[76.70753,11.57567],[76.70547,11.58351],[76.72101,11.60266],[76.72815,11.60087],[76.73585,11.60575],[76.7481,11.60285],[76.74906,11.61525],[76.75712,11.61906],[76.81765,11.60507],[76.82304,11.60835],[76.84675,11.59511]]]}},{"type":"Feature","properties":{"ac_no":109,"name":"Gudalur (SC)","district":"The Nilgiris","pc":"Nilgiris (Sc)"},"geometry":{"type":"Polygon","coordinates":[[[76.48929,11.69165],[76.51163,11.70509],[76.53879,11.6896],[76.55134,11.67243],[76.54927,11.6651],[76.56137,11.6328],[76.55991,11.62259],[76.57517,11.61931],[76.5767,11.61462],[76.59224,11.61878],[76.59756,11.61076],[76.6139,11.60812],[76.62951,11.61408],[76.66129,11.61595],[76.74906,11.61525],[76.7481,11.60285],[76.73585,11.60575],[76.72815,11.60087],[76.72101,11.60266],[76.70547,11.58351],[76.70753,11.57567],[76.69073,11.57325],[76.6883,11.55453],[76.69334,11.54163],[76.70613,11.53292],[76.70618,11.51364],[76.68783,11.49521],[76.68566,11.47835],[76.66986,11.47474],[76.65574,11.46487],[76.65122,11.45229],[76.65577,11.43819],[76.63066,11.43345],[76.62377,11.44792],[76.60896,11.46228],[76.59856,11.43513],[76.59216,11.43731],[76.58883,11.42823],[76.53287,11.37271],[76.51718,11.3695],[76.46195,11.38749],[76.41527,11.42249],[76.41888,11.44176],[76.39794,11.43485],[76.3712,11.45438],[76.34222,11.46777],[76.32563,11.45336],[76.30529,11.46796],[76.2937,11.46567],[76.29043,11.4697],[76.29431,11.47301],[76.28452,11.48288],[76.27561,11.47687],[76.26444,11.48092],[76.2474,11.46834],[76.25075,11.50283],[76.24818,11.51667],[76.23776,11.52746],[76.25025,11.52746],[76.25143,11.53786],[76.24451,11.54301],[76.24442,11.55432],[76.23399,11.56858],[76.26487,11.59384],[76.27419,11.59385],[76.27866,11.60089],[76.28605,11.59027],[76.29568,11.59066],[76.30219,11.57128],[76.31024,11.5773],[76.31588,11.57656],[76.32118,11.58627],[76.33578,11.59574],[76.34024,11.58709],[76.35469,11.58935],[76.37763,11.60189],[76.38785,11.62966],[76.40641,11.63411],[76.43249,11.63162],[76.4438,11.64724],[76.43583,11.65381],[76.43094,11.66654],[76.45817,11.66445],[76.48258,11.68623],[76.48163,11.69264],[76.48929,11.69165]]]}},{"type":"Feature","properties":{"ac_no":110,"name":"Coonoor","district":"The Nilgiris","pc":"Nilgiris (Sc)"},"geometry":{"type":"Polygon","coordinates":[[[76.84627,11.58415],[76.85364,11.57725],[76.87383,11.58096],[76.89001,11.5724],[76.90812,11.58044],[76.91632,11.56394],[76.92034,11.57876],[76.93147,11.57442],[76.94041,11.5794],[76.94473,11.57348],[76.97362,11.56582],[76.97527,11.55423],[76.98266,11.55625],[76.99314,11.54633],[77.00728,11.54563],[77.00518,11.53713],[77.00944,11.52916],[77.00628,11.52416],[77.01471,11.52591],[77.0052,11.51395],[76.99649,11.51294],[76.99113,11.48105],[76.99756,11.4773],[77.01236,11.45212],[77.01197,11.4426],[77.00798,11.43398],[77.00002,11.43416],[76.99816,11.44066],[76.98295,11.44044],[76.97675,11.41572],[76.98107,11.40213],[76.97595,11.3966],[76.96897,11.39691],[76.95728,11.38117],[76.94705,11.3763],[76.93402,11.37651],[76.92835,11.3682],[76.93486,11.37058],[76.93803,11.36628],[76.94949,11.36588],[76.93713,11.36368],[76.93265,11.35712],[76.93257,11.36301],[76.90311,11.35108],[76.90007,11.35814],[76.90304,11.36255],[76.88922,11.36578],[76.8906,11.36158],[76.88408,11.35192],[76.87696,11.35886],[76.87334,11.3521],[76.8671,11.35524],[76.8626,11.35145],[76.86894,11.34517],[76.86059,11.34757],[76.85349,11.3409],[76.84964,11.34412],[76.84833,11.33498],[76.85466,11.33328],[76.85122,11.32764],[76.86063,11.32439],[76.85439,11.31835],[76.8593,11.31391],[76.85969,11.30439],[76.85359,11.30639],[76.85404,11.29644],[76.84252,11.28753],[76.82973,11.29362],[76.8177,11.29014],[76.80685,11.29919],[76.79748,11.29582],[76.79021,11.27927],[76.76887,11.28972],[76.76498,11.28412],[76.76983,11.27745],[76.76754,11.26406],[76.75321,11.25515],[76.75545,11.25085],[76.7412,11.25239],[76.73699,11.24487],[76.70542,11.26413],[76.6999,11.25712],[76.68238,11.26629],[76.67718,11.27653],[76.69647,11.27115],[76.70634,11.27817],[76.69584,11.28385],[76.69945,11.29693],[76.69094,11.31701],[76.69117,11.35272],[76.72026,11.36514],[76.73496,11.34391],[76.73647,11.32925],[76.74942,11.32611],[76.75301,11.33166],[76.75943,11.33249],[76.74788,11.34196],[76.74829,11.35064],[76.7559,11.36],[76.74374,11.37204],[76.74162,11.38516],[76.75773,11.39397],[76.75584,11.40018],[76.77419,11.40434],[76.79269,11.40246],[76.80769,11.41065],[76.81634,11.45057],[76.83252,11.46094],[76.83913,11.47704],[76.85807,11.49244],[76.86977,11.51333],[76.86336,11.52273],[76.86504,11.54162],[76.8323,11.57096],[76.84627,11.58415]]]}},{"type":"Feature","properties":{"ac_no":111,"name":"Mettuppalayam","district":"Coimbatore","pc":"Nilgiris (Sc)"},"geometry":{"type":"Polygon","coordinates":[[[76.95728,11.38117],[76.97158,11.38627],[76.98081,11.37828],[76.98147,11.38314],[76.98759,11.3823],[77.01357,11.36884],[77.0254,11.37342],[77.02341,11.38779],[77.03247,11.38489],[77.04539,11.40261],[77.07039,11.40257],[77.07043,11.38617],[77.07566,11.39176],[77.08115,11.38783],[77.09132,11.39363],[77.08845,11.39704],[77.09316,11.39908],[77.09147,11.40341],[77.11024,11.40645],[77.11308,11.38102],[77.13041,11.37541],[77.12949,11.36673],[77.13309,11.36307],[77.12929,11.35424],[77.14159,11.33688],[77.12613,11.34005],[77.10444,11.33725],[77.09762,11.31883],[77.09366,11.31858],[77.0899,11.3289],[77.09307,11.33562],[77.0838,11.33704],[77.08049,11.3449],[77.07134,11.33741],[77.0651,11.32442],[77.06862,11.31524],[77.06327,11.31169],[77.05402,11.32315],[77.04566,11.32262],[77.04514,11.3032],[77.05242,11.29985],[77.04616,11.2853],[77.02245,11.27332],[77.02021,11.26132],[77.01084,11.2667],[77.00706,11.26432],[77.01566,11.23997],[77.00847,11.23052],[77.01832,11.21056],[77.00915,11.20928],[77.0047,11.19397],[76.98983,11.20066],[76.97798,11.19355],[76.97681,11.1489],[76.96746,11.15114],[76.95448,11.17041],[76.94524,11.16572],[76.94243,11.15609],[76.949,11.1395],[76.94823,11.1293],[76.93254,11.12027],[76.9096,11.11852],[76.91057,11.12828],[76.92319,11.13778],[76.91704,11.14105],[76.92648,11.15142],[76.92077,11.15953],[76.91007,11.16465],[76.91361,11.1941],[76.89863,11.19909],[76.89189,11.19132],[76.8809,11.19094],[76.87696,11.18275],[76.86871,11.18454],[76.86251,11.17798],[76.84648,11.18327],[76.84681,11.17867],[76.83907,11.1789],[76.83297,11.15765],[76.85201,11.15206],[76.84874,11.14875],[76.83418,11.1442],[76.82641,11.14885],[76.81911,11.14391],[76.78728,11.13901],[76.78896,11.12748],[76.77454,11.1272],[76.77008,11.1312],[76.74751,11.11775],[76.74642,11.13766],[76.73939,11.13171],[76.73444,11.13613],[76.72837,11.13032],[76.7177,11.14754],[76.70873,11.1476],[76.71218,11.14232],[76.70556,11.14191],[76.68961,11.15923],[76.69276,11.17229],[76.70113,11.17654],[76.69985,11.18161],[76.7067,11.17957],[76.7103,11.18846],[76.71777,11.1866],[76.72262,11.19188],[76.72843,11.1914],[76.722,11.20343],[76.7317,11.21564],[76.72542,11.21914],[76.72528,11.22563],[76.7209,11.22495],[76.70666,11.23807],[76.69985,11.246],[76.6999,11.25712],[76.70542,11.26413],[76.73699,11.24487],[76.7412,11.25239],[76.75545,11.25085],[76.75321,11.25515],[76.76754,11.26406],[76.76983,11.27745],[76.76498,11.28412],[76.76887,11.28972],[76.79021,11.27927],[76.79748,11.29582],[76.80685,11.29919],[76.8177,11.29014],[76.82973,11.29362],[76.84252,11.28753],[76.85404,11.29644],[76.85359,11.30639],[76.85969,11.30439],[76.8593,11.31391],[76.85439,11.31835],[76.86063,11.32439],[76.85122,11.32764],[76.85466,11.33328],[76.84833,11.33498],[76.84964,11.34412],[76.85349,11.3409],[76.86059,11.34757],[76.86894,11.34517],[76.8626,11.35145],[76.8671,11.35524],[76.87334,11.3521],[76.87696,11.35886],[76.88408,11.35192],[76.8906,11.36158],[76.88922,11.36578],[76.90304,11.36255],[76.90007,11.35814],[76.90311,11.35108],[76.93257,11.36301],[76.93265,11.35712],[76.93713,11.36368],[76.94949,11.36588],[76.93803,11.36628],[76.93486,11.37058],[76.92835,11.3682],[76.93402,11.37651],[76.94705,11.3763],[76.95728,11.38117]]]}},{"type":"Feature","properties":{"ac_no":112,"name":"Avanashi (SC)","district":"Coimbatore","pc":"Nilgiris (Sc)"},"geometry":{"type":"Polygon","coordinates":[[[77.12613,11.34005],[77.15798,11.33321],[77.16765,11.31731],[77.18247,11.31392],[77.18302,11.32227],[77.17448,11.33261],[77.17869,11.34214],[77.18709,11.34197],[77.19657,11.33875],[77.21809,11.35226],[77.23484,11.35102],[77.22149,11.34029],[77.23451,11.33119],[77.23649,11.31414],[77.22642,11.31764],[77.21807,11.30594],[77.20415,11.30996],[77.20214,11.30192],[77.2112,11.2978],[77.21709,11.29816],[77.2191,11.30385],[77.24159,11.30529],[77.23823,11.32225],[77.24772,11.32498],[77.24719,11.32926],[77.25071,11.33004],[77.25472,11.31995],[77.2502,11.31373],[77.2536,11.31025],[77.28154,11.33441],[77.28762,11.33364],[77.28822,11.34029],[77.29209,11.33071],[77.28618,11.29274],[77.29475,11.28623],[77.31386,11.28152],[77.30745,11.27515],[77.29579,11.2727],[77.31842,11.26038],[77.33331,11.25761],[77.33528,11.22419],[77.32189,11.20801],[77.32339,11.19385],[77.31728,11.18845],[77.31376,11.17609],[77.30681,11.17474],[77.30705,11.16883],[77.31328,11.1709],[77.31602,11.16475],[77.30983,11.14895],[77.2901,11.14183],[77.29145,11.13255],[77.28762,11.12932],[77.29577,11.10905],[77.27026,11.10576],[77.24445,11.13711],[77.23606,11.13809],[77.23237,11.12813],[77.22366,11.12473],[77.19424,11.1483],[77.18986,11.14925],[77.18187,11.13645],[77.17461,11.13912],[77.17853,11.14586],[77.17498,11.15475],[77.1854,11.15973],[77.17461,11.1668],[77.16123,11.16721],[77.15736,11.19717],[77.15399,11.19963],[77.14005,11.19568],[77.12488,11.19913],[77.11873,11.19602],[77.10595,11.17312],[77.09795,11.16906],[77.11514,11.15356],[77.12125,11.12514],[77.13848,11.12952],[77.13338,11.11178],[77.1125,11.1126],[77.11496,11.1091],[77.09942,11.10429],[77.08838,11.11578],[77.07981,11.11141],[77.075,11.11372],[77.07661,11.12042],[77.05377,11.12522],[77.04977,11.14139],[77.03746,11.15732],[77.02691,11.15854],[77.01149,11.17314],[77.00662,11.17276],[77.0047,11.19397],[77.00915,11.20928],[77.01832,11.21056],[77.00847,11.23052],[77.01566,11.23997],[77.00706,11.26432],[77.01084,11.2667],[77.02021,11.26132],[77.02245,11.27332],[77.04616,11.2853],[77.05242,11.29985],[77.04514,11.3032],[77.04566,11.32262],[77.05402,11.32315],[77.06327,11.31169],[77.06862,11.31524],[77.0651,11.32442],[77.07134,11.33741],[77.08049,11.3449],[77.0838,11.33704],[77.09307,11.33562],[77.0899,11.3289],[77.09366,11.31858],[77.09762,11.31883],[77.10444,11.33725],[77.12613,11.34005]]]}},{"type":"Feature","properties":{"ac_no":113,"name":"Tiruppur (North)","district":"Coimbatore","pc":"Tiruppur"},"geometry":{"type":"Polygon","coordinates":[[[77.33331,11.25761],[77.33639,11.25756],[77.33468,11.26348],[77.34127,11.26752],[77.34835,11.28811],[77.34471,11.30072],[77.33454,11.30609],[77.33335,11.31676],[77.36359,11.31729],[77.36384,11.30196],[77.37696,11.2955],[77.39009,11.25737],[77.38576,11.25663],[77.38217,11.23911],[77.37315,11.23761],[77.37373,11.22382],[77.3799,11.2221],[77.38481,11.20661],[77.40552,11.19953],[77.40099,11.15707],[77.39086,11.15864],[77.39635,11.13594],[77.37676,11.13534],[77.35156,11.14213],[77.35532,11.13251],[77.34943,11.12997],[77.32565,11.13229],[77.32168,11.13022],[77.32457,11.12247],[77.31058,11.12027],[77.31305,11.10578],[77.29577,11.10905],[77.28762,11.12932],[77.29145,11.13255],[77.2901,11.14183],[77.30983,11.14895],[77.31602,11.16475],[77.31328,11.1709],[77.30705,11.16883],[77.30681,11.17474],[77.31376,11.17609],[77.31728,11.18845],[77.32339,11.19385],[77.32189,11.20801],[77.33528,11.22419],[77.33331,11.25761]]]}},{"type":"Feature","properties":{"ac_no":114,"name":"Tiruppur (South)","district":"Coimbatore","pc":"Tiruppur"},"geometry":{"type":"Polygon","coordinates":[[[77.37676,11.13534],[77.37725,11.12679],[77.39208,11.1189],[77.40228,11.12206],[77.40352,11.10839],[77.42013,11.10378],[77.43512,11.09292],[77.43124,11.07634],[77.419,11.06889],[77.40362,11.07493],[77.40521,11.08162],[77.39761,11.09006],[77.38565,11.08622],[77.37482,11.09064],[77.36943,11.08124],[77.35745,11.07948],[77.32758,11.08405],[77.33096,11.09981],[77.31305,11.10578],[77.31058,11.12027],[77.32457,11.12247],[77.32168,11.13022],[77.32565,11.13229],[77.34943,11.12997],[77.35532,11.13251],[77.35156,11.14213],[77.37676,11.13534]]]}},{"type":"Feature","properties":{"ac_no":115,"name":"Palladam","district":"Coimbatore","pc":"Coimbatore"},"geometry":{"type":"Polygon","coordinates":[[[77.40228,11.12206],[77.42655,11.1295],[77.45378,11.12011],[77.45347,11.09363],[77.46867,11.09064],[77.46852,11.05734],[77.47758,11.05715],[77.47589,11.04521],[77.49899,11.0415],[77.50131,11.01303],[77.48835,11.0054],[77.48829,10.99001],[77.47589,10.9753],[77.4728,10.96179],[77.47565,10.95355],[77.44546,10.94391],[77.41768,10.92691],[77.41376,10.92385],[77.42081,10.91203],[77.39463,10.90301],[77.37406,10.90223],[77.37658,10.88019],[77.3461,10.86847],[77.33342,10.86933],[77.31782,10.85759],[77.29902,10.85828],[77.28634,10.85467],[77.28779,10.85189],[77.2665,10.85922],[77.25786,10.89639],[77.22941,10.91108],[77.21841,10.90626],[77.20615,10.91009],[77.2007,10.92258],[77.18077,10.92506],[77.17826,10.94459],[77.15656,10.99528],[77.16884,11.00744],[77.15293,11.03487],[77.14545,11.03846],[77.14644,11.05127],[77.16722,11.06542],[77.1657,11.05817],[77.17386,11.05067],[77.23569,11.06704],[77.23981,11.07201],[77.24232,11.10252],[77.25192,11.10651],[77.27026,11.10576],[77.29577,11.10905],[77.31305,11.10578],[77.33096,11.09981],[77.32758,11.08405],[77.35745,11.07948],[77.36943,11.08124],[77.37482,11.09064],[77.38565,11.08622],[77.39761,11.09006],[77.40521,11.08162],[77.40362,11.07493],[77.419,11.06889],[77.43124,11.07634],[77.43512,11.09292],[77.42013,11.10378],[77.40352,11.10839],[77.40228,11.12206]]]}},{"type":"Feature","properties":{"ac_no":116,"name":"Sulur","district":"Coimbatore","pc":"Coimbatore"},"geometry":{"type":"Polygon","coordinates":[[[77.14005,11.19568],[77.15399,11.19963],[77.15736,11.19717],[77.16123,11.16721],[77.17461,11.1668],[77.1854,11.15973],[77.17498,11.15475],[77.17853,11.14586],[77.17461,11.13912],[77.18187,11.13645],[77.18986,11.14925],[77.19424,11.1483],[77.22366,11.12473],[77.23237,11.12813],[77.23606,11.13809],[77.24445,11.13711],[77.27026,11.10576],[77.25192,11.10651],[77.24232,11.10252],[77.23981,11.07201],[77.23569,11.06704],[77.17386,11.05067],[77.1657,11.05817],[77.16722,11.06542],[77.14644,11.05127],[77.14545,11.03846],[77.15293,11.03487],[77.16884,11.00744],[77.15656,10.99528],[77.17826,10.94459],[77.18077,10.92506],[77.2007,10.92258],[77.20615,10.91009],[77.21841,10.90626],[77.22941,10.91108],[77.25786,10.89639],[77.2665,10.85922],[77.28779,10.85189],[77.2897,10.83255],[77.29861,10.81502],[77.27777,10.80309],[77.27555,10.79169],[77.27984,10.78901],[77.2329,10.77595],[77.20777,10.79025],[77.21387,10.80415],[77.20262,10.80232],[77.1827,10.79825],[77.16784,10.79993],[77.17016,10.81087],[77.16351,10.83191],[77.15762,10.83671],[77.15765,10.84802],[77.1487,10.84977],[77.14669,10.86501],[77.12952,10.86742],[77.12262,10.87407],[77.12007,10.88725],[77.11339,10.88662],[77.11077,10.88958],[77.10098,10.88269],[77.08204,10.88587],[77.07081,10.87562],[77.06856,10.87972],[77.03987,10.87703],[77.04809,10.89141],[77.0557,10.89306],[77.05315,10.90022],[77.05996,10.90223],[77.06925,10.92852],[77.06087,10.94662],[77.05207,10.95433],[77.04686,10.95238],[77.03694,10.98449],[77.0537,10.98841],[77.06086,11.00152],[77.05107,11.02627],[77.05012,11.03491],[77.06112,11.03865],[77.06021,11.07664],[77.08343,11.08408],[77.09662,11.09578],[77.09942,11.10429],[77.11496,11.1091],[77.1125,11.1126],[77.13338,11.11178],[77.13848,11.12952],[77.12125,11.12514],[77.11514,11.15356],[77.09795,11.16906],[77.10595,11.17312],[77.11873,11.19602],[77.12488,11.19913],[77.14005,11.19568]]]}},{"type":"Feature","properties":{"ac_no":117,"name":"Kavundampalayam","district":"Coimbatore","pc":"Coimbatore"},"geometry":{"type":"Polygon","coordinates":[[[77.0047,11.19397],[77.00662,11.17276],[77.01149,11.17314],[77.02691,11.15854],[77.03746,11.15732],[77.04977,11.14139],[77.05377,11.12522],[77.07661,11.12042],[77.075,11.11372],[77.07981,11.11141],[77.08838,11.11578],[77.09942,11.10429],[77.09662,11.09578],[77.08343,11.08408],[77.06021,11.07664],[77.06112,11.03865],[77.05012,11.03491],[77.05107,11.02627],[77.03502,11.02664],[77.02967,11.04678],[77.00825,11.04572],[77.00325,11.05858],[76.9833,11.0519],[76.94683,11.05391],[76.95115,11.03664],[76.91913,11.03178],[76.91767,11.03721],[76.9091,11.03146],[76.89993,11.04174],[76.89431,11.04222],[76.89241,11.03593],[76.86328,11.04541],[76.86438,11.05431],[76.84696,11.05122],[76.83232,11.05692],[76.80013,11.05515],[76.79603,11.05641],[76.78886,11.04598],[76.77741,11.0423],[76.76536,11.04569],[76.76057,11.05272],[76.74419,11.05701],[76.74128,11.07312],[76.75484,11.079],[76.75155,11.09311],[76.74679,11.09239],[76.73884,11.10395],[76.74564,11.10846],[76.74751,11.11775],[76.77008,11.1312],[76.77454,11.1272],[76.78896,11.12748],[76.78728,11.13901],[76.81911,11.14391],[76.82641,11.14885],[76.83418,11.1442],[76.84874,11.14875],[76.85201,11.15206],[76.83297,11.15765],[76.83907,11.1789],[76.84681,11.17867],[76.84648,11.18327],[76.86251,11.17798],[76.86871,11.18454],[76.87696,11.18275],[76.8809,11.19094],[76.89189,11.19132],[76.89863,11.19909],[76.91361,11.1941],[76.91007,11.16465],[76.92077,11.15953],[76.92648,11.15142],[76.91704,11.14105],[76.92319,11.13778],[76.91057,11.12828],[76.9096,11.11852],[76.93254,11.12027],[76.94823,11.1293],[76.949,11.1395],[76.94243,11.15609],[76.94524,11.16572],[76.95448,11.17041],[76.96746,11.15114],[76.97681,11.1489],[76.97798,11.19355],[76.98983,11.20066],[77.0047,11.19397]]]}},{"type":"Feature","properties":{"ac_no":118,"name":"Coimbatore(North)","district":"Coimbatore","pc":"Coimbatore"},"geometry":{"type":"Polygon","coordinates":[[[77.00825,11.04572],[77.00929,11.03864],[76.99579,11.04286],[76.99693,11.0349],[76.99049,11.02858],[76.99123,11.0223],[76.97216,11.03074],[76.95516,11.0317],[76.95061,11.02618],[76.9617,11.01987],[76.95607,11.0135],[76.94376,11.01413],[76.94021,11.00366],[76.92386,11.00538],[76.91773,10.99824],[76.91149,10.99888],[76.91564,11.00379],[76.91316,11.0054],[76.90776,11.00159],[76.90029,11.00603],[76.88522,11.00565],[76.8804,10.99708],[76.86172,11.02068],[76.86649,11.02734],[76.87433,11.02887],[76.8584,11.02902],[76.86328,11.04541],[76.89241,11.03593],[76.89431,11.04222],[76.89993,11.04174],[76.9091,11.03146],[76.91767,11.03721],[76.91913,11.03178],[76.95115,11.03664],[76.94683,11.05391],[76.9833,11.0519],[77.00325,11.05858],[77.00825,11.04572]]]}},{"type":"Feature","properties":{"ac_no":119,"name":"Thondamuthur","district":"Coimbatore","pc":"Pollachi"},"geometry":{"type":"Polygon","coordinates":[[[76.86328,11.04541],[76.8584,11.02902],[76.87433,11.02887],[76.86649,11.02734],[76.86172,11.02068],[76.8804,10.99708],[76.88522,11.00565],[76.90029,11.00603],[76.90776,11.00159],[76.91316,11.0054],[76.91564,11.00379],[76.91149,10.99888],[76.91773,10.99824],[76.92386,11.00538],[76.94021,11.00366],[76.94376,11.01413],[76.95607,11.0135],[76.96139,10.99149],[76.97636,10.98415],[76.96308,10.9754],[76.9592,10.96908],[76.96483,10.95902],[76.965,10.93574],[76.95725,10.92864],[76.92557,10.93363],[76.92038,10.91801],[76.91741,10.92606],[76.91108,10.92661],[76.91744,10.93736],[76.9146,10.97207],[76.86641,10.97807],[76.85155,10.97418],[76.85401,10.94373],[76.85905,10.94077],[76.86064,10.9299],[76.85027,10.92139],[76.84765,10.91263],[76.83617,10.91458],[76.83061,10.88519],[76.81509,10.88266],[76.81248,10.87685],[76.79193,10.88225],[76.78213,10.8913],[76.7685,10.88781],[76.75479,10.8952],[76.7412,10.89032],[76.71575,10.9075],[76.69511,10.91021],[76.65929,10.93055],[76.65599,10.93911],[76.66472,10.94363],[76.66706,10.96934],[76.68591,10.99022],[76.69455,11.02276],[76.71003,11.03427],[76.71089,11.03902],[76.73803,11.03958],[76.76597,11.02965],[76.79177,11.03795],[76.80013,11.05515],[76.83232,11.05692],[76.84696,11.05122],[76.86438,11.05431],[76.86328,11.04541]]]}},{"type":"Feature","properties":{"ac_no":120,"name":"Coimbatore(South)","district":"Coimbatore","pc":"Coimbatore"},"geometry":{"type":"Polygon","coordinates":[[[76.99123,11.0223],[76.99166,11.01497],[77.00449,10.99577],[76.99436,10.99012],[76.99272,10.99546],[76.98629,10.99553],[76.98666,10.98936],[76.99366,10.98699],[76.99057,10.97935],[76.97834,10.97861],[76.98201,10.97193],[76.96308,10.9754],[76.97636,10.98415],[76.96139,10.99149],[76.95607,11.0135],[76.9617,11.01987],[76.95061,11.02618],[76.95516,11.0317],[76.97216,11.03074],[76.99123,11.0223]]]}},{"type":"Feature","properties":{"ac_no":121,"name":"Singanallur","district":"Coimbatore","pc":"Coimbatore"},"geometry":{"type":"Polygon","coordinates":[[[77.02967,11.04678],[77.03502,11.02664],[77.05107,11.02627],[77.06086,11.00152],[77.0537,10.98841],[76.98201,10.97193],[76.97834,10.97861],[76.99057,10.97935],[76.99366,10.98699],[76.98666,10.98936],[76.98629,10.99553],[76.99272,10.99546],[76.99436,10.99012],[77.00449,10.99577],[76.99166,11.01497],[76.99123,11.0223],[76.99049,11.02858],[76.99693,11.0349],[76.99579,11.04286],[77.00929,11.03864],[77.00825,11.04572],[77.02967,11.04678]]]}},{"type":"Feature","properties":{"ac_no":122,"name":"Kinathukadavu","district":"Coimbatore","pc":"Pollachi"},"geometry":{"type":"Polygon","coordinates":[[[77.03694,10.98449],[77.04686,10.95238],[77.05207,10.95433],[77.06087,10.94662],[77.06925,10.92852],[77.05996,10.90223],[77.05315,10.90022],[77.0557,10.89306],[77.04809,10.89141],[77.03987,10.87703],[77.03194,10.86168],[77.02582,10.85891],[77.0302,10.84946],[77.03244,10.8144],[77.03981,10.81048],[77.04332,10.79717],[77.03787,10.78882],[77.02977,10.78779],[77.02569,10.79194],[77.02382,10.78644],[77.0165,10.79071],[76.99753,10.79157],[76.9569,10.77131],[76.94411,10.78997],[76.91466,10.77783],[76.91127,10.77074],[76.90424,10.77248],[76.90718,10.7792],[76.90005,10.80856],[76.87156,10.80858],[76.86325,10.81815],[76.85051,10.81888],[76.84476,10.82582],[76.85282,10.83425],[76.84746,10.84992],[76.83317,10.85994],[76.82808,10.87301],[76.81248,10.87685],[76.81509,10.88266],[76.83061,10.88519],[76.83617,10.91458],[76.84765,10.91263],[76.85027,10.92139],[76.86064,10.9299],[76.85905,10.94077],[76.85401,10.94373],[76.85155,10.97418],[76.86641,10.97807],[76.9146,10.97207],[76.91744,10.93736],[76.91108,10.92661],[76.91741,10.92606],[76.92038,10.91801],[76.92557,10.93363],[76.95725,10.92864],[76.965,10.93574],[76.96483,10.95902],[76.9592,10.96908],[76.96308,10.9754],[76.98201,10.97193],[77.03694,10.98449]]]}},{"type":"Feature","properties":{"ac_no":123,"name":"Pollachi","district":"Coimbatore","pc":"Pollachi"},"geometry":{"type":"Polygon","coordinates":[[[77.11339,10.88662],[77.12007,10.88725],[77.12262,10.87407],[77.12952,10.86742],[77.14669,10.86501],[77.1487,10.84977],[77.15765,10.84802],[77.15762,10.83671],[77.16351,10.83191],[77.17016,10.81087],[77.16784,10.79993],[77.15735,10.79451],[77.15894,10.77894],[77.15246,10.77945],[77.15535,10.77234],[77.15204,10.76511],[77.14252,10.76785],[77.13644,10.75465],[77.13213,10.75352],[77.13884,10.73141],[77.07845,10.72681],[77.07112,10.71288],[77.07664,10.68713],[77.06683,10.68626],[77.07189,10.68088],[77.0749,10.66551],[77.06797,10.66311],[77.0559,10.64665],[77.04726,10.66027],[77.02555,10.65746],[77.0214,10.64038],[76.99241,10.65051],[76.98674,10.64679],[76.98891,10.66937],[76.9924,10.67171],[76.98235,10.67482],[76.98509,10.66911],[76.98192,10.66783],[76.97244,10.67354],[76.96672,10.67097],[76.96296,10.6757],[76.96152,10.66639],[76.9669,10.65683],[76.96311,10.6494],[76.95663,10.64801],[76.95523,10.64377],[76.95901,10.64234],[76.94566,10.6382],[76.93437,10.6436],[76.9247,10.65647],[76.89679,10.6553],[76.89118,10.65566],[76.8785,10.67166],[76.87776,10.67679],[76.86734,10.6799],[76.86621,10.68545],[76.87142,10.69282],[76.86789,10.69541],[76.88249,10.7175],[76.89055,10.71721],[76.89327,10.72191],[76.88877,10.73441],[76.90455,10.76262],[76.90424,10.77248],[76.91127,10.77074],[76.91466,10.77783],[76.94411,10.78997],[76.9569,10.77131],[76.99753,10.79157],[77.0165,10.79071],[77.02382,10.78644],[77.02569,10.79194],[77.02977,10.78779],[77.03787,10.78882],[77.04332,10.79717],[77.03981,10.81048],[77.03244,10.8144],[77.0302,10.84946],[77.02582,10.85891],[77.03194,10.86168],[77.03987,10.87703],[77.06856,10.87972],[77.07081,10.87562],[77.08204,10.88587],[77.10098,10.88269],[77.11077,10.88958],[77.11339,10.88662]]]}},{"type":"Feature","properties":{"ac_no":124,"name":"Valparai (SC)","district":"Coimbatore","pc":"Pollachi"},"geometry":{"type":"Polygon","coordinates":[[[76.89679,10.6553],[76.9247,10.65647],[76.93437,10.6436],[76.94566,10.6382],[76.95901,10.64234],[76.97178,10.63434],[76.96756,10.62877],[76.97031,10.62103],[76.9904,10.62511],[76.98823,10.61886],[76.99517,10.60657],[76.99329,10.58708],[77.0011,10.5842],[77.0018,10.57928],[77.01738,10.5798],[77.02119,10.585],[77.02276,10.58134],[77.03086,10.58154],[77.03674,10.59556],[77.04275,10.58905],[77.06453,10.58715],[77.06774,10.57557],[77.07335,10.57981],[77.07617,10.59904],[77.08452,10.59598],[77.08936,10.58416],[77.08065,10.56664],[77.08441,10.56285],[77.07667,10.55999],[77.07379,10.54123],[77.0766,10.52931],[77.07387,10.5149],[77.07852,10.51356],[77.07906,10.50391],[77.0606,10.47456],[77.07463,10.46211],[77.04174,10.42365],[77.05182,10.40777],[77.07006,10.39444],[77.08826,10.37223],[77.09015,10.35074],[77.08041,10.33541],[77.08584,10.32706],[77.08373,10.32187],[77.08949,10.3239],[77.09311,10.31154],[77.09123,10.31415],[77.06621,10.29768],[77.0565,10.28692],[77.04352,10.28371],[77.05285,10.27254],[77.05092,10.26266],[77.04044,10.25271],[77.01512,10.24487],[76.98258,10.2204],[76.96868,10.23105],[76.95073,10.23275],[76.93949,10.23918],[76.92169,10.23246],[76.91277,10.23501],[76.90839,10.24113],[76.90314,10.24058],[76.90559,10.2482],[76.90112,10.25193],[76.89752,10.26262],[76.87333,10.27667],[76.8732,10.29851],[76.8627,10.29231],[76.85497,10.29311],[76.85224,10.28551],[76.84857,10.28544],[76.84206,10.29094],[76.84458,10.29518],[76.8408,10.29992],[76.83004,10.30392],[76.83758,10.33803],[76.83606,10.34615],[76.84628,10.35791],[76.84874,10.36864],[76.844,10.37785],[76.82366,10.39543],[76.83378,10.40363],[76.83354,10.40811],[76.83034,10.41172],[76.82452,10.41032],[76.81623,10.42374],[76.82826,10.45083],[76.83045,10.49854],[76.84307,10.53736],[76.83534,10.54575],[76.83968,10.56489],[76.83411,10.57471],[76.83877,10.59707],[76.83275,10.59999],[76.82608,10.59675],[76.81741,10.60383],[76.81679,10.61733],[76.81045,10.62428],[76.8145,10.63581],[76.83009,10.6379],[76.85952,10.63235],[76.88262,10.63951],[76.8843,10.6484],[76.8785,10.67166],[76.89118,10.65566],[76.89679,10.6553]]]}},{"type":"Feature","properties":{"ac_no":125,"name":"Udumalaipettai","district":"Coimbatore","pc":"Pollachi"},"geometry":{"type":"Polygon","coordinates":[[[77.20262,10.80232],[77.21387,10.80415],[77.20777,10.79025],[77.2329,10.77595],[77.27984,10.78901],[77.29818,10.77703],[77.3006,10.75146],[77.3139,10.75033],[77.31977,10.68982],[77.30363,10.65827],[77.31014,10.63807],[77.30867,10.61406],[77.28723,10.61099],[77.28661,10.59021],[77.27694,10.58795],[77.27396,10.57319],[77.25699,10.57177],[77.2589,10.54305],[77.25204,10.531],[77.23753,10.54871],[77.23269,10.56395],[77.23542,10.58069],[77.22417,10.57708],[77.22169,10.58023],[77.22639,10.63577],[77.20553,10.63827],[77.1992,10.63547],[77.17969,10.64185],[77.16659,10.59285],[77.15616,10.58253],[77.08936,10.58416],[77.08452,10.59598],[77.07617,10.59904],[77.07335,10.57981],[77.06774,10.57557],[77.06453,10.58715],[77.04275,10.58905],[77.03674,10.59556],[77.03086,10.58154],[77.02276,10.58134],[77.02119,10.585],[77.01738,10.5798],[77.0018,10.57928],[77.0011,10.5842],[76.99329,10.58708],[76.99517,10.60657],[76.98823,10.61886],[76.9904,10.62511],[76.97031,10.62103],[76.96756,10.62877],[76.97178,10.63434],[76.95901,10.64234],[76.95523,10.64377],[76.95663,10.64801],[76.96311,10.6494],[76.9669,10.65683],[76.96152,10.66639],[76.96296,10.6757],[76.96672,10.67097],[76.97244,10.67354],[76.98192,10.66783],[76.98509,10.66911],[76.98235,10.67482],[76.9924,10.67171],[76.98891,10.66937],[76.98674,10.64679],[76.99241,10.65051],[77.0214,10.64038],[77.02555,10.65746],[77.04726,10.66027],[77.0559,10.64665],[77.06797,10.66311],[77.0749,10.66551],[77.07189,10.68088],[77.06683,10.68626],[77.07664,10.68713],[77.07112,10.71288],[77.07845,10.72681],[77.13884,10.73141],[77.13213,10.75352],[77.13644,10.75465],[77.14252,10.76785],[77.15204,10.76511],[77.15535,10.77234],[77.15246,10.77945],[77.15894,10.77894],[77.15735,10.79451],[77.16784,10.79993],[77.1827,10.79825],[77.20262,10.80232]]]}},{"type":"Feature","properties":{"ac_no":126,"name":"Madathukulam","district":"Coimbatore","pc":"Pollachi"},"geometry":{"type":"Polygon","coordinates":[[[77.31977,10.68982],[77.32049,10.68672],[77.35266,10.69285],[77.36161,10.67576],[77.36519,10.65284],[77.39797,10.65435],[77.40049,10.64255],[77.41765,10.62582],[77.41235,10.61732],[77.40153,10.61356],[77.39443,10.60528],[77.3961,10.59807],[77.38772,10.59625],[77.37832,10.56322],[77.36807,10.54715],[77.37305,10.52992],[77.37817,10.52589],[77.40525,10.5235],[77.40284,10.49827],[77.39586,10.49947],[77.39239,10.49468],[77.37764,10.49086],[77.38405,10.47254],[77.38511,10.44915],[77.35583,10.44526],[77.34428,10.44832],[77.34451,10.45432],[77.33288,10.45566],[77.32292,10.44899],[77.32715,10.43581],[77.32051,10.43449],[77.32311,10.42363],[77.31923,10.4177],[77.31334,10.37175],[77.31564,10.35495],[77.33647,10.35507],[77.32994,10.3412],[77.32983,10.33492],[77.33485,10.33235],[77.32632,10.32147],[77.32983,10.30987],[77.34172,10.30131],[77.34186,10.2952],[77.34791,10.28969],[77.35103,10.27418],[77.34839,10.26358],[77.34254,10.26255],[77.32485,10.27025],[77.31066,10.24608],[77.30357,10.2458],[77.29616,10.25248],[77.28811,10.23171],[77.26941,10.23708],[77.25932,10.23021],[77.25688,10.2592],[77.26293,10.2639],[77.22775,10.31641],[77.2291,10.33057],[77.23629,10.3397],[77.23577,10.35216],[77.1765,10.35807],[77.12047,10.31808],[77.10164,10.31562],[77.09594,10.30913],[77.09311,10.31154],[77.08949,10.3239],[77.08373,10.32187],[77.08584,10.32706],[77.08041,10.33541],[77.09015,10.35074],[77.08826,10.37223],[77.07006,10.39444],[77.05182,10.40777],[77.04174,10.42365],[77.07463,10.46211],[77.0606,10.47456],[77.07906,10.50391],[77.07852,10.51356],[77.07387,10.5149],[77.0766,10.52931],[77.07379,10.54123],[77.07667,10.55999],[77.08441,10.56285],[77.08065,10.56664],[77.08936,10.58416],[77.15616,10.58253],[77.16659,10.59285],[77.17969,10.64185],[77.1992,10.63547],[77.20553,10.63827],[77.22639,10.63577],[77.22169,10.58023],[77.22417,10.57708],[77.23542,10.58069],[77.23269,10.56395],[77.23753,10.54871],[77.25204,10.531],[77.2589,10.54305],[77.25699,10.57177],[77.27396,10.57319],[77.27694,10.58795],[77.28661,10.59021],[77.28723,10.61099],[77.30867,10.61406],[77.31014,10.63807],[77.30363,10.65827],[77.31977,10.68982]]]}},{"type":"Feature","properties":{"ac_no":127,"name":"Palani","district":"Dindigul","pc":"Dindigul"},"geometry":{"type":"Polygon","coordinates":[[[77.40525,10.5235],[77.46441,10.52177],[77.46412,10.51692],[77.47018,10.52047],[77.47093,10.50673],[77.48027,10.5053],[77.48031,10.52197],[77.48753,10.52306],[77.5046,10.51596],[77.52628,10.51836],[77.52989,10.52247],[77.54385,10.52199],[77.54239,10.51728],[77.5728,10.5239],[77.5822,10.52316],[77.58588,10.51724],[77.59914,10.5168],[77.60535,10.50959],[77.60378,10.44144],[77.61035,10.41751],[77.61825,10.41598],[77.6663,10.4311],[77.67467,10.42401],[77.66863,10.4076],[77.67905,10.40454],[77.67769,10.39739],[77.68801,10.39216],[77.68277,10.37854],[77.6953,10.36753],[77.70445,10.37074],[77.72001,10.36133],[77.71918,10.34529],[77.73468,10.33244],[77.73223,10.3104],[77.7239,10.30137],[77.71711,10.30345],[77.71282,10.29389],[77.70511,10.29013],[77.70132,10.27936],[77.67708,10.27964],[77.67282,10.27799],[77.67271,10.26595],[77.65811,10.268],[77.6574,10.26439],[77.68829,10.25138],[77.6917,10.24535],[77.70601,10.24319],[77.70795,10.22996],[77.70002,10.22363],[77.70227,10.21321],[77.69545,10.1986],[77.68142,10.20157],[77.66344,10.18911],[77.6452,10.20456],[77.63198,10.20639],[77.62214,10.21884],[77.60374,10.20602],[77.59572,10.20588],[77.60294,10.20005],[77.59825,10.1944],[77.59182,10.1914],[77.58898,10.19685],[77.56968,10.18136],[77.56675,10.19546],[77.5556,10.20217],[77.54974,10.20001],[77.54812,10.20409],[77.5463,10.19882],[77.55123,10.19192],[77.54439,10.19261],[77.54616,10.18294],[77.53799,10.1878],[77.53674,10.17971],[77.52308,10.17623],[77.52754,10.17403],[77.51174,10.16099],[77.49995,10.16105],[77.48768,10.14784],[77.48257,10.15403],[77.48064,10.14714],[77.46798,10.14234],[77.46568,10.12944],[77.46484,10.12927],[77.45206,10.13615],[77.43812,10.13251],[77.42752,10.13618],[77.41136,10.14511],[77.40868,10.15854],[77.39537,10.16289],[77.38462,10.14677],[77.37202,10.1394],[77.36063,10.15119],[77.34141,10.13612],[77.32923,10.14278],[77.32366,10.12766],[77.31295,10.13548],[77.30242,10.13609],[77.28947,10.12505],[77.28408,10.12547],[77.28298,10.11787],[77.26652,10.12184],[77.27502,10.13209],[77.27139,10.14202],[77.27522,10.18502],[77.28406,10.19849],[77.28312,10.20779],[77.29502,10.21773],[77.28811,10.23171],[77.29616,10.25248],[77.30357,10.2458],[77.31066,10.24608],[77.32485,10.27025],[77.34254,10.26255],[77.34839,10.26358],[77.35103,10.27418],[77.34791,10.28969],[77.34186,10.2952],[77.34172,10.30131],[77.32983,10.30987],[77.32632,10.32147],[77.33485,10.33235],[77.32983,10.33492],[77.32994,10.3412],[77.33647,10.35507],[77.31564,10.35495],[77.31334,10.37175],[77.31923,10.4177],[77.32311,10.42363],[77.32051,10.43449],[77.32715,10.43581],[77.32292,10.44899],[77.33288,10.45566],[77.34451,10.45432],[77.34428,10.44832],[77.35583,10.44526],[77.38511,10.44915],[77.38405,10.47254],[77.37764,10.49086],[77.39239,10.49468],[77.39586,10.49947],[77.40284,10.49827],[77.40525,10.5235]]]}},{"type":"Feature","properties":{"ac_no":128,"name":"Oddanchatram","district":"Dindigul","pc":"Dindigul"},"geometry":{"type":"Polygon","coordinates":[[[77.80855,10.68106],[77.8134,10.67749],[77.81772,10.68018],[77.81264,10.64876],[77.82784,10.63442],[77.8352,10.63303],[77.84734,10.63894],[77.87221,10.63205],[77.88409,10.6284],[77.86917,10.60015],[77.87205,10.59051],[77.86511,10.57979],[77.91478,10.56674],[77.91922,10.55662],[77.91452,10.5446],[77.92505,10.52926],[77.8986,10.53312],[77.89191,10.52343],[77.88454,10.51938],[77.87902,10.52402],[77.86078,10.52706],[77.85246,10.51615],[77.84718,10.51883],[77.84551,10.49276],[77.83965,10.4799],[77.82538,10.48442],[77.8104,10.50059],[77.79708,10.49734],[77.78464,10.48587],[77.78055,10.46289],[77.74941,10.43915],[77.72177,10.40777],[77.73096,10.39526],[77.71892,10.37082],[77.71431,10.37205],[77.71131,10.36672],[77.70445,10.37074],[77.6953,10.36753],[77.68277,10.37854],[77.68801,10.39216],[77.67769,10.39739],[77.67905,10.40454],[77.66863,10.4076],[77.67467,10.42401],[77.6663,10.4311],[77.61825,10.41598],[77.61035,10.41751],[77.60378,10.44144],[77.60535,10.50959],[77.59914,10.5168],[77.58588,10.51724],[77.5822,10.52316],[77.5728,10.5239],[77.54239,10.51728],[77.54385,10.52199],[77.52989,10.52247],[77.52628,10.51836],[77.5046,10.51596],[77.48753,10.52306],[77.48031,10.52197],[77.48027,10.5053],[77.47093,10.50673],[77.47018,10.52047],[77.46412,10.51692],[77.46441,10.52177],[77.40525,10.5235],[77.37817,10.52589],[77.37305,10.52992],[77.36807,10.54715],[77.37832,10.56322],[77.38772,10.59625],[77.3961,10.59807],[77.39443,10.60528],[77.40153,10.61356],[77.41235,10.61732],[77.41765,10.62582],[77.43211,10.63167],[77.44617,10.63019],[77.45362,10.64029],[77.46585,10.645],[77.47477,10.64325],[77.48273,10.64997],[77.50445,10.64257],[77.50661,10.62764],[77.51609,10.61386],[77.50773,10.61382],[77.50818,10.60713],[77.54278,10.61015],[77.5485,10.63854],[77.57082,10.65726],[77.58006,10.67922],[77.58574,10.68353],[77.59662,10.67621],[77.6373,10.66887],[77.65554,10.67318],[77.6649,10.71606],[77.68986,10.73462],[77.7017,10.73346],[77.7071,10.7091],[77.70922,10.68605],[77.69922,10.66197],[77.71358,10.64153],[77.72266,10.64098],[77.7201,10.6313],[77.73062,10.6305],[77.74422,10.63735],[77.75483,10.65207],[77.75323,10.66785],[77.76589,10.67507],[77.76676,10.67962],[77.79057,10.68515],[77.80855,10.68106]]]}},{"type":"Feature","properties":{"ac_no":129,"name":"Athoor","district":"Dindigul","pc":"Dindigul"},"geometry":{"type":"Polygon","coordinates":[[[77.89191,10.52343],[77.90601,10.50831],[77.90798,10.51172],[77.91308,10.50905],[77.91138,10.50219],[77.94093,10.50865],[77.95647,10.49836],[77.97542,10.49297],[77.98042,10.48537],[77.97854,10.46381],[77.98847,10.45911],[77.98378,10.44105],[77.98916,10.43147],[77.98678,10.42276],[77.97579,10.42397],[77.96337,10.43287],[77.95998,10.42285],[77.95455,10.4222],[77.95765,10.40183],[77.9439,10.40171],[77.94342,10.3971],[77.93504,10.39286],[77.93263,10.36347],[77.94127,10.35539],[77.94052,10.33038],[77.94829,10.32613],[77.94801,10.31066],[77.9378,10.30522],[77.935,10.29173],[77.953,10.28199],[77.9437,10.26432],[77.93718,10.2604],[77.93782,10.25331],[77.92629,10.25161],[77.91792,10.24201],[77.89433,10.25483],[77.89761,10.27414],[77.88732,10.27525],[77.88741,10.27909],[77.88106,10.27743],[77.88292,10.28038],[77.87518,10.28421],[77.86782,10.28061],[77.86801,10.26371],[77.85253,10.23563],[77.84318,10.23644],[77.84449,10.24141],[77.83934,10.24455],[77.8263,10.2406],[77.8071,10.24981],[77.80728,10.22913],[77.81518,10.22818],[77.80655,10.20348],[77.78886,10.20094],[77.76074,10.21571],[77.74548,10.20107],[77.71758,10.22788],[77.70795,10.22996],[77.70601,10.24319],[77.6917,10.24535],[77.68829,10.25138],[77.6574,10.26439],[77.65811,10.268],[77.67271,10.26595],[77.67282,10.27799],[77.67708,10.27964],[77.70132,10.27936],[77.70511,10.29013],[77.71282,10.29389],[77.71711,10.30345],[77.7239,10.30137],[77.73223,10.3104],[77.73468,10.33244],[77.71918,10.34529],[77.72001,10.36133],[77.71131,10.36672],[77.71431,10.37205],[77.71892,10.37082],[77.73096,10.39526],[77.72177,10.40777],[77.74941,10.43915],[77.78055,10.46289],[77.78464,10.48587],[77.79708,10.49734],[77.8104,10.50059],[77.82538,10.48442],[77.83965,10.4799],[77.84551,10.49276],[77.84718,10.51883],[77.85246,10.51615],[77.86078,10.52706],[77.87902,10.52402],[77.88454,10.51938],[77.89191,10.52343]]]}},{"type":"Feature","properties":{"ac_no":130,"name":"Nilakkottai (SC)","district":"Dindigul","pc":"Dindigul"},"geometry":{"type":"Polygon","coordinates":[[[77.91792,10.24201],[77.91543,10.22456],[77.92109,10.21211],[77.93342,10.20391],[77.93049,10.19296],[77.93827,10.19174],[77.93663,10.14978],[77.94061,10.14668],[77.9463,10.15932],[77.94868,10.14538],[77.95409,10.13876],[77.94662,10.13496],[77.95406,10.13373],[77.95353,10.13003],[77.93598,10.10826],[77.93697,10.09687],[77.94671,10.09195],[77.91874,10.08449],[77.91921,10.07574],[77.91033,10.07711],[77.90471,10.07056],[77.89429,10.07322],[77.87496,10.06173],[77.86071,10.07539],[77.83642,10.07407],[77.82173,10.06731],[77.80551,10.06785],[77.78121,10.05109],[77.76334,10.05605],[77.75995,10.04629],[77.75353,10.04741],[77.71716,10.01815],[77.71032,10.02041],[77.71249,10.02595],[77.7116,10.03406],[77.70624,10.03831],[77.71253,10.04798],[77.70765,10.06467],[77.70883,10.08033],[77.70103,10.08568],[77.69688,10.08692],[77.70247,10.10283],[77.69718,10.10894],[77.66857,10.12246],[77.66904,10.12623],[77.67541,10.1267],[77.67632,10.14472],[77.69204,10.14545],[77.69718,10.13531],[77.7078,10.12899],[77.71563,10.12878],[77.72167,10.13412],[77.72938,10.13147],[77.7242,10.13619],[77.72386,10.14626],[77.72921,10.15915],[77.71218,10.17011],[77.70121,10.19526],[77.70996,10.20639],[77.70648,10.21595],[77.70227,10.21321],[77.70002,10.22363],[77.70795,10.22996],[77.71758,10.22788],[77.74548,10.20107],[77.76074,10.21571],[77.78886,10.20094],[77.80655,10.20348],[77.81518,10.22818],[77.80728,10.22913],[77.8071,10.24981],[77.8263,10.2406],[77.83934,10.24455],[77.84449,10.24141],[77.84318,10.23644],[77.85253,10.23563],[77.86801,10.26371],[77.86782,10.28061],[77.87518,10.28421],[77.88292,10.28038],[77.88106,10.27743],[77.88741,10.27909],[77.88732,10.27525],[77.89761,10.27414],[77.89433,10.25483],[77.91792,10.24201]]]}},{"type":"Feature","properties":{"ac_no":131,"name":"Natham","district":"Dindigul","pc":"Dindigul"},"geometry":{"type":"Polygon","coordinates":[[[78.07527,10.38474],[78.10234,10.37814],[78.11967,10.38194],[78.12258,10.40107],[78.13892,10.40389],[78.14249,10.41608],[78.14988,10.42091],[78.17028,10.40869],[78.17626,10.39501],[78.16956,10.38227],[78.17091,10.37613],[78.17649,10.37398],[78.18782,10.39506],[78.18663,10.40533],[78.19885,10.40812],[78.21112,10.42249],[78.23285,10.41754],[78.23498,10.42343],[78.25137,10.43318],[78.22169,10.44976],[78.22347,10.46568],[78.23353,10.47012],[78.24535,10.4681],[78.25285,10.46202],[78.29612,10.4501],[78.31451,10.43888],[78.30626,10.42325],[78.30701,10.41161],[78.28806,10.40238],[78.2874,10.39208],[78.28142,10.39024],[78.27746,10.38287],[78.27907,10.37259],[78.28546,10.37019],[78.29122,10.36071],[78.31689,10.34868],[78.33848,10.32587],[78.33318,10.30074],[78.32922,10.29792],[78.3383,10.29808],[78.33478,10.29361],[78.33704,10.28931],[78.32956,10.28942],[78.32513,10.28357],[78.33005,10.27748],[78.32771,10.2558],[78.33197,10.25508],[78.32617,10.24029],[78.32768,10.22733],[78.29378,10.19164],[78.28467,10.19104],[78.25494,10.16528],[78.2566,10.15838],[78.28057,10.16696],[78.28215,10.15742],[78.28455,10.16409],[78.28753,10.15931],[78.28224,10.15169],[78.28019,10.13033],[78.26973,10.12886],[78.27191,10.1165],[78.26064,10.10379],[78.26204,10.09502],[78.25773,10.08767],[78.24453,10.08449],[78.23687,10.07735],[78.21073,10.0754],[78.20798,10.06635],[78.20298,10.06739],[78.20083,10.07401],[78.2043,10.07944],[78.16961,10.09439],[78.17493,10.09841],[78.15644,10.10794],[78.16517,10.12406],[78.16438,10.14139],[78.15104,10.14717],[78.15782,10.14952],[78.15698,10.15692],[78.14167,10.18288],[78.12037,10.19043],[78.10635,10.18524],[78.0718,10.18418],[78.07084,10.18006],[78.02932,10.18081],[78.01796,10.16115],[77.99897,10.16055],[77.97771,10.13497],[77.96571,10.13226],[77.95952,10.13982],[77.95409,10.13876],[77.94868,10.14538],[77.9463,10.15932],[77.94061,10.14668],[77.93663,10.14978],[77.93827,10.19174],[77.93049,10.19296],[77.93342,10.20391],[77.92109,10.21211],[77.91543,10.22456],[77.91792,10.24201],[77.92629,10.25161],[77.93782,10.25331],[77.93718,10.2604],[77.9437,10.26432],[77.953,10.28199],[77.935,10.29173],[77.9378,10.30522],[77.94801,10.31066],[77.94829,10.32613],[77.95686,10.34229],[77.98052,10.33693],[77.98653,10.344],[78.0016,10.34342],[78.01216,10.35017],[78.02817,10.34506],[78.05841,10.35483],[78.06347,10.36079],[78.06257,10.37351],[78.07527,10.38474]]]}},{"type":"Feature","properties":{"ac_no":132,"name":"Dindigul","district":"Dindigul","pc":"Dindigul"},"geometry":{"type":"Polygon","coordinates":[[[77.98678,10.42276],[77.98635,10.41489],[77.99008,10.41291],[78.00911,10.41684],[78.01277,10.40955],[78.02514,10.40695],[78.03122,10.40726],[78.03977,10.42132],[78.05205,10.42216],[78.05695,10.41961],[78.05409,10.40003],[78.07527,10.38474],[78.06257,10.37351],[78.06347,10.36079],[78.05841,10.35483],[78.02817,10.34506],[78.01216,10.35017],[78.0016,10.34342],[77.98653,10.344],[77.98052,10.33693],[77.95686,10.34229],[77.94829,10.32613],[77.94052,10.33038],[77.94127,10.35539],[77.93263,10.36347],[77.93504,10.39286],[77.94342,10.3971],[77.9439,10.40171],[77.95765,10.40183],[77.95455,10.4222],[77.95998,10.42285],[77.96337,10.43287],[77.97579,10.42397],[77.98678,10.42276]]]}},{"type":"Feature","properties":{"ac_no":133,"name":"Vedasandur","district":"Dindigul","pc":"Karur"},"geometry":{"type":"Polygon","coordinates":[[[77.93206,10.75148],[77.94038,10.76824],[77.9833,10.75959],[77.995,10.76189],[77.99855,10.77431],[78.02487,10.77337],[78.02232,10.77769],[78.02677,10.77595],[78.028,10.78209],[78.03329,10.78118],[78.03302,10.77526],[78.04342,10.77899],[78.05503,10.77236],[78.05679,10.76379],[78.06621,10.76694],[78.07023,10.77691],[78.09808,10.76715],[78.1004,10.77962],[78.09643,10.78966],[78.10516,10.8056],[78.14875,10.80471],[78.15211,10.82638],[78.158,10.82747],[78.15858,10.83345],[78.17317,10.83234],[78.17572,10.83541],[78.1793,10.82256],[78.18065,10.83234],[78.1864,10.83302],[78.18058,10.82066],[78.18578,10.81937],[78.1704,10.79935],[78.16786,10.7746],[78.15233,10.74111],[78.15562,10.72914],[78.15376,10.70762],[78.14562,10.67716],[78.14533,10.64972],[78.16322,10.64954],[78.15956,10.64131],[78.16651,10.61331],[78.13944,10.60134],[78.13301,10.57511],[78.13957,10.56379],[78.16102,10.56233],[78.17062,10.55423],[78.18018,10.55932],[78.19069,10.55753],[78.19142,10.5523],[78.20007,10.54673],[78.18989,10.53895],[78.18619,10.52834],[78.18453,10.5218],[78.17672,10.51725],[78.17343,10.5033],[78.19118,10.5004],[78.20635,10.47398],[78.21373,10.47362],[78.21784,10.46672],[78.22347,10.46568],[78.22169,10.44976],[78.25137,10.43318],[78.23498,10.42343],[78.23285,10.41754],[78.21112,10.42249],[78.19885,10.40812],[78.18663,10.40533],[78.18782,10.39506],[78.17649,10.37398],[78.17091,10.37613],[78.16956,10.38227],[78.17626,10.39501],[78.17028,10.40869],[78.14988,10.42091],[78.14249,10.41608],[78.13892,10.40389],[78.12258,10.40107],[78.11967,10.38194],[78.10234,10.37814],[78.07527,10.38474],[78.05409,10.40003],[78.05695,10.41961],[78.05205,10.42216],[78.03977,10.42132],[78.03122,10.40726],[78.02514,10.40695],[78.01277,10.40955],[78.00911,10.41684],[77.99008,10.41291],[77.98635,10.41489],[77.98678,10.42276],[77.98916,10.43147],[77.98378,10.44105],[77.98847,10.45911],[77.97854,10.46381],[77.98042,10.48537],[77.97542,10.49297],[77.95647,10.49836],[77.94093,10.50865],[77.91138,10.50219],[77.91308,10.50905],[77.90798,10.51172],[77.90601,10.50831],[77.89191,10.52343],[77.8986,10.53312],[77.92505,10.52926],[77.91452,10.5446],[77.91922,10.55662],[77.91478,10.56674],[77.86511,10.57979],[77.87205,10.59051],[77.86917,10.60015],[77.88409,10.6284],[77.87221,10.63205],[77.8809,10.64945],[77.89601,10.64552],[77.89703,10.64935],[77.90314,10.64818],[77.90891,10.65713],[77.91364,10.64829],[77.95003,10.64355],[77.95172,10.63963],[77.97854,10.6393],[77.9702,10.67289],[77.99249,10.67139],[78.0053,10.67571],[78.00918,10.71127],[78.01522,10.71994],[78.00921,10.72323],[78.01147,10.73046],[77.99876,10.72928],[77.99649,10.74323],[77.95248,10.74335],[77.93124,10.73654],[77.93206,10.75148]]]}},{"type":"Feature","properties":{"ac_no":134,"name":"Aravakurichi","district":"Karur","pc":"Karur"},"geometry":{"type":"Polygon","coordinates":[[[78.04778,11.07859],[78.05288,11.07369],[78.06055,11.07629],[78.05966,11.05449],[78.04342,11.04167],[78.03813,11.02897],[78.01579,11.02841],[78.00884,10.96477],[78.01572,10.9533],[78.0261,10.94832],[78.02424,10.93785],[78.01387,10.94024],[78.00326,10.93554],[78.00371,10.92945],[77.98868,10.9128],[77.99228,10.90183],[77.98903,10.88631],[78.00402,10.86955],[78.00567,10.8545],[78.02707,10.85378],[78.0214,10.84005],[78.01309,10.8359],[78.02003,10.82881],[78.02838,10.82897],[78.0386,10.82251],[78.04229,10.80067],[78.04827,10.80397],[78.05364,10.7991],[78.05127,10.787],[78.05641,10.77828],[78.05503,10.77236],[78.04342,10.77899],[78.03302,10.77526],[78.03329,10.78118],[78.028,10.78209],[78.02677,10.77595],[78.02232,10.77769],[78.02487,10.77337],[77.99855,10.77431],[77.995,10.76189],[77.9833,10.75959],[77.94038,10.76824],[77.93206,10.75148],[77.93124,10.73654],[77.95248,10.74335],[77.99649,10.74323],[77.99876,10.72928],[78.01147,10.73046],[78.00921,10.72323],[78.01522,10.71994],[78.00918,10.71127],[78.0053,10.67571],[77.99249,10.67139],[77.9702,10.67289],[77.97854,10.6393],[77.95172,10.63963],[77.95003,10.64355],[77.91364,10.64829],[77.90891,10.65713],[77.90314,10.64818],[77.89703,10.64935],[77.89601,10.64552],[77.8809,10.64945],[77.87221,10.63205],[77.84734,10.63894],[77.8352,10.63303],[77.82784,10.63442],[77.81264,10.64876],[77.81772,10.68018],[77.8134,10.67749],[77.80855,10.68106],[77.8103,10.69987],[77.8248,10.71553],[77.82121,10.73342],[77.82664,10.75019],[77.81272,10.75871],[77.79719,10.7526],[77.77102,10.7674],[77.77756,10.79033],[77.79355,10.79065],[77.7985,10.80627],[77.81844,10.79729],[77.82789,10.79774],[77.82842,10.79185],[77.83623,10.79041],[77.8361,10.7869],[77.85492,10.78404],[77.8712,10.77184],[77.87277,10.77589],[77.89217,10.77389],[77.89175,10.79241],[77.88112,10.78916],[77.8722,10.79485],[77.87073,10.80111],[77.87566,10.80862],[77.87313,10.83582],[77.86187,10.84787],[77.85636,10.84936],[77.84635,10.83736],[77.83663,10.83523],[77.82042,10.85833],[77.80775,10.85854],[77.79596,10.86623],[77.79462,10.87983],[77.7877,10.88637],[77.78408,10.87389],[77.77661,10.86985],[77.77154,10.8939],[77.76068,10.90452],[77.77026,10.96155],[77.76851,10.96663],[77.75264,10.96589],[77.75009,10.97664],[77.75089,10.98119],[77.7577,10.97917],[77.75861,10.9839],[77.78089,10.99803],[77.78969,11.01903],[77.79183,11.03319],[77.78217,11.03898],[77.78174,11.05103],[77.77784,11.05405],[77.77971,11.06294],[77.7939,11.06743],[77.80474,11.06313],[77.80934,11.07029],[77.81785,11.07027],[77.82845,11.06251],[77.83069,11.04773],[77.85137,11.04626],[77.85469,11.03113],[77.8755,11.02363],[77.88787,11.03207],[77.90014,11.03429],[77.90686,11.04573],[77.91946,11.04682],[77.93305,11.07017],[77.9446,11.06548],[77.95223,11.06693],[77.99407,11.09697],[78.02111,11.09343],[78.04778,11.07859]]]}},{"type":"Feature","properties":{"ac_no":135,"name":"Karur","district":"Karur","pc":"Karur"},"geometry":{"type":"Polygon","coordinates":[[[78.06055,11.07629],[78.08993,11.07839],[78.1024,11.07403],[78.11234,11.06369],[78.14778,11.03578],[78.16525,11.01229],[78.1698,10.99609],[78.1931,10.96508],[78.17092,10.95724],[78.17021,10.951],[78.16642,10.95578],[78.16526,10.95098],[78.15743,10.94893],[78.14709,10.95587],[78.14857,10.96597],[78.14331,10.97137],[78.14198,10.9818],[78.13595,10.98576],[78.13291,10.97671],[78.12643,10.97306],[78.09974,10.96917],[78.09382,10.96375],[78.10245,10.96293],[78.10611,10.95728],[78.09716,10.95506],[78.09924,10.94874],[78.11619,10.9437],[78.11373,10.93704],[78.10514,10.93314],[78.10892,10.92528],[78.10379,10.9119],[78.10491,10.90083],[78.07282,10.89448],[78.06812,10.90974],[78.05308,10.90906],[78.05023,10.91421],[78.05217,10.94453],[78.04052,10.9499],[78.0261,10.94832],[78.01572,10.9533],[78.00884,10.96477],[78.01579,11.02841],[78.03813,11.02897],[78.04342,11.04167],[78.05966,11.05449],[78.06055,11.07629]]]}},{"type":"Feature","properties":{"ac_no":136,"name":"Krishnarayapuram (SC)","district":"Karur","pc":"Karur"},"geometry":{"type":"Polygon","coordinates":[[[78.30801,10.95964],[78.30779,10.95186],[78.31254,10.94406],[78.31721,10.9436],[78.31607,10.93149],[78.32038,10.9263],[78.31182,10.90504],[78.31276,10.89571],[78.29862,10.88651],[78.2775,10.88841],[78.27144,10.83246],[78.27512,10.82447],[78.27267,10.82047],[78.27819,10.82089],[78.28291,10.81475],[78.28978,10.81795],[78.29015,10.80992],[78.31176,10.80846],[78.30519,10.78383],[78.3099,10.76615],[78.30488,10.75673],[78.28424,10.75191],[78.28274,10.74591],[78.26322,10.61571],[78.25595,10.60168],[78.26061,10.59755],[78.26239,10.57929],[78.27167,10.57067],[78.26767,10.55257],[78.25332,10.53669],[78.23984,10.52896],[78.23736,10.532],[78.24236,10.54078],[78.22724,10.5422],[78.21702,10.54018],[78.21475,10.53127],[78.18619,10.52834],[78.18989,10.53895],[78.20007,10.54673],[78.19142,10.5523],[78.19069,10.55753],[78.18018,10.55932],[78.17062,10.55423],[78.16102,10.56233],[78.13957,10.56379],[78.13301,10.57511],[78.13944,10.60134],[78.16651,10.61331],[78.15956,10.64131],[78.16322,10.64954],[78.14533,10.64972],[78.14562,10.67716],[78.15376,10.70762],[78.15562,10.72914],[78.15233,10.74111],[78.16786,10.7746],[78.1704,10.79935],[78.18578,10.81937],[78.18058,10.82066],[78.1864,10.83302],[78.18065,10.83234],[78.1793,10.82256],[78.17572,10.83541],[78.17317,10.83234],[78.15858,10.83345],[78.158,10.82747],[78.15211,10.82638],[78.14875,10.80471],[78.10516,10.8056],[78.09643,10.78966],[78.1004,10.77962],[78.09808,10.76715],[78.07023,10.77691],[78.06621,10.76694],[78.05679,10.76379],[78.05503,10.77236],[78.05641,10.77828],[78.05127,10.787],[78.05364,10.7991],[78.04827,10.80397],[78.04229,10.80067],[78.0386,10.82251],[78.02838,10.82897],[78.02003,10.82881],[78.01309,10.8359],[78.0214,10.84005],[78.02707,10.85378],[78.00567,10.8545],[78.00402,10.86955],[77.98903,10.88631],[77.99228,10.90183],[77.98868,10.9128],[78.00371,10.92945],[78.00326,10.93554],[78.01387,10.94024],[78.02424,10.93785],[78.0261,10.94832],[78.04052,10.9499],[78.05217,10.94453],[78.05023,10.91421],[78.05308,10.90906],[78.06812,10.90974],[78.07282,10.89448],[78.10491,10.90083],[78.10379,10.9119],[78.10892,10.92528],[78.10514,10.93314],[78.11373,10.93704],[78.11619,10.9437],[78.09924,10.94874],[78.09716,10.95506],[78.10611,10.95728],[78.10245,10.96293],[78.09382,10.96375],[78.09974,10.96917],[78.12643,10.97306],[78.13291,10.97671],[78.13595,10.98576],[78.14198,10.9818],[78.14331,10.97137],[78.14857,10.96597],[78.14709,10.95587],[78.15743,10.94893],[78.16526,10.95098],[78.16642,10.95578],[78.17021,10.951],[78.17092,10.95724],[78.1931,10.96508],[78.20774,10.95798],[78.24877,10.968],[78.30801,10.95964]]]}},{"type":"Feature","properties":{"ac_no":137,"name":"Kulithalai","district":"Karur","pc":"Perambalur"},"geometry":{"type":"Polygon","coordinates":[[[78.46506,10.91925],[78.46351,10.91548],[78.47628,10.90948],[78.46803,10.88673],[78.47708,10.88282],[78.49208,10.89372],[78.50906,10.8852],[78.54634,10.87958],[78.55891,10.86882],[78.55828,10.86397],[78.5779,10.85237],[78.57871,10.8436],[78.57497,10.84459],[78.57151,10.83427],[78.58585,10.83145],[78.58552,10.82467],[78.57588,10.80853],[78.5543,10.81363],[78.54455,10.79467],[78.55808,10.78696],[78.55612,10.78054],[78.56355,10.78184],[78.56893,10.77761],[78.56253,10.76277],[78.56876,10.74742],[78.56457,10.73452],[78.5514,10.72258],[78.54405,10.72391],[78.53166,10.71261],[78.51687,10.70744],[78.51349,10.69488],[78.48721,10.69891],[78.48444,10.70305],[78.46007,10.70376],[78.45963,10.69267],[78.45421,10.68625],[78.43247,10.68427],[78.42225,10.67157],[78.40694,10.67352],[78.40068,10.68025],[78.40456,10.69406],[78.39737,10.68963],[78.37401,10.71878],[78.37836,10.72629],[78.34489,10.72105],[78.3416,10.70726],[78.33165,10.70921],[78.32757,10.7056],[78.31865,10.7075],[78.31606,10.70268],[78.2928,10.70189],[78.28926,10.71259],[78.29199,10.72157],[78.28274,10.74591],[78.28424,10.75191],[78.30488,10.75673],[78.3099,10.76615],[78.30519,10.78383],[78.31176,10.80846],[78.29015,10.80992],[78.28978,10.81795],[78.28291,10.81475],[78.27819,10.82089],[78.27267,10.82047],[78.27512,10.82447],[78.27144,10.83246],[78.2775,10.88841],[78.29862,10.88651],[78.31276,10.89571],[78.31182,10.90504],[78.32038,10.9263],[78.31607,10.93149],[78.31721,10.9436],[78.31254,10.94406],[78.30779,10.95186],[78.30801,10.95964],[78.38163,10.9612],[78.40931,10.95709],[78.46506,10.91925]]]}},{"type":"Feature","properties":{"ac_no":138,"name":"Manapparai","district":"Tiruchirappalli","pc":"Karur"},"geometry":{"type":"Polygon","coordinates":[[[78.28274,10.74591],[78.29199,10.72157],[78.28926,10.71259],[78.2928,10.70189],[78.31606,10.70268],[78.31865,10.7075],[78.32757,10.7056],[78.33165,10.70921],[78.3416,10.70726],[78.34489,10.72105],[78.37836,10.72629],[78.37401,10.71878],[78.39737,10.68963],[78.38511,10.658],[78.39026,10.64749],[78.38719,10.64094],[78.39347,10.63024],[78.41004,10.63571],[78.42089,10.64904],[78.42343,10.66289],[78.43319,10.64677],[78.42815,10.63382],[78.43203,10.6203],[78.42432,10.60726],[78.43277,10.60739],[78.4415,10.59131],[78.45716,10.57897],[78.46502,10.57742],[78.46399,10.541],[78.484,10.53996],[78.49013,10.52702],[78.48638,10.5181],[78.49079,10.51678],[78.49063,10.50954],[78.49699,10.50708],[78.49309,10.48892],[78.49666,10.48536],[78.5189,10.48351],[78.53645,10.49549],[78.54171,10.50925],[78.54,10.51456],[78.53295,10.51408],[78.53722,10.5313],[78.5446,10.5301],[78.55037,10.51524],[78.56699,10.51459],[78.56886,10.52034],[78.58136,10.5227],[78.58003,10.50935],[78.57003,10.48983],[78.58497,10.48112],[78.5887,10.47391],[78.58359,10.44115],[78.57674,10.44493],[78.56434,10.44298],[78.56107,10.43145],[78.56364,10.42716],[78.55224,10.42687],[78.55253,10.43331],[78.52245,10.43719],[78.51629,10.40729],[78.52818,10.40209],[78.52965,10.3904],[78.52443,10.37807],[78.51255,10.3714],[78.50653,10.37498],[78.50533,10.37628],[78.50654,10.38885],[78.49579,10.38775],[78.49105,10.38866],[78.49073,10.39563],[78.46444,10.40729],[78.44544,10.4083],[78.43837,10.38437],[78.44921,10.37541],[78.43624,10.36262],[78.41511,10.36334],[78.40844,10.35779],[78.39242,10.35443],[78.39393,10.34914],[78.40417,10.34331],[78.39215,10.31798],[78.37838,10.31043],[78.37108,10.30862],[78.37441,10.30021],[78.36684,10.30141],[78.36318,10.29365],[78.33318,10.30074],[78.33848,10.32587],[78.31689,10.34868],[78.29122,10.36071],[78.28546,10.37019],[78.27907,10.37259],[78.27746,10.38287],[78.28142,10.39024],[78.2874,10.39208],[78.28806,10.40238],[78.30701,10.41161],[78.30626,10.42325],[78.31451,10.43888],[78.29612,10.4501],[78.25285,10.46202],[78.24535,10.4681],[78.23353,10.47012],[78.22347,10.46568],[78.21784,10.46672],[78.21373,10.47362],[78.20635,10.47398],[78.19118,10.5004],[78.17343,10.5033],[78.17672,10.51725],[78.18453,10.5218],[78.18619,10.52834],[78.21475,10.53127],[78.21702,10.54018],[78.22724,10.5422],[78.24236,10.54078],[78.23736,10.532],[78.23984,10.52896],[78.25332,10.53669],[78.26767,10.55257],[78.27167,10.57067],[78.26239,10.57929],[78.26061,10.59755],[78.25595,10.60168],[78.26322,10.61571],[78.28274,10.74591]]]}},{"type":"Feature","properties":{"ac_no":139,"name":"Srirangam","district":"Tiruchirappalli","pc":"Tiruchirappalli"},"geometry":{"type":"Polygon","coordinates":[[[78.46506,10.91925],[78.48169,10.91396],[78.52119,10.90819],[78.57743,10.88761],[78.63733,10.87514],[78.6385,10.88356],[78.67561,10.87847],[78.68613,10.87438],[78.68667,10.86967],[78.7138,10.86015],[78.80159,10.84764],[78.81652,10.84414],[78.81735,10.8361],[78.79765,10.83801],[78.77614,10.83196],[78.75338,10.83949],[78.71545,10.83839],[78.70656,10.83893],[78.70624,10.8424],[78.6943,10.84494],[78.684,10.85358],[78.68166,10.8377],[78.67492,10.8342],[78.67224,10.8437],[78.66508,10.84441],[78.64648,10.83381],[78.66451,10.82546],[78.66388,10.80185],[78.6583,10.78962],[78.67286,10.78535],[78.67893,10.76764],[78.69371,10.7629],[78.69108,10.73385],[78.6886,10.7277],[78.69652,10.7041],[78.69338,10.69051],[78.68265,10.68791],[78.68094,10.67004],[78.66738,10.67269],[78.66308,10.65453],[78.65245,10.65924],[78.65687,10.67216],[78.65175,10.68186],[78.65816,10.70521],[78.64695,10.70382],[78.63747,10.70803],[78.62739,10.7044],[78.6214,10.6762],[78.61584,10.68213],[78.60918,10.6816],[78.5914,10.65968],[78.57885,10.66456],[78.56566,10.6613],[78.56824,10.68168],[78.55084,10.68739],[78.54408,10.67568],[78.53358,10.6769],[78.5308,10.67189],[78.52621,10.67525],[78.51791,10.66968],[78.51965,10.65035],[78.52938,10.64408],[78.52742,10.62923],[78.48233,10.63898],[78.4686,10.62805],[78.46523,10.61749],[78.45843,10.61724],[78.4591,10.60977],[78.44748,10.60656],[78.44865,10.6002],[78.4525,10.60002],[78.45239,10.59058],[78.45919,10.58965],[78.45716,10.57897],[78.4415,10.59131],[78.43277,10.60739],[78.42432,10.60726],[78.43203,10.6203],[78.42815,10.63382],[78.43319,10.64677],[78.42343,10.66289],[78.42089,10.64904],[78.41004,10.63571],[78.39347,10.63024],[78.38719,10.64094],[78.39026,10.64749],[78.38511,10.658],[78.39737,10.68963],[78.40456,10.69406],[78.40068,10.68025],[78.40694,10.67352],[78.42225,10.67157],[78.43247,10.68427],[78.45421,10.68625],[78.45963,10.69267],[78.46007,10.70376],[78.48444,10.70305],[78.48721,10.69891],[78.51349,10.69488],[78.51687,10.70744],[78.53166,10.71261],[78.54405,10.72391],[78.5514,10.72258],[78.56457,10.73452],[78.56876,10.74742],[78.56253,10.76277],[78.56893,10.77761],[78.56355,10.78184],[78.55612,10.78054],[78.55808,10.78696],[78.54455,10.79467],[78.5543,10.81363],[78.57588,10.80853],[78.58552,10.82467],[78.58585,10.83145],[78.57151,10.83427],[78.57497,10.84459],[78.57871,10.8436],[78.5779,10.85237],[78.55828,10.86397],[78.55891,10.86882],[78.54634,10.87958],[78.50906,10.8852],[78.49208,10.89372],[78.47708,10.88282],[78.46803,10.88673],[78.47628,10.90948],[78.46351,10.91548],[78.46506,10.91925]]]}},{"type":"Feature","properties":{"ac_no":140,"name":"Tiruchirappalli","district":"Tiruchirappalli","pc":"Tiruchirappalli"},"geometry":{"type":"Polygon","coordinates":[[[78.68166,10.8377],[78.68608,10.8301],[78.68868,10.79948],[78.69547,10.79188],[78.6892,10.78933],[78.71008,10.78145],[78.71889,10.77351],[78.71723,10.74205],[78.70889,10.73278],[78.69108,10.73385],[78.69371,10.7629],[78.67893,10.76764],[78.67286,10.78535],[78.6583,10.78962],[78.66388,10.80185],[78.66451,10.82546],[78.64648,10.83381],[78.66508,10.84441],[78.67224,10.8437],[78.67492,10.8342],[78.68166,10.8377]]]}},{"type":"Feature","properties":{"ac_no":141,"name":"Tiruchirappalli","district":"Tiruchirappalli","pc":"Tiruchirappalli"},"geometry":{"type":"Polygon","coordinates":[[[78.70656,10.83893],[78.70687,10.81396],[78.72307,10.81278],[78.72271,10.80122],[78.73817,10.80063],[78.74563,10.78901],[78.74272,10.7745],[78.72755,10.77745],[78.71889,10.77351],[78.71008,10.78145],[78.6892,10.78933],[78.69547,10.79188],[78.68868,10.79948],[78.68608,10.8301],[78.68166,10.8377],[78.684,10.85358],[78.6943,10.84494],[78.70624,10.8424],[78.70656,10.83893]]]}},{"type":"Feature","properties":{"ac_no":142,"name":"Thiruverumbur","district":"Tiruchirappalli","pc":"Tiruchirappalli"},"geometry":{"type":"Polygon","coordinates":[[[78.71545,10.83839],[78.75338,10.83949],[78.77614,10.83196],[78.77551,10.82755],[78.81485,10.82337],[78.86819,10.82649],[78.86175,10.8028],[78.86683,10.80259],[78.86744,10.78572],[78.88026,10.7893],[78.87371,10.76204],[78.86843,10.76106],[78.86936,10.74738],[78.86487,10.73566],[78.86561,10.72192],[78.87342,10.70572],[78.87342,10.68795],[78.8198,10.69513],[78.82009,10.6874],[78.81259,10.68123],[78.81143,10.67316],[78.80267,10.67656],[78.80646,10.67937],[78.79989,10.68005],[78.79966,10.66125],[78.79439,10.65267],[78.79098,10.64863],[78.78406,10.64912],[78.76456,10.65535],[78.75751,10.65295],[78.75681,10.64362],[78.74388,10.6426],[78.73576,10.67746],[78.73863,10.68366],[78.74689,10.68667],[78.74616,10.69857],[78.74178,10.69972],[78.74244,10.70797],[78.73541,10.71474],[78.71051,10.72253],[78.70889,10.73278],[78.71723,10.74205],[78.71889,10.77351],[78.72755,10.77745],[78.74272,10.7745],[78.74563,10.78901],[78.73817,10.80063],[78.72271,10.80122],[78.72307,10.81278],[78.70687,10.81396],[78.70656,10.83893],[78.71545,10.83839]]]}},{"type":"Feature","properties":{"ac_no":143,"name":"Lalgudi","district":"Tiruchirappalli","pc":"Perambalur"},"geometry":{"type":"Polygon","coordinates":[[[78.8489,11.09017],[78.86234,11.09157],[78.8649,11.08661],[78.87328,11.08557],[78.87342,11.09647],[78.88771,11.10189],[78.91601,11.09756],[78.92759,11.09015],[78.9371,11.09474],[78.97329,11.0947],[78.98442,11.0885],[78.98506,11.07899],[78.99818,11.07575],[79.00169,11.06083],[79.00663,11.05641],[79.01191,11.00979],[78.99334,10.99913],[78.98703,11.00154],[78.98605,10.9779],[78.97806,10.97465],[78.98303,10.9654],[78.95614,10.97104],[78.94442,10.95739],[78.9755,10.94063],[78.98109,10.92079],[78.98796,10.92837],[79.00188,10.92221],[79.00442,10.89388],[78.96129,10.88835],[78.96088,10.89504],[78.94032,10.88779],[78.9392,10.87644],[78.92437,10.86701],[78.81735,10.8361],[78.81652,10.84414],[78.80159,10.84764],[78.7138,10.86015],[78.71318,10.87258],[78.73211,10.87913],[78.72136,10.88277],[78.72812,10.88446],[78.72554,10.89281],[78.73068,10.89338],[78.72829,10.91353],[78.74721,10.90139],[78.75501,10.90648],[78.75622,10.90241],[78.758,10.91243],[78.76699,10.91084],[78.75818,10.92633],[78.77607,10.926],[78.77795,10.92917],[78.77752,10.95004],[78.79216,10.96499],[78.79423,10.99809],[78.80272,11.01293],[78.81263,11.01674],[78.80747,11.02102],[78.80653,11.02911],[78.81491,11.0513],[78.80944,11.05689],[78.80768,11.08061],[78.83825,11.07639],[78.8489,11.09017]]]}},{"type":"Feature","properties":{"ac_no":144,"name":"Manachanallur","district":"Tiruchirappalli","pc":"Perambalur"},"geometry":{"type":"Polygon","coordinates":[[[78.80768,11.08061],[78.80944,11.05689],[78.81491,11.0513],[78.80653,11.02911],[78.80747,11.02102],[78.81263,11.01674],[78.80272,11.01293],[78.79423,10.99809],[78.79216,10.96499],[78.77752,10.95004],[78.77795,10.92917],[78.77607,10.926],[78.75818,10.92633],[78.76699,10.91084],[78.758,10.91243],[78.75622,10.90241],[78.75501,10.90648],[78.74721,10.90139],[78.72829,10.91353],[78.73068,10.89338],[78.72554,10.89281],[78.72812,10.88446],[78.72136,10.88277],[78.73211,10.87913],[78.71318,10.87258],[78.7138,10.86015],[78.68667,10.86967],[78.68613,10.87438],[78.67561,10.87847],[78.6385,10.88356],[78.63733,10.87514],[78.57743,10.88761],[78.52119,10.90819],[78.48169,10.91396],[78.48762,10.93315],[78.49387,10.93639],[78.49045,10.93775],[78.49995,10.96568],[78.49385,10.9716],[78.54625,10.97874],[78.54758,10.99556],[78.53605,11.00525],[78.52479,11.00317],[78.51411,10.98994],[78.50106,10.98377],[78.47681,10.98945],[78.47371,10.99754],[78.48141,11.01015],[78.47434,11.01581],[78.47381,11.02282],[78.47487,11.02708],[78.48358,11.03034],[78.47546,11.03479],[78.47424,11.0409],[78.50856,11.04701],[78.51312,11.05408],[78.53681,11.05048],[78.54097,11.0607],[78.54681,11.05005],[78.55979,11.05476],[78.56105,11.05889],[78.56649,11.05334],[78.57451,11.0544],[78.5715,11.06411],[78.57602,11.06389],[78.58143,11.07182],[78.59328,11.06658],[78.62583,11.08388],[78.64958,11.08773],[78.65719,11.08677],[78.66151,11.07668],[78.65708,11.05356],[78.67149,11.05113],[78.68819,11.03185],[78.71016,11.03187],[78.71042,11.03716],[78.71813,11.03924],[78.71759,11.05569],[78.72017,11.07404],[78.74268,11.07554],[78.74463,11.07936],[78.74543,11.08314],[78.73789,11.08888],[78.73522,11.10562],[78.75901,11.12274],[78.77633,11.11774],[78.77691,11.11334],[78.79015,11.11664],[78.81057,11.11208],[78.8057,11.08978],[78.80768,11.08061]]]}},{"type":"Feature","properties":{"ac_no":145,"name":"Musiri","district":"Tiruchirappalli","pc":"Perambalur"},"geometry":{"type":"Polygon","coordinates":[[[78.41376,11.2082],[78.41871,11.20157],[78.4269,11.20733],[78.43005,11.20485],[78.4343,11.18846],[78.43138,11.17945],[78.44365,11.17467],[78.46294,11.19072],[78.46409,11.18731],[78.47201,11.18814],[78.47046,11.18082],[78.48349,11.17861],[78.48602,11.15611],[78.48005,11.1541],[78.47999,11.14319],[78.48245,11.11712],[78.48984,11.09652],[78.48697,11.08969],[78.4918,11.07954],[78.4907,11.06526],[78.51378,11.06343],[78.51312,11.05408],[78.50856,11.04701],[78.47424,11.0409],[78.47546,11.03479],[78.48358,11.03034],[78.47487,11.02708],[78.47381,11.02282],[78.47434,11.01581],[78.48141,11.01015],[78.47371,10.99754],[78.47681,10.98945],[78.50106,10.98377],[78.51411,10.98994],[78.52479,11.00317],[78.53605,11.00525],[78.54758,10.99556],[78.54625,10.97874],[78.49385,10.9716],[78.49995,10.96568],[78.49045,10.93775],[78.49387,10.93639],[78.48762,10.93315],[78.48169,10.91396],[78.46506,10.91925],[78.40931,10.95709],[78.38163,10.9612],[78.30801,10.95964],[78.24877,10.968],[78.20774,10.95798],[78.1931,10.96508],[78.1698,10.99609],[78.16525,11.01229],[78.19478,11.02198],[78.19906,11.02893],[78.19668,11.04539],[78.18164,11.04143],[78.16405,11.04471],[78.16339,11.04869],[78.18237,11.07034],[78.19575,11.06431],[78.20127,11.0748],[78.20436,11.06994],[78.21989,11.06664],[78.22152,11.05733],[78.22903,11.05451],[78.23661,11.06587],[78.22887,11.08549],[78.23085,11.09481],[78.24891,11.09261],[78.25585,11.07484],[78.2658,11.07029],[78.27317,11.07755],[78.28984,11.07744],[78.29479,11.07156],[78.32292,11.05938],[78.32952,11.03001],[78.34437,11.02565],[78.35042,11.04846],[78.36081,11.04828],[78.36347,11.06452],[78.35152,11.06869],[78.34096,11.08373],[78.33685,11.08373],[78.34142,11.09016],[78.33878,11.09482],[78.32521,11.09705],[78.32726,11.10339],[78.34312,11.1124],[78.34703,11.12333],[78.3459,11.1388],[78.3767,11.13455],[78.38124,11.13972],[78.37797,11.1769],[78.38712,11.17736],[78.38127,11.18759],[78.41102,11.19822],[78.41376,11.2082]]]}},{"type":"Feature","properties":{"ac_no":146,"name":"Thuraiyur (SC)","district":"Tiruchirappalli","pc":"Perambalur"},"geometry":{"type":"Polygon","coordinates":[[[78.48607,11.40704],[78.49631,11.40861],[78.50982,11.39621],[78.50435,11.37945],[78.51485,11.38527],[78.52361,11.3713],[78.54287,11.36931],[78.55445,11.35784],[78.55621,11.32737],[78.55287,11.32493],[78.55435,11.3181],[78.56112,11.31645],[78.57769,11.31661],[78.582,11.32977],[78.59308,11.32791],[78.60466,11.3384],[78.62395,11.33606],[78.64214,11.34323],[78.66349,11.37418],[78.68996,11.38076],[78.67455,11.36841],[78.67317,11.36041],[78.66035,11.35827],[78.65709,11.34713],[78.65115,11.3457],[78.65036,11.34115],[78.63429,11.33607],[78.63959,11.32636],[78.65578,11.33358],[78.66197,11.32986],[78.65871,11.31844],[78.66495,11.31742],[78.67589,11.32742],[78.68318,11.32703],[78.68599,11.32241],[78.70582,11.32528],[78.71141,11.31627],[78.72457,11.32206],[78.73853,11.29459],[78.75199,11.28612],[78.74019,11.27483],[78.72975,11.27279],[78.72687,11.26142],[78.71697,11.2586],[78.71001,11.24902],[78.71338,11.24007],[78.70265,11.22881],[78.70878,11.22773],[78.71254,11.2128],[78.69875,11.1912],[78.67585,11.19538],[78.66316,11.17477],[78.65114,11.16833],[78.65198,11.16368],[78.67443,11.16403],[78.68051,11.14743],[78.68091,11.1304],[78.68684,11.12912],[78.68699,11.11429],[78.69819,11.09205],[78.70097,11.06864],[78.70971,11.06224],[78.71046,11.05652],[78.71759,11.05569],[78.71813,11.03924],[78.71042,11.03716],[78.71016,11.03187],[78.68819,11.03185],[78.67149,11.05113],[78.65708,11.05356],[78.66151,11.07668],[78.65719,11.08677],[78.64958,11.08773],[78.62583,11.08388],[78.59328,11.06658],[78.58143,11.07182],[78.57602,11.06389],[78.5715,11.06411],[78.57451,11.0544],[78.56649,11.05334],[78.56105,11.05889],[78.55979,11.05476],[78.54681,11.05005],[78.54097,11.0607],[78.53681,11.05048],[78.51312,11.05408],[78.51378,11.06343],[78.4907,11.06526],[78.4918,11.07954],[78.48697,11.08969],[78.48984,11.09652],[78.48245,11.11712],[78.47999,11.14319],[78.48005,11.1541],[78.48602,11.15611],[78.48349,11.17861],[78.47046,11.18082],[78.47201,11.18814],[78.46409,11.18731],[78.46294,11.19072],[78.44365,11.17467],[78.43138,11.17945],[78.4343,11.18846],[78.43005,11.20485],[78.4269,11.20733],[78.41871,11.20157],[78.41376,11.2082],[78.42141,11.21241],[78.42054,11.22191],[78.43932,11.25895],[78.43772,11.26751],[78.44696,11.27472],[78.45314,11.29864],[78.46518,11.31169],[78.4556,11.33205],[78.44744,11.33177],[78.44668,11.34438],[78.457,11.33967],[78.45567,11.355],[78.46415,11.37658],[78.4695,11.38555],[78.47914,11.38754],[78.48607,11.40704]]]}},{"type":"Feature","properties":{"ac_no":147,"name":"Perambalur (SC)","district":"Perambalur","pc":"Perambalur"},"geometry":{"type":"Polygon","coordinates":[[[78.84309,11.52334],[78.87064,11.51764],[78.87751,11.50755],[78.88401,11.49674],[78.90812,11.47605],[78.91174,11.46476],[78.94376,11.43017],[78.94853,11.41941],[78.95637,11.41555],[78.96021,11.4063],[78.98215,11.40236],[78.97414,11.399],[78.98182,11.39603],[78.98153,11.37845],[78.99114,11.37861],[78.99489,11.36407],[78.99954,11.36141],[78.993,11.34201],[78.96722,11.34229],[78.96534,11.3341],[78.95208,11.33224],[78.95323,11.32108],[78.94443,11.31756],[78.9414,11.30889],[78.9318,11.3086],[78.91699,11.2924],[78.91879,11.28325],[78.9252,11.28307],[78.9274,11.27481],[78.94241,11.27303],[78.94283,11.24576],[78.92281,11.23992],[78.92684,11.23775],[78.92571,11.22633],[78.93474,11.22229],[78.9401,11.21253],[78.93762,11.19245],[78.94426,11.18719],[78.93457,11.1795],[78.93478,11.17215],[78.92051,11.16719],[78.91509,11.15858],[78.90308,11.16659],[78.84552,11.17509],[78.84485,11.16066],[78.83994,11.15301],[78.84329,11.12219],[78.84916,11.11217],[78.8489,11.09017],[78.83825,11.07639],[78.80768,11.08061],[78.8057,11.08978],[78.81057,11.11208],[78.79015,11.11664],[78.77691,11.11334],[78.77633,11.11774],[78.75901,11.12274],[78.73522,11.10562],[78.73789,11.08888],[78.74543,11.08314],[78.74463,11.07936],[78.74268,11.07554],[78.72017,11.07404],[78.71759,11.05569],[78.71046,11.05652],[78.70971,11.06224],[78.70097,11.06864],[78.69819,11.09205],[78.68699,11.11429],[78.68684,11.12912],[78.68091,11.1304],[78.68051,11.14743],[78.67443,11.16403],[78.65198,11.16368],[78.65114,11.16833],[78.66316,11.17477],[78.67585,11.19538],[78.69875,11.1912],[78.71254,11.2128],[78.70878,11.22773],[78.70265,11.22881],[78.71338,11.24007],[78.71001,11.24902],[78.71697,11.2586],[78.72687,11.26142],[78.72975,11.27279],[78.74019,11.27483],[78.75199,11.28612],[78.73853,11.29459],[78.72457,11.32206],[78.71141,11.31627],[78.70582,11.32528],[78.68599,11.32241],[78.68318,11.32703],[78.67589,11.32742],[78.66495,11.31742],[78.65871,11.31844],[78.66197,11.32986],[78.65578,11.33358],[78.63959,11.32636],[78.63429,11.33607],[78.65036,11.34115],[78.65115,11.3457],[78.65709,11.34713],[78.66035,11.35827],[78.67317,11.36041],[78.67455,11.36841],[78.68996,11.38076],[78.66349,11.37418],[78.6581,11.38081],[78.65655,11.40147],[78.65022,11.40844],[78.65107,11.42197],[78.68019,11.42988],[78.70321,11.45634],[78.74141,11.44972],[78.74348,11.44352],[78.7562,11.43743],[78.78894,11.3876],[78.79268,11.39057],[78.79893,11.38606],[78.80133,11.40268],[78.80613,11.40205],[78.82268,11.4281],[78.81835,11.43294],[78.81907,11.44047],[78.78926,11.45412],[78.78995,11.45756],[78.79619,11.46159],[78.79829,11.48263],[78.80968,11.48276],[78.81019,11.508],[78.83391,11.50672],[78.84309,11.52334]]]}},{"type":"Feature","properties":{"ac_no":148,"name":"Kunnam","district":"Perambalur","pc":"Chidambaram (Sc)"},"geometry":{"type":"Polygon","coordinates":[[[78.98215,11.40236],[78.99767,11.40721],[79.0096,11.39805],[79.03171,11.39373],[79.05228,11.40296],[79.08436,11.39688],[79.10656,11.40186],[79.12817,11.39442],[79.14289,11.38419],[79.16181,11.3818],[79.17518,11.37418],[79.22612,11.39205],[79.23778,11.38869],[79.2412,11.3697],[79.25176,11.37559],[79.25851,11.38832],[79.27304,11.38587],[79.27366,11.38033],[79.28551,11.3801],[79.27836,11.37008],[79.28178,11.36216],[79.28888,11.35918],[79.28867,11.34839],[79.28518,11.34488],[79.26476,11.34364],[79.26689,11.33098],[79.25901,11.33311],[79.25968,11.3227],[79.24623,11.30981],[79.24741,11.29188],[79.25218,11.29589],[79.2564,11.28722],[79.26403,11.28802],[79.2668,11.26036],[79.27723,11.24769],[79.29042,11.24346],[79.28807,11.22622],[79.29646,11.21352],[79.28721,11.20809],[79.28776,11.20285],[79.27164,11.20091],[79.26986,11.18733],[79.26438,11.1861],[79.26406,11.17202],[79.24049,11.16607],[79.22913,11.17841],[79.22147,11.17915],[79.22224,11.17282],[79.23048,11.17184],[79.22528,11.16649],[79.23111,11.1633],[79.22509,11.15736],[79.23129,11.15669],[79.22923,11.1546],[79.21932,11.15916],[79.21701,11.16959],[79.19937,11.16364],[79.19022,11.15207],[79.18411,11.15448],[79.19029,11.17844],[79.16481,11.17859],[79.14978,11.18415],[79.14799,11.18992],[79.17381,11.20326],[79.1788,11.22036],[79.19084,11.22486],[79.19133,11.23155],[79.18749,11.2328],[79.17951,11.23413],[79.17766,11.23907],[79.15823,11.2404],[79.15815,11.2534],[79.15134,11.25387],[79.13712,11.26904],[79.12995,11.26078],[79.1234,11.26173],[79.12246,11.24966],[79.10997,11.24548],[79.11226,11.23178],[79.09976,11.23145],[79.095,11.19989],[79.06662,11.20569],[79.06622,11.18974],[79.07725,11.18982],[79.07774,11.18344],[79.07045,11.17723],[79.07389,11.15841],[79.06185,11.15313],[79.06139,11.14159],[79.05827,11.14239],[79.05612,11.13467],[79.0642,11.13088],[79.06838,11.1074],[79.05426,11.08705],[79.03184,11.0842],[79.02618,11.06808],[79.01813,11.06635],[79.0201,11.06236],[79.00934,11.06119],[79.00663,11.05641],[79.00169,11.06083],[78.99818,11.07575],[78.98506,11.07899],[78.98442,11.0885],[78.97329,11.0947],[78.9371,11.09474],[78.92759,11.09015],[78.91601,11.09756],[78.88771,11.10189],[78.87342,11.09647],[78.87328,11.08557],[78.8649,11.08661],[78.86234,11.09157],[78.8489,11.09017],[78.84916,11.11217],[78.84329,11.12219],[78.83994,11.15301],[78.84485,11.16066],[78.84552,11.17509],[78.90308,11.16659],[78.91509,11.15858],[78.92051,11.16719],[78.93478,11.17215],[78.93457,11.1795],[78.94426,11.18719],[78.93762,11.19245],[78.9401,11.21253],[78.93474,11.22229],[78.92571,11.22633],[78.92684,11.23775],[78.92281,11.23992],[78.94283,11.24576],[78.94241,11.27303],[78.9274,11.27481],[78.9252,11.28307],[78.91879,11.28325],[78.91699,11.2924],[78.9318,11.3086],[78.9414,11.30889],[78.94443,11.31756],[78.95323,11.32108],[78.95208,11.33224],[78.96534,11.3341],[78.96722,11.34229],[78.993,11.34201],[78.99954,11.36141],[78.99489,11.36407],[78.99114,11.37861],[78.98153,11.37845],[78.98182,11.39603],[78.97414,11.399],[78.98215,11.40236]]]}},{"type":"Feature","properties":{"ac_no":149,"name":"Ariyalur","district":"Perambalur","pc":"Chidambaram (Sc)"},"geometry":{"type":"Polygon","coordinates":[[[79.18749,11.2328],[79.19133,11.23155],[79.19084,11.22486],[79.1788,11.22036],[79.17381,11.20326],[79.14799,11.18992],[79.14978,11.18415],[79.16481,11.17859],[79.19029,11.17844],[79.18411,11.15448],[79.19022,11.15207],[79.19937,11.16364],[79.21701,11.16959],[79.21932,11.15916],[79.22923,11.1546],[79.23129,11.15669],[79.22509,11.15736],[79.23111,11.1633],[79.22528,11.16649],[79.23048,11.17184],[79.22224,11.17282],[79.22147,11.17915],[79.22913,11.17841],[79.24049,11.16607],[79.26406,11.17202],[79.2896,11.16012],[79.29265,11.1543],[79.29814,11.16167],[79.30773,11.16347],[79.30963,11.15073],[79.31473,11.14824],[79.31359,11.13661],[79.29997,11.12142],[79.30438,11.11073],[79.31073,11.11179],[79.31582,11.10206],[79.31803,11.07048],[79.33791,11.068],[79.33687,11.05494],[79.34594,11.0418],[79.31101,11.01824],[79.30872,11.02068],[79.29077,11.01409],[79.27317,10.99701],[79.27485,10.99382],[79.26841,10.98618],[79.21209,10.94095],[79.20475,10.94046],[79.2029,10.9493],[79.17862,10.93988],[79.14206,10.94071],[79.12891,10.93357],[79.11003,10.92509],[79.08621,10.9273],[79.07919,10.92421],[79.069,10.91292],[79.06388,10.89909],[79.04968,10.88829],[79.03428,10.88649],[79.00442,10.89388],[79.00188,10.92221],[78.98796,10.92837],[78.98109,10.92079],[78.9755,10.94063],[78.94442,10.95739],[78.95614,10.97104],[78.98303,10.9654],[78.97806,10.97465],[78.98605,10.9779],[78.98703,11.00154],[78.99334,10.99913],[79.01191,11.00979],[79.00663,11.05641],[79.00934,11.06119],[79.0201,11.06236],[79.01813,11.06635],[79.02618,11.06808],[79.03184,11.0842],[79.05426,11.08705],[79.06838,11.1074],[79.0642,11.13088],[79.05612,11.13467],[79.05827,11.14239],[79.06139,11.14159],[79.06185,11.15313],[79.07389,11.15841],[79.07045,11.17723],[79.07774,11.18344],[79.07725,11.18982],[79.06622,11.18974],[79.06662,11.20569],[79.095,11.19989],[79.09976,11.23145],[79.11226,11.23178],[79.10997,11.24548],[79.12246,11.24966],[79.1234,11.26173],[79.12995,11.26078],[79.13712,11.26904],[79.15134,11.25387],[79.15815,11.2534],[79.15823,11.2404],[79.17766,11.23907],[79.17951,11.23413],[79.18749,11.2328]]]}},{"type":"Feature","properties":{"ac_no":150,"name":"Jayankondam","district":"Perambalur","pc":"Chidambaram (Sc)"},"geometry":{"type":"Polygon","coordinates":[[[79.31462,11.4186],[79.34658,11.41581],[79.36253,11.4186],[79.37221,11.41521],[79.37806,11.41126],[79.37333,11.39844],[79.38434,11.39702],[79.38554,11.4019],[79.37795,11.40158],[79.38014,11.41036],[79.39431,11.40168],[79.39,11.38789],[79.39436,11.37712],[79.38949,11.36862],[79.39394,11.36657],[79.39551,11.35338],[79.40056,11.34983],[79.40569,11.35393],[79.40883,11.36475],[79.42425,11.3605],[79.42654,11.36559],[79.42871,11.35711],[79.43766,11.35719],[79.43706,11.34902],[79.43144,11.34473],[79.43792,11.33355],[79.44914,11.3349],[79.46346,11.31828],[79.47404,11.31384],[79.48776,11.31672],[79.49855,11.31386],[79.49529,11.30332],[79.50167,11.29105],[79.50109,11.27275],[79.50517,11.26464],[79.50391,11.25783],[79.49497,11.2586],[79.49511,11.24846],[79.51025,11.22823],[79.50038,11.20297],[79.48173,11.17769],[79.47229,11.17725],[79.46381,11.17059],[79.45575,11.15594],[79.45863,11.1505],[79.43065,11.12056],[79.4134,11.08203],[79.39273,11.06351],[79.34594,11.0418],[79.33687,11.05494],[79.33791,11.068],[79.31803,11.07048],[79.31582,11.10206],[79.31073,11.11179],[79.30438,11.11073],[79.29997,11.12142],[79.31359,11.13661],[79.31473,11.14824],[79.30963,11.15073],[79.30773,11.16347],[79.29814,11.16167],[79.29265,11.1543],[79.2896,11.16012],[79.26406,11.17202],[79.26438,11.1861],[79.26986,11.18733],[79.27164,11.20091],[79.28776,11.20285],[79.28721,11.20809],[79.29646,11.21352],[79.28807,11.22622],[79.29042,11.24346],[79.27723,11.24769],[79.2668,11.26036],[79.26403,11.28802],[79.2564,11.28722],[79.25218,11.29589],[79.24741,11.29188],[79.24623,11.30981],[79.25968,11.3227],[79.25901,11.33311],[79.26689,11.33098],[79.26476,11.34364],[79.28518,11.34488],[79.28867,11.34839],[79.28888,11.35918],[79.28178,11.36216],[79.27836,11.37008],[79.28551,11.3801],[79.2965,11.38086],[79.29011,11.40208],[79.29272,11.41227],[79.31462,11.4186]]]}},{"type":"Feature","properties":{"ac_no":151,"name":"Tittakudi (SC)","district":"Cuddalore","pc":"Cuddalore"},"geometry":{"type":"Polygon","coordinates":[[[78.87751,11.50755],[78.87865,11.5102],[78.90471,11.50462],[78.91704,11.52873],[78.91537,11.53775],[78.92401,11.56746],[78.9712,11.57456],[78.98048,11.56779],[78.99509,11.57547],[79.00435,11.57469],[79.01882,11.59294],[79.01208,11.60272],[79.01834,11.60681],[79.03341,11.59804],[79.04975,11.59568],[79.04313,11.58729],[79.04914,11.58578],[79.06462,11.59285],[79.06809,11.59883],[79.0774,11.59902],[79.07862,11.57335],[79.07109,11.56976],[79.06536,11.55217],[79.05721,11.54915],[79.05655,11.5439],[79.06037,11.5358],[79.07187,11.53521],[79.07269,11.5277],[79.09058,11.53415],[79.10043,11.52995],[79.10371,11.5178],[79.12955,11.49717],[79.12353,11.47844],[79.14795,11.47014],[79.15439,11.47884],[79.16488,11.47999],[79.17234,11.49457],[79.17891,11.49505],[79.183,11.50169],[79.19466,11.49342],[79.21305,11.50113],[79.22755,11.49658],[79.23146,11.48458],[79.22863,11.47177],[79.23667,11.47586],[79.28401,11.48018],[79.29322,11.46069],[79.28727,11.45313],[79.3078,11.43834],[79.31462,11.4186],[79.29272,11.41227],[79.29011,11.40208],[79.2965,11.38086],[79.28551,11.3801],[79.27366,11.38033],[79.27304,11.38587],[79.25851,11.38832],[79.25176,11.37559],[79.2412,11.3697],[79.23778,11.38869],[79.22612,11.39205],[79.17518,11.37418],[79.16181,11.3818],[79.14289,11.38419],[79.12817,11.39442],[79.10656,11.40186],[79.08436,11.39688],[79.05228,11.40296],[79.03171,11.39373],[79.0096,11.39805],[78.99767,11.40721],[78.98215,11.40236],[78.96021,11.4063],[78.95637,11.41555],[78.94853,11.41941],[78.94376,11.43017],[78.91174,11.46476],[78.90812,11.47605],[78.88401,11.49674],[78.87751,11.50755]]]}},{"type":"Feature","properties":{"ac_no":152,"name":"Vriddhachalam","district":"Cuddalore","pc":"Cuddalore"},"geometry":{"type":"Polygon","coordinates":[[[79.19444,11.60227],[79.21233,11.62015],[79.20994,11.63377],[79.21576,11.63922],[79.23555,11.62938],[79.24869,11.65267],[79.27108,11.6439],[79.27931,11.64936],[79.29234,11.64695],[79.29643,11.6369],[79.30854,11.63284],[79.31154,11.64367],[79.31843,11.64217],[79.32071,11.64855],[79.3263,11.64773],[79.33267,11.66113],[79.35906,11.65975],[79.36218,11.66114],[79.36162,11.67264],[79.37723,11.67909],[79.39528,11.68014],[79.39498,11.67723],[79.41844,11.67142],[79.41846,11.66766],[79.43167,11.66585],[79.4533,11.6296],[79.47022,11.62579],[79.47059,11.61964],[79.45508,11.62045],[79.43881,11.61071],[79.43669,11.60238],[79.43493,11.59693],[79.44539,11.58795],[79.44216,11.56001],[79.4484,11.55808],[79.44256,11.55153],[79.43268,11.5578],[79.42253,11.55627],[79.42116,11.54847],[79.41158,11.54917],[79.41356,11.52049],[79.3902,11.53687],[79.37018,11.53263],[79.36823,11.52222],[79.37259,11.52113],[79.37383,11.5107],[79.366,11.49101],[79.35943,11.49308],[79.35902,11.50052],[79.35209,11.50345],[79.35561,11.5173],[79.35025,11.51466],[79.34961,11.51987],[79.34449,11.52117],[79.34453,11.50293],[79.33782,11.5016],[79.33649,11.46256],[79.33092,11.46143],[79.32204,11.44716],[79.32691,11.44674],[79.32927,11.44136],[79.33195,11.44512],[79.34423,11.44234],[79.34513,11.43653],[79.36188,11.43748],[79.37231,11.42766],[79.37221,11.41521],[79.36253,11.4186],[79.34658,11.41581],[79.31462,11.4186],[79.3078,11.43834],[79.28727,11.45313],[79.29322,11.46069],[79.28401,11.48018],[79.23667,11.47586],[79.22863,11.47177],[79.23146,11.48458],[79.22755,11.49658],[79.21305,11.50113],[79.19466,11.49342],[79.183,11.50169],[79.17891,11.49505],[79.17234,11.49457],[79.16488,11.47999],[79.15439,11.47884],[79.14795,11.47014],[79.12353,11.47844],[79.12955,11.49717],[79.10371,11.5178],[79.10043,11.52995],[79.09058,11.53415],[79.07269,11.5277],[79.07187,11.53521],[79.06037,11.5358],[79.05655,11.5439],[79.05721,11.54915],[79.06536,11.55217],[79.07109,11.56976],[79.07862,11.57335],[79.07692,11.60805],[79.06552,11.61139],[79.06928,11.62099],[79.06742,11.63027],[79.07816,11.62964],[79.08403,11.63437],[79.09129,11.62335],[79.09857,11.62121],[79.09816,11.61424],[79.10282,11.61074],[79.10613,11.61495],[79.11289,11.61334],[79.11801,11.60558],[79.11642,11.59924],[79.13353,11.59398],[79.1357,11.58901],[79.14769,11.58954],[79.15018,11.59752],[79.15643,11.5983],[79.18363,11.58603],[79.19248,11.59305],[79.19444,11.60227]]]}},{"type":"Feature","properties":{"ac_no":153,"name":"Neyveli","district":"Cuddalore","pc":"Cuddalore"},"geometry":{"type":"Polygon","coordinates":[[[79.46377,11.76747],[79.47061,11.77884],[79.49264,11.77309],[79.50204,11.76543],[79.51027,11.77407],[79.51993,11.76721],[79.52181,11.75215],[79.53893,11.75543],[79.54832,11.76212],[79.55686,11.75816],[79.55577,11.73826],[79.57287,11.74546],[79.57554,11.73593],[79.58473,11.73044],[79.5935,11.73107],[79.59435,11.72648],[79.60355,11.72396],[79.60922,11.70816],[79.62557,11.7099],[79.64418,11.7013],[79.64705,11.68131],[79.69172,11.67175],[79.68845,11.66837],[79.67381,11.66889],[79.66917,11.64868],[79.65612,11.6405],[79.63675,11.64021],[79.6323,11.64523],[79.62557,11.64484],[79.62174,11.63516],[79.62546,11.61385],[79.6088,11.61433],[79.60866,11.60932],[79.61613,11.60282],[79.61143,11.59501],[79.60732,11.59748],[79.6058,11.59231],[79.58947,11.59038],[79.58074,11.58315],[79.57188,11.58643],[79.55555,11.58336],[79.54885,11.56561],[79.52361,11.56066],[79.51356,11.56787],[79.49489,11.56764],[79.4944,11.57363],[79.48276,11.56973],[79.46861,11.57919],[79.46977,11.59002],[79.45215,11.58668],[79.44823,11.59593],[79.44135,11.59517],[79.44054,11.59926],[79.43669,11.60238],[79.43881,11.61071],[79.45508,11.62045],[79.47059,11.61964],[79.47022,11.62579],[79.4533,11.6296],[79.43167,11.66585],[79.44416,11.66592],[79.44175,11.68895],[79.43716,11.69158],[79.43445,11.70329],[79.43712,11.71802],[79.42836,11.73072],[79.43926,11.73643],[79.45697,11.73742],[79.46267,11.74278],[79.46377,11.76747]]]}},{"type":"Feature","properties":{"ac_no":154,"name":"Panruti","district":"Cuddalore","pc":"Cuddalore"},"geometry":{"type":"Polygon","coordinates":[[[79.45511,11.8712],[79.46832,11.87202],[79.5094,11.85778],[79.52815,11.85748],[79.56444,11.84009],[79.57717,11.84243],[79.5908,11.84122],[79.60373,11.82929],[79.61619,11.82514],[79.62346,11.81275],[79.64039,11.79864],[79.6652,11.81042],[79.67479,11.8067],[79.68167,11.79701],[79.6867,11.79116],[79.68419,11.76547],[79.68471,11.74566],[79.677,11.73989],[79.66402,11.7394],[79.66339,11.72996],[79.6551,11.74159],[79.62235,11.74159],[79.61034,11.74857],[79.60447,11.73789],[79.5935,11.73107],[79.58473,11.73044],[79.57554,11.73593],[79.57287,11.74546],[79.55577,11.73826],[79.55686,11.75816],[79.54832,11.76212],[79.53893,11.75543],[79.52181,11.75215],[79.51993,11.76721],[79.51027,11.77407],[79.50204,11.76543],[79.49264,11.77309],[79.47061,11.77884],[79.46377,11.76747],[79.45301,11.76958],[79.4463,11.76391],[79.43613,11.7681],[79.43529,11.77541],[79.4306,11.7782],[79.43877,11.78882],[79.44228,11.80987],[79.4655,11.80751],[79.46432,11.80049],[79.47003,11.79956],[79.47234,11.80585],[79.47763,11.8057],[79.48208,11.81181],[79.4765,11.82337],[79.48095,11.82944],[79.47989,11.8375],[79.47049,11.83491],[79.46875,11.84427],[79.4722,11.84716],[79.45123,11.84889],[79.45511,11.8712]]]}},{"type":"Feature","properties":{"ac_no":155,"name":"Cuddalore","district":"Cuddalore","pc":"Cuddalore"},"geometry":{"type":"MultiPolygon","coordinates":[[[[79.70742,11.88914],[79.70938,11.8837],[79.70824,11.8691],[79.71962,11.85304],[79.72109,11.8625],[79.73376,11.86557],[79.74185,11.86285],[79.74308,11.84846],[79.75182,11.84839],[79.75703,11.86821],[79.75736,11.87611],[79.77002,11.87459],[79.77081,11.86137],[79.76211,11.84844],[79.76609,11.84059],[79.77581,11.83846],[79.78167,11.85581],[79.80061,11.85531],[79.80768,11.84678],[79.80771,11.8364],[79.80699,11.83347],[79.79822,11.83874],[79.79357,11.83239],[79.80064,11.83069],[79.79747,11.8246],[79.79574,11.82854],[79.78015,11.83189],[79.77297,11.82271],[79.76775,11.82275],[79.76436,11.83378],[79.7377,11.84294],[79.73809,11.83691],[79.72947,11.83704],[79.7357,11.80934],[79.72446,11.8104],[79.7228,11.79649],[79.71392,11.79626],[79.7124,11.79155],[79.71983,11.78493],[79.75503,11.77528],[79.76584,11.79187],[79.77059,11.78956],[79.77187,11.78222],[79.78042,11.78115],[79.78437,11.78739],[79.79576,11.78554],[79.77691,11.70004],[79.77513,11.70515],[79.7684,11.70183],[79.76785,11.70518],[79.75113,11.71017],[79.75372,11.71938],[79.74626,11.71937],[79.74946,11.72743],[79.73451,11.73249],[79.73917,11.74117],[79.72807,11.74284],[79.72266,11.7492],[79.72367,11.7583],[79.71156,11.75987],[79.70828,11.76398],[79.68419,11.76547],[79.6867,11.79116],[79.68167,11.79701],[79.69028,11.80539],[79.68417,11.81269],[79.68509,11.82062],[79.69077,11.82054],[79.68529,11.83264],[79.70262,11.83222],[79.69482,11.84396],[79.69445,11.85949],[79.6893,11.86398],[79.68972,11.88085],[79.68504,11.88096],[79.68481,11.88596],[79.70742,11.88914]],[[79.69256,11.82248],[79.69196,11.81417],[79.7026,11.81347],[79.70035,11.82166],[79.69256,11.82248]],[[79.6994,11.87432],[79.69598,11.86039],[79.69909,11.86127],[79.69983,11.8738],[79.6994,11.87432]]],[[[79.78144,11.90281],[79.79029,11.89719],[79.79638,11.8999],[79.79649,11.89487],[79.78506,11.86296],[79.77838,11.86322],[79.77961,11.87796],[79.77267,11.87582],[79.77154,11.90275],[79.78144,11.90281]]]]}},{"type":"Feature","properties":{"ac_no":156,"name":"Kurinjipadi","district":"Cuddalore","pc":"Cuddalore"},"geometry":{"type":"Polygon","coordinates":[[[79.70828,11.76398],[79.71156,11.75987],[79.72367,11.7583],[79.72266,11.7492],[79.72807,11.74284],[79.73917,11.74117],[79.73451,11.73249],[79.74946,11.72743],[79.74626,11.71937],[79.75372,11.71938],[79.75113,11.71017],[79.76785,11.70518],[79.7684,11.70183],[79.77513,11.70515],[79.77691,11.70004],[79.76067,11.62196],[79.75724,11.56721],[79.74473,11.56703],[79.73123,11.57322],[79.72605,11.56625],[79.71072,11.56403],[79.70394,11.54829],[79.68809,11.54286],[79.66875,11.54456],[79.67231,11.54134],[79.67037,11.53729],[79.67502,11.5367],[79.66254,11.51348],[79.65716,11.51204],[79.6354,11.50364],[79.62868,11.52642],[79.61395,11.52212],[79.61109,11.51489],[79.60044,11.52085],[79.59813,11.50418],[79.58858,11.50336],[79.58823,11.50687],[79.5757,11.50878],[79.57555,11.50264],[79.55217,11.50256],[79.54509,11.48935],[79.53379,11.48769],[79.52254,11.49361],[79.51876,11.50073],[79.52829,11.51121],[79.53061,11.52518],[79.53444,11.5242],[79.53343,11.53415],[79.53945,11.53944],[79.53365,11.54786],[79.52184,11.55138],[79.52361,11.56066],[79.54885,11.56561],[79.55555,11.58336],[79.57188,11.58643],[79.58074,11.58315],[79.58947,11.59038],[79.6058,11.59231],[79.60732,11.59748],[79.61143,11.59501],[79.61613,11.60282],[79.60866,11.60932],[79.6088,11.61433],[79.62546,11.61385],[79.62174,11.63516],[79.62557,11.64484],[79.6323,11.64523],[79.63675,11.64021],[79.65612,11.6405],[79.66917,11.64868],[79.67381,11.66889],[79.68845,11.66837],[79.69172,11.67175],[79.64705,11.68131],[79.64418,11.7013],[79.62557,11.7099],[79.60922,11.70816],[79.60355,11.72396],[79.59435,11.72648],[79.5935,11.73107],[79.60447,11.73789],[79.61034,11.74857],[79.62235,11.74159],[79.6551,11.74159],[79.66339,11.72996],[79.66402,11.7394],[79.677,11.73989],[79.68471,11.74566],[79.68419,11.76547],[79.70828,11.76398]]]}},{"type":"Feature","properties":{"ac_no":157,"name":"Bhuvanagiri","district":"Cuddalore","pc":"Chidambaram (Sc)"},"geometry":{"type":"Polygon","coordinates":[[[79.44054,11.59926],[79.44135,11.59517],[79.44823,11.59593],[79.45215,11.58668],[79.46977,11.59002],[79.46861,11.57919],[79.48276,11.56973],[79.4944,11.57363],[79.49489,11.56764],[79.51356,11.56787],[79.52361,11.56066],[79.52184,11.55138],[79.53365,11.54786],[79.53945,11.53944],[79.53343,11.53415],[79.53444,11.5242],[79.53061,11.52518],[79.52829,11.51121],[79.51876,11.50073],[79.52254,11.49361],[79.53379,11.48769],[79.54509,11.48935],[79.55217,11.50256],[79.57555,11.50264],[79.5757,11.50878],[79.58823,11.50687],[79.58858,11.50336],[79.59813,11.50418],[79.60044,11.52085],[79.61109,11.51489],[79.61395,11.52212],[79.62868,11.52642],[79.6354,11.50364],[79.65716,11.51204],[79.65703,11.49966],[79.66546,11.4956],[79.66276,11.48542],[79.65893,11.48459],[79.65746,11.47084],[79.65311,11.4708],[79.65371,11.46114],[79.64391,11.45587],[79.6449,11.45166],[79.65063,11.45608],[79.66828,11.4553],[79.6716,11.4509],[79.6731,11.44426],[79.66636,11.44325],[79.66137,11.43555],[79.66287,11.43119],[79.67007,11.43099],[79.66726,11.41918],[79.67237,11.40878],[79.67233,11.38853],[79.6639,11.37419],[79.63822,11.37664],[79.62164,11.37359],[79.62126,11.36809],[79.6283,11.36143],[79.56431,11.35487],[79.56155,11.36749],[79.5373,11.36288],[79.53085,11.38497],[79.53574,11.39924],[79.53097,11.41747],[79.53279,11.43242],[79.5096,11.42991],[79.4927,11.43408],[79.45866,11.42135],[79.45677,11.4161],[79.44422,11.42014],[79.43189,11.43095],[79.40227,11.436],[79.38743,11.44616],[79.37571,11.44767],[79.36729,11.45583],[79.35148,11.45222],[79.33649,11.46256],[79.33782,11.5016],[79.34453,11.50293],[79.34449,11.52117],[79.34961,11.51987],[79.35025,11.51466],[79.35561,11.5173],[79.35209,11.50345],[79.35902,11.50052],[79.35943,11.49308],[79.366,11.49101],[79.37383,11.5107],[79.37259,11.52113],[79.36823,11.52222],[79.37018,11.53263],[79.3902,11.53687],[79.41356,11.52049],[79.41158,11.54917],[79.42116,11.54847],[79.42253,11.55627],[79.43268,11.5578],[79.44256,11.55153],[79.4484,11.55808],[79.44216,11.56001],[79.44539,11.58795],[79.43493,11.59693],[79.43669,11.60238],[79.44054,11.59926]]]}},{"type":"Feature","properties":{"ac_no":158,"name":"Chidambaram","district":"Cuddalore","pc":"Chidambaram (Sc)"},"geometry":{"type":"Polygon","coordinates":[[[79.75724,11.56721],[79.75897,11.5449],[79.76865,11.51485],[79.77836,11.50689],[79.77849,11.49998],[79.80583,11.44823],[79.81298,11.42401],[79.80323,11.3811],[79.79129,11.37257],[79.76414,11.38191],[79.75671,11.37281],[79.75907,11.35254],[79.72546,11.34617],[79.69697,11.32158],[79.69224,11.33405],[79.68805,11.33383],[79.69079,11.34819],[79.6755,11.34792],[79.6738,11.3406],[79.66974,11.34067],[79.672,11.3369],[79.65937,11.34279],[79.65249,11.33744],[79.64748,11.34051],[79.64069,11.33752],[79.63463,11.32648],[79.63212,11.33587],[79.64048,11.35331],[79.63493,11.35484],[79.63498,11.36522],[79.64222,11.37068],[79.63822,11.37664],[79.6639,11.37419],[79.67233,11.38853],[79.67237,11.40878],[79.66726,11.41918],[79.67007,11.43099],[79.66287,11.43119],[79.66137,11.43555],[79.66636,11.44325],[79.6731,11.44426],[79.6716,11.4509],[79.66828,11.4553],[79.65063,11.45608],[79.6449,11.45166],[79.64391,11.45587],[79.65371,11.46114],[79.65311,11.4708],[79.65746,11.47084],[79.65893,11.48459],[79.66276,11.48542],[79.66546,11.4956],[79.65703,11.49966],[79.65716,11.51204],[79.66254,11.51348],[79.67502,11.5367],[79.67037,11.53729],[79.67231,11.54134],[79.66875,11.54456],[79.68809,11.54286],[79.70394,11.54829],[79.71072,11.56403],[79.72605,11.56625],[79.73123,11.57322],[79.74473,11.56703],[79.75724,11.56721]]]}},{"type":"Feature","properties":{"ac_no":159,"name":"Kattumannarkoil (SC)","district":"Cuddalore","pc":"Chidambaram (Sc)"},"geometry":{"type":"Polygon","coordinates":[[[79.33649,11.46256],[79.35148,11.45222],[79.36729,11.45583],[79.37571,11.44767],[79.38743,11.44616],[79.40227,11.436],[79.43189,11.43095],[79.44422,11.42014],[79.45677,11.4161],[79.45866,11.42135],[79.4927,11.43408],[79.5096,11.42991],[79.53279,11.43242],[79.53097,11.41747],[79.53574,11.39924],[79.53085,11.38497],[79.5373,11.36288],[79.56155,11.36749],[79.56431,11.35487],[79.6283,11.36143],[79.62126,11.36809],[79.62164,11.37359],[79.63822,11.37664],[79.64222,11.37068],[79.63498,11.36522],[79.63493,11.35484],[79.64048,11.35331],[79.63212,11.33587],[79.63463,11.32648],[79.64069,11.33752],[79.64748,11.34051],[79.65249,11.33744],[79.65937,11.34279],[79.672,11.3369],[79.66974,11.34067],[79.6738,11.3406],[79.6755,11.34792],[79.69079,11.34819],[79.68805,11.33383],[79.69224,11.33405],[79.69697,11.32158],[79.67745,11.30811],[79.65612,11.30339],[79.64671,11.29512],[79.64271,11.28069],[79.64935,11.26199],[79.64803,11.25101],[79.63354,11.24661],[79.62339,11.25518],[79.6164,11.25556],[79.6025,11.22174],[79.56294,11.20895],[79.52689,11.18387],[79.50009,11.17573],[79.45863,11.1505],[79.45575,11.15594],[79.46381,11.17059],[79.47229,11.17725],[79.48173,11.17769],[79.50038,11.20297],[79.51025,11.22823],[79.49511,11.24846],[79.49497,11.2586],[79.50391,11.25783],[79.50517,11.26464],[79.50109,11.27275],[79.50167,11.29105],[79.49529,11.30332],[79.49855,11.31386],[79.48776,11.31672],[79.47404,11.31384],[79.46346,11.31828],[79.44914,11.3349],[79.43792,11.33355],[79.43144,11.34473],[79.43706,11.34902],[79.43766,11.35719],[79.42871,11.35711],[79.42654,11.36559],[79.42425,11.3605],[79.40883,11.36475],[79.40569,11.35393],[79.40056,11.34983],[79.39551,11.35338],[79.39394,11.36657],[79.38949,11.36862],[79.39436,11.37712],[79.39,11.38789],[79.39431,11.40168],[79.38014,11.41036],[79.37795,11.40158],[79.38554,11.4019],[79.38434,11.39702],[79.37333,11.39844],[79.37806,11.41126],[79.37221,11.41521],[79.37231,11.42766],[79.36188,11.43748],[79.34513,11.43653],[79.34423,11.44234],[79.33195,11.44512],[79.32927,11.44136],[79.32691,11.44674],[79.32204,11.44716],[79.33092,11.46143],[79.33649,11.46256]]]}},{"type":"Feature","properties":{"ac_no":160,"name":"Sirkazhi (SC)","district":"Nagapattinam","pc":"Mayiladuthurai"},"geometry":{"type":"Polygon","coordinates":[[[79.81298,11.42401],[79.823,11.37978],[79.83646,11.35826],[79.83212,11.35656],[79.84309,11.35117],[79.83586,11.33163],[79.83518,11.31107],[79.85511,11.1856],[79.84092,11.18459],[79.83776,11.17892],[79.82816,11.17657],[79.82995,11.16749],[79.80411,11.16536],[79.80073,11.14907],[79.75164,11.15094],[79.74755,11.14595],[79.74501,11.15255],[79.73866,11.14653],[79.7112,11.14232],[79.69333,11.12879],[79.69611,11.15894],[79.70717,11.15341],[79.72039,11.16147],[79.72034,11.16526],[79.71335,11.16773],[79.71116,11.17525],[79.6949,11.16547],[79.69243,11.17097],[79.69857,11.17673],[79.69549,11.18017],[79.67966,11.164],[79.67475,11.1654],[79.67324,11.18345],[79.66907,11.18421],[79.66527,11.20047],[79.67383,11.21893],[79.66608,11.21762],[79.66349,11.22593],[79.66917,11.22561],[79.65366,11.23585],[79.65948,11.2469],[79.64803,11.25101],[79.64935,11.26199],[79.64271,11.28069],[79.64671,11.29512],[79.65612,11.30339],[79.67745,11.30811],[79.69697,11.32158],[79.72546,11.34617],[79.75907,11.35254],[79.75671,11.37281],[79.76414,11.38191],[79.79129,11.37257],[79.80323,11.3811],[79.81298,11.42401]]]}},{"type":"Feature","properties":{"ac_no":161,"name":"Mayiladuthurai","district":"Nagapattinam","pc":"Mayiladuthurai"},"geometry":{"type":"Polygon","coordinates":[[[79.64803,11.25101],[79.65948,11.2469],[79.65366,11.23585],[79.66917,11.22561],[79.66349,11.22593],[79.66608,11.21762],[79.67383,11.21893],[79.66527,11.20047],[79.66907,11.18421],[79.67324,11.18345],[79.67475,11.1654],[79.67966,11.164],[79.69549,11.18017],[79.69857,11.17673],[79.69243,11.17097],[79.6949,11.16547],[79.71116,11.17525],[79.71335,11.16773],[79.72034,11.16526],[79.72039,11.16147],[79.70717,11.15341],[79.69611,11.15894],[79.69333,11.12879],[79.69405,11.10073],[79.70127,11.10062],[79.69734,11.09516],[79.71304,11.09462],[79.71135,11.0873],[79.69256,11.08766],[79.69492,11.07792],[79.682,11.06292],[79.68033,11.068],[79.67696,11.06403],[79.65245,11.0669],[79.64916,11.05622],[79.64633,11.06207],[79.61975,11.06277],[79.61512,11.06808],[79.59163,11.06223],[79.58218,11.07064],[79.57899,11.0705],[79.57955,11.06154],[79.57405,11.05938],[79.56611,11.06328],[79.55264,11.06102],[79.5486,11.07552],[79.55224,11.08406],[79.54103,11.08467],[79.54825,11.10457],[79.54164,11.1047],[79.54154,11.09544],[79.53871,11.09576],[79.53814,11.10958],[79.5458,11.11339],[79.5442,11.11716],[79.55026,11.11458],[79.55107,11.13007],[79.56126,11.1321],[79.57277,11.14809],[79.56643,11.14915],[79.56562,11.1552],[79.55792,11.15461],[79.55708,11.16307],[79.5397,11.16267],[79.53807,11.1806],[79.53121,11.17798],[79.52689,11.18387],[79.56294,11.20895],[79.6025,11.22174],[79.6164,11.25556],[79.62339,11.25518],[79.63354,11.24661],[79.64803,11.25101]]]}},{"type":"Feature","properties":{"ac_no":162,"name":"Poompuhar","district":"Nagapattinam","pc":"Mayiladuthurai"},"geometry":{"type":"Polygon","coordinates":[[[79.85511,11.1856],[79.85835,11.12932],[79.85436,10.98332],[79.85118,10.99434],[79.83936,10.9959],[79.8402,11.00212],[79.8206,10.99821],[79.81517,11.00377],[79.81309,10.99921],[79.8042,10.99769],[79.80404,10.98714],[79.79771,10.98255],[79.78633,10.98966],[79.78898,10.99196],[79.786,10.99743],[79.76661,10.99739],[79.75575,11.00379],[79.74672,11.00263],[79.74811,10.99638],[79.73148,10.9946],[79.72969,10.99854],[79.72115,10.99898],[79.71652,11.0085],[79.70674,11.00662],[79.70092,11.01529],[79.67128,11.01724],[79.64224,11.0101],[79.64049,11.00009],[79.63382,11.00037],[79.63253,10.981],[79.60394,10.9825],[79.60785,10.9757],[79.60441,10.97651],[79.60327,10.97172],[79.58513,10.98332],[79.5771,10.9825],[79.57433,10.97074],[79.56318,10.97687],[79.55631,10.97471],[79.55337,10.96749],[79.53287,10.96821],[79.53223,10.96115],[79.52812,10.95952],[79.52973,10.96915],[79.51499,10.97082],[79.51335,10.98239],[79.50826,10.98303],[79.51156,10.9883],[79.52401,10.98869],[79.52293,10.99731],[79.54752,11.00069],[79.54113,11.00429],[79.54209,11.00844],[79.52355,11.00847],[79.52497,11.01656],[79.53212,11.01412],[79.53174,11.02234],[79.52978,11.02687],[79.51167,11.02766],[79.51094,11.04234],[79.52247,11.05411],[79.53069,11.05633],[79.53676,11.07051],[79.5486,11.07552],[79.55264,11.06102],[79.56611,11.06328],[79.57405,11.05938],[79.57955,11.06154],[79.57899,11.0705],[79.58218,11.07064],[79.59163,11.06223],[79.61512,11.06808],[79.61975,11.06277],[79.64633,11.06207],[79.64916,11.05622],[79.65245,11.0669],[79.67696,11.06403],[79.68033,11.068],[79.682,11.06292],[79.69492,11.07792],[79.69256,11.08766],[79.71135,11.0873],[79.71304,11.09462],[79.69734,11.09516],[79.70127,11.10062],[79.69405,11.10073],[79.69333,11.12879],[79.7112,11.14232],[79.73866,11.14653],[79.74501,11.15255],[79.74755,11.14595],[79.75164,11.15094],[79.80073,11.14907],[79.80411,11.16536],[79.82995,11.16749],[79.82816,11.17657],[79.83776,11.17892],[79.84092,11.18459],[79.85511,11.1856]]]}},{"type":"Feature","properties":{"ac_no":163,"name":"Nagapattinam","district":"Nagapattinam","pc":"Nagapattinam (Sc)"},"geometry":{"type":"MultiPolygon","coordinates":[[[[79.77158,10.89905],[79.77144,10.89858],[79.77081,10.89883],[79.77097,10.89925],[79.77158,10.89905]]],[[[79.75855,10.90055],[79.75855,10.89986],[79.75808,10.89987],[79.75808,10.90058],[79.75855,10.90055]]],[[[79.77135,10.89999],[79.77061,10.90086],[79.77119,10.90104],[79.77135,10.89999]]],[[[79.76886,10.90102],[79.77035,10.90145],[79.76655,10.89871],[79.7671,10.90125],[79.76886,10.90102]]],[[[79.77045,10.90226],[79.76969,10.90259],[79.77026,10.90276],[79.77045,10.90226]]],[[[79.7692,10.90348],[79.76858,10.90375],[79.7692,10.90381],[79.7692,10.90348]]],[[[79.76397,10.90736],[79.7678,10.90183],[79.7621,10.9016],[79.76269,10.90907],[79.76381,10.91095],[79.76462,10.91041],[79.76397,10.90736]]],[[[79.69622,10.91897],[79.70271,10.92021],[79.70401,10.92503],[79.71622,10.91324],[79.72028,10.91321],[79.71964,10.91864],[79.72526,10.92141],[79.73537,10.91751],[79.73666,10.90979],[79.74493,10.91458],[79.75889,10.91667],[79.76148,10.91281],[79.75695,10.89653],[79.76128,10.90181],[79.7635,10.89985],[79.75621,10.89182],[79.77692,10.89662],[79.77688,10.90545],[79.77734,10.90901],[79.78924,10.9085],[79.79525,10.90273],[79.79128,10.9049],[79.79378,10.89876],[79.78248,10.89538],[79.78358,10.88854],[79.78988,10.8904],[79.79027,10.89494],[79.79461,10.8876],[79.80425,10.89112],[79.82873,10.88353],[79.81122,10.8804],[79.81102,10.87564],[79.82233,10.8743],[79.82482,10.86489],[79.81162,10.85972],[79.80741,10.86551],[79.80785,10.85568],[79.821,10.84562],[79.82801,10.84974],[79.83098,10.82744],[79.84129,10.82801],[79.85272,10.82694],[79.85101,10.75516],[79.83158,10.75588],[79.81365,10.74674],[79.80337,10.74867],[79.8005,10.73996],[79.78841,10.74126],[79.77225,10.75572],[79.77432,10.76715],[79.75882,10.77052],[79.75698,10.7802],[79.76211,10.78261],[79.76329,10.789],[79.77088,10.78875],[79.77585,10.77857],[79.78281,10.77844],[79.78585,10.78544],[79.79286,10.78576],[79.80251,10.79704],[79.80479,10.80319],[79.79844,10.80469],[79.799,10.80777],[79.81265,10.81009],[79.77536,10.81838],[79.77903,10.83259],[79.76468,10.83509],[79.76545,10.83125],[79.75707,10.83334],[79.75841,10.82955],[79.75265,10.82346],[79.74793,10.83521],[79.74026,10.82906],[79.7371,10.83166],[79.73649,10.82372],[79.7422,10.82217],[79.74633,10.82791],[79.75189,10.82201],[79.74905,10.81352],[79.7334,10.80877],[79.73217,10.80306],[79.73028,10.80914],[79.72117,10.80873],[79.7261,10.81302],[79.72641,10.82909],[79.70896,10.82939],[79.70845,10.82568],[79.70277,10.82528],[79.6959,10.83245],[79.69044,10.83153],[79.68433,10.82925],[79.6837,10.81639],[79.65868,10.8174],[79.65803,10.80602],[79.64891,10.81008],[79.64595,10.81633],[79.63614,10.81614],[79.63214,10.81563],[79.62968,10.82237],[79.65133,10.82377],[79.64826,10.83406],[79.65321,10.83484],[79.65419,10.84024],[79.6458,10.85081],[79.62557,10.8599],[79.62748,10.8659],[79.63889,10.8608],[79.63648,10.86864],[79.64698,10.86927],[79.64693,10.8745],[79.65217,10.87477],[79.64989,10.88629],[79.6537,10.88542],[79.65444,10.89247],[79.66522,10.90021],[79.66821,10.91382],[79.67989,10.91389],[79.68097,10.92782],[79.69622,10.91897]],[[79.80687,10.87767],[79.80953,10.87805],[79.80735,10.8807],[79.80687,10.87767]]]]}},{"type":"Feature","properties":{"ac_no":164,"name":"Kilvelur (SC)","district":"Nagapattinam","pc":"Nagapattinam (Sc)"},"geometry":{"type":"Polygon","coordinates":[[[79.76468,10.83509],[79.77903,10.83259],[79.77536,10.81838],[79.81265,10.81009],[79.799,10.80777],[79.79844,10.80469],[79.80479,10.80319],[79.80251,10.79704],[79.79286,10.78576],[79.78585,10.78544],[79.78281,10.77844],[79.77585,10.77857],[79.77088,10.78875],[79.76329,10.789],[79.76211,10.78261],[79.75698,10.7802],[79.75882,10.77052],[79.77432,10.76715],[79.77225,10.75572],[79.78841,10.74126],[79.8005,10.73996],[79.80337,10.74867],[79.81365,10.74674],[79.83158,10.75588],[79.85101,10.75516],[79.85867,10.55415],[79.81295,10.54571],[79.80666,10.55236],[79.80624,10.55991],[79.79717,10.5619],[79.7999,10.56787],[79.79545,10.56809],[79.79902,10.57589],[79.79569,10.58245],[79.78421,10.58635],[79.75278,10.57839],[79.75466,10.59016],[79.74773,10.59624],[79.73721,10.58846],[79.71795,10.59072],[79.71487,10.59573],[79.70507,10.59522],[79.70423,10.58841],[79.69019,10.59552],[79.68608,10.58867],[79.67432,10.59312],[79.67262,10.5877],[79.66968,10.58684],[79.6676,10.60086],[79.65891,10.60412],[79.65699,10.61448],[79.67134,10.61742],[79.67269,10.62657],[79.66801,10.6348],[79.64869,10.64389],[79.6543,10.65775],[79.66573,10.65089],[79.67636,10.67912],[79.67577,10.68759],[79.65195,10.70227],[79.65179,10.70665],[79.65548,10.71255],[79.66932,10.70776],[79.67207,10.71109],[79.67501,10.70885],[79.67795,10.71551],[79.68823,10.71541],[79.68955,10.72372],[79.68198,10.72904],[79.69984,10.74633],[79.69537,10.76355],[79.70291,10.78057],[79.72538,10.79423],[79.73217,10.80306],[79.7334,10.80877],[79.74905,10.81352],[79.75189,10.82201],[79.74633,10.82791],[79.7422,10.82217],[79.73649,10.82372],[79.7371,10.83166],[79.74026,10.82906],[79.74793,10.83521],[79.75265,10.82346],[79.75841,10.82955],[79.75707,10.83334],[79.76545,10.83125],[79.76468,10.83509]]]}},{"type":"Feature","properties":{"ac_no":165,"name":"Vedaranyam","district":"Nagapattinam","pc":"Nagapattinam (Sc)"},"geometry":{"type":"Polygon","coordinates":[[[79.71795,10.59072],[79.73721,10.58846],[79.74773,10.59624],[79.75466,10.59016],[79.75278,10.57839],[79.78421,10.58635],[79.79569,10.58245],[79.79902,10.57589],[79.79545,10.56809],[79.7999,10.56787],[79.79717,10.5619],[79.80624,10.55991],[79.80666,10.55236],[79.81295,10.54571],[79.85867,10.55415],[79.86865,10.37556],[79.88217,10.32317],[79.87876,10.29925],[79.86186,10.28308],[79.82362,10.27545],[79.76846,10.27186],[79.71028,10.27779],[79.70052,10.31501],[79.63301,10.36177],[79.6346,10.3866],[79.62869,10.40013],[79.63326,10.42074],[79.62986,10.4493],[79.65849,10.45164],[79.65925,10.44632],[79.66387,10.44559],[79.67379,10.4526],[79.68928,10.45565],[79.67605,10.48445],[79.69883,10.48752],[79.68921,10.51114],[79.70119,10.51069],[79.71456,10.53083],[79.7251,10.53862],[79.71551,10.54449],[79.71089,10.55508],[79.69794,10.54965],[79.68947,10.5514],[79.68784,10.55678],[79.67863,10.55594],[79.67758,10.56761],[79.66857,10.5752],[79.67908,10.57459],[79.68837,10.58417],[79.67262,10.5877],[79.67432,10.59312],[79.68608,10.58867],[79.69019,10.59552],[79.70423,10.58841],[79.70507,10.59522],[79.71487,10.59573],[79.71795,10.59072]]]}},{"type":"Feature","properties":{"ac_no":166,"name":"Thiruthuraipoondi (SC)","district":"Thiruvarur","pc":"Nagapattinam (Sc)"},"geometry":{"type":"Polygon","coordinates":[[[79.50782,10.65684],[79.52459,10.65264],[79.53045,10.6662],[79.53548,10.66642],[79.53533,10.66015],[79.5421,10.65971],[79.54331,10.66352],[79.55648,10.66433],[79.56749,10.67119],[79.57498,10.66642],[79.57607,10.65937],[79.5858,10.65735],[79.58663,10.64825],[79.61021,10.65266],[79.61399,10.64427],[79.61719,10.64532],[79.61474,10.65341],[79.62395,10.65349],[79.62407,10.65903],[79.63051,10.65914],[79.62815,10.6511],[79.63557,10.64736],[79.63433,10.64446],[79.64336,10.64476],[79.64008,10.64045],[79.64869,10.64389],[79.66801,10.6348],[79.67269,10.62657],[79.67134,10.61742],[79.65699,10.61448],[79.65891,10.60412],[79.6676,10.60086],[79.66968,10.58684],[79.67262,10.5877],[79.68837,10.58417],[79.67908,10.57459],[79.66857,10.5752],[79.67758,10.56761],[79.67863,10.55594],[79.68784,10.55678],[79.68947,10.5514],[79.69794,10.54965],[79.71089,10.55508],[79.71551,10.54449],[79.7251,10.53862],[79.71456,10.53083],[79.70119,10.51069],[79.68921,10.51114],[79.69883,10.48752],[79.67605,10.48445],[79.68928,10.45565],[79.67379,10.4526],[79.66387,10.44559],[79.65925,10.44632],[79.65849,10.45164],[79.62986,10.4493],[79.63326,10.42074],[79.62869,10.40013],[79.6346,10.3866],[79.63301,10.36177],[79.70052,10.31501],[79.71028,10.27779],[79.62533,10.29664],[79.53257,10.30673],[79.51662,10.31341],[79.47232,10.31567],[79.4761,10.35064],[79.50117,10.34867],[79.50522,10.35875],[79.50415,10.36755],[79.49023,10.37134],[79.48551,10.38066],[79.47525,10.37219],[79.46737,10.37316],[79.46983,10.38332],[79.45968,10.38826],[79.46023,10.39256],[79.47644,10.39334],[79.47558,10.40113],[79.47342,10.40677],[79.46135,10.40663],[79.46482,10.41621],[79.45119,10.42985],[79.45384,10.43366],[79.47422,10.436],[79.47614,10.44988],[79.4697,10.46176],[79.47947,10.46438],[79.48217,10.49122],[79.49173,10.51765],[79.49102,10.53218],[79.49796,10.53458],[79.50127,10.54326],[79.49864,10.57037],[79.50374,10.58279],[79.50054,10.58739],[79.5112,10.62381],[79.50782,10.65684]]]}},{"type":"Feature","properties":{"ac_no":167,"name":"Mannargudi","district":"Thiruvarur","pc":"Thanjavur"},"geometry":{"type":"Polygon","coordinates":[[[79.44112,10.77881],[79.45302,10.77579],[79.45854,10.78895],[79.4651,10.78843],[79.46394,10.74874],[79.49194,10.74909],[79.49699,10.75493],[79.49927,10.74713],[79.52392,10.74152],[79.52405,10.72081],[79.51779,10.7245],[79.51174,10.72254],[79.51048,10.71669],[79.49901,10.7162],[79.49714,10.67209],[79.50782,10.65684],[79.5112,10.62381],[79.50054,10.58739],[79.50374,10.58279],[79.49864,10.57037],[79.50127,10.54326],[79.49796,10.53458],[79.49102,10.53218],[79.49173,10.51765],[79.48217,10.49122],[79.46715,10.49294],[79.46197,10.48772],[79.4559,10.48835],[79.45357,10.49224],[79.4612,10.5039],[79.46888,10.50537],[79.46867,10.51161],[79.45737,10.51385],[79.45665,10.51982],[79.4398,10.52313],[79.43731,10.53083],[79.42331,10.5355],[79.42336,10.5421],[79.42845,10.54585],[79.45201,10.55131],[79.452,10.55945],[79.42584,10.55779],[79.42249,10.54938],[79.40015,10.55402],[79.39879,10.55814],[79.40145,10.57258],[79.39629,10.58034],[79.36064,10.5788],[79.35152,10.58337],[79.34656,10.59592],[79.34813,10.60709],[79.35341,10.60697],[79.35382,10.61097],[79.34753,10.62732],[79.35362,10.63147],[79.35728,10.64512],[79.34254,10.65429],[79.34267,10.6585],[79.31755,10.66116],[79.31972,10.6846],[79.30654,10.71039],[79.30771,10.72232],[79.30102,10.73826],[79.31115,10.74676],[79.31267,10.74073],[79.32065,10.73729],[79.34192,10.73976],[79.34895,10.74347],[79.3449,10.74576],[79.34992,10.75026],[79.35343,10.74753],[79.36105,10.75231],[79.36134,10.76512],[79.34532,10.76629],[79.34503,10.78082],[79.35119,10.7912],[79.34798,10.79579],[79.36964,10.79623],[79.37282,10.80177],[79.37653,10.80399],[79.40438,10.79058],[79.4172,10.77468],[79.44055,10.77548],[79.44112,10.77881]]]}},{"type":"Feature","properties":{"ac_no":168,"name":"Thiruvarur","district":"Thiruvarur","pc":"Nagapattinam (Sc)"},"geometry":{"type":"Polygon","coordinates":[[[79.51823,10.83124],[79.52489,10.83287],[79.52051,10.8396],[79.5288,10.83937],[79.53412,10.83307],[79.55452,10.83373],[79.56021,10.84134],[79.56641,10.84184],[79.5719,10.83536],[79.56961,10.82925],[79.59933,10.82133],[79.61254,10.79873],[79.6209,10.81074],[79.6371,10.81088],[79.63614,10.81614],[79.64595,10.81633],[79.64891,10.81008],[79.65803,10.80602],[79.65868,10.8174],[79.6837,10.81639],[79.68433,10.82925],[79.69044,10.83153],[79.6959,10.83245],[79.70277,10.82528],[79.70845,10.82568],[79.70896,10.82939],[79.72641,10.82909],[79.7261,10.81302],[79.72117,10.80873],[79.73028,10.80914],[79.73217,10.80306],[79.72538,10.79423],[79.70291,10.78057],[79.69537,10.76355],[79.69984,10.74633],[79.68198,10.72904],[79.68955,10.72372],[79.68823,10.71541],[79.67795,10.71551],[79.67501,10.70885],[79.67207,10.71109],[79.66932,10.70776],[79.65548,10.71255],[79.65179,10.70665],[79.65195,10.70227],[79.67577,10.68759],[79.67636,10.67912],[79.66573,10.65089],[79.6543,10.65775],[79.64869,10.64389],[79.64008,10.64045],[79.64336,10.64476],[79.63433,10.64446],[79.63557,10.64736],[79.62815,10.6511],[79.63051,10.65914],[79.62407,10.65903],[79.62395,10.65349],[79.61474,10.65341],[79.61719,10.64532],[79.61399,10.64427],[79.61021,10.65266],[79.58663,10.64825],[79.5858,10.65735],[79.57607,10.65937],[79.57498,10.66642],[79.56749,10.67119],[79.55648,10.66433],[79.54331,10.66352],[79.5421,10.65971],[79.53533,10.66015],[79.53548,10.66642],[79.53045,10.6662],[79.52459,10.65264],[79.50782,10.65684],[79.49714,10.67209],[79.49901,10.7162],[79.51048,10.71669],[79.51174,10.72254],[79.51779,10.7245],[79.52405,10.72081],[79.52392,10.74152],[79.49927,10.74713],[79.49699,10.75493],[79.49194,10.74909],[79.46394,10.74874],[79.4651,10.78843],[79.45854,10.78895],[79.45302,10.77579],[79.44112,10.77881],[79.43864,10.78502],[79.44755,10.78241],[79.44948,10.78921],[79.45614,10.79044],[79.45101,10.80442],[79.46427,10.8071],[79.44732,10.83106],[79.45369,10.8221],[79.45743,10.82651],[79.4631,10.82261],[79.47382,10.82443],[79.47414,10.83208],[79.50566,10.82517],[79.51794,10.82753],[79.51823,10.83124]]]}},{"type":"Feature","properties":{"ac_no":169,"name":"Nannilam","district":"Thiruvarur","pc":"Nagapattinam (Sc)"},"geometry":{"type":"Polygon","coordinates":[[[79.74811,10.99638],[79.74729,10.98836],[79.75253,10.98807],[79.75282,10.98293],[79.75849,10.98354],[79.75277,10.97695],[79.7547,10.97194],[79.75937,10.97225],[79.7627,10.96213],[79.74504,10.95665],[79.74616,10.96505],[79.73912,10.9646],[79.7309,10.9705],[79.71923,10.96847],[79.71977,10.95225],[79.73236,10.95122],[79.7345,10.95755],[79.73728,10.95246],[79.72399,10.94189],[79.72709,10.93784],[79.72302,10.93495],[79.72908,10.93642],[79.72476,10.92903],[79.74288,10.92435],[79.74493,10.91458],[79.73666,10.90979],[79.73537,10.91751],[79.72526,10.92141],[79.71964,10.91864],[79.72028,10.91321],[79.71622,10.91324],[79.70401,10.92503],[79.70271,10.92021],[79.69622,10.91897],[79.68097,10.92782],[79.67989,10.91389],[79.66821,10.91382],[79.66522,10.90021],[79.65444,10.89247],[79.6537,10.88542],[79.64989,10.88629],[79.65217,10.87477],[79.64693,10.8745],[79.64698,10.86927],[79.63648,10.86864],[79.63889,10.8608],[79.62748,10.8659],[79.62557,10.8599],[79.6458,10.85081],[79.65419,10.84024],[79.65321,10.83484],[79.64826,10.83406],[79.65133,10.82377],[79.62968,10.82237],[79.63214,10.81563],[79.63614,10.81614],[79.6371,10.81088],[79.6209,10.81074],[79.61254,10.79873],[79.59933,10.82133],[79.56961,10.82925],[79.5719,10.83536],[79.56641,10.84184],[79.56021,10.84134],[79.55452,10.83373],[79.53412,10.83307],[79.5288,10.83937],[79.52051,10.8396],[79.52489,10.83287],[79.51823,10.83124],[79.51794,10.82753],[79.50566,10.82517],[79.47414,10.83208],[79.47382,10.82443],[79.4631,10.82261],[79.45743,10.82651],[79.45369,10.8221],[79.44732,10.83106],[79.46427,10.8071],[79.45101,10.80442],[79.45614,10.79044],[79.44948,10.78921],[79.44755,10.78241],[79.43864,10.78502],[79.44112,10.77881],[79.44055,10.77548],[79.4172,10.77468],[79.40438,10.79058],[79.37653,10.80399],[79.37282,10.80177],[79.36892,10.80784],[79.35618,10.80578],[79.34948,10.81128],[79.33728,10.8097],[79.33121,10.81425],[79.32465,10.80981],[79.32557,10.81568],[79.32064,10.81899],[79.30245,10.82413],[79.29542,10.83273],[79.2874,10.83294],[79.29211,10.84469],[79.29094,10.86334],[79.28631,10.86923],[79.27097,10.87347],[79.27009,10.88378],[79.28329,10.90647],[79.2819,10.91082],[79.29068,10.91047],[79.28607,10.91639],[79.2915,10.92346],[79.2885,10.93599],[79.32369,10.92465],[79.3311,10.92174],[79.32779,10.91657],[79.34559,10.9104],[79.36075,10.8979],[79.36933,10.89742],[79.3683,10.89405],[79.39269,10.89599],[79.40127,10.89266],[79.40576,10.89295],[79.4123,10.88362],[79.41628,10.88627],[79.41657,10.88193],[79.4343,10.87684],[79.45676,10.86362],[79.4662,10.86478],[79.46469,10.8691],[79.47191,10.8726],[79.47596,10.87262],[79.4777,10.86732],[79.48566,10.86923],[79.48388,10.8791],[79.4882,10.88943],[79.50607,10.89356],[79.50628,10.90398],[79.49259,10.90578],[79.49345,10.91651],[79.48422,10.92098],[79.49968,10.93263],[79.50125,10.94153],[79.51425,10.94156],[79.51857,10.94621],[79.51499,10.97082],[79.52973,10.96915],[79.52812,10.95952],[79.53223,10.96115],[79.53287,10.96821],[79.55337,10.96749],[79.55631,10.97471],[79.56318,10.97687],[79.57433,10.97074],[79.5771,10.9825],[79.58513,10.98332],[79.60327,10.97172],[79.60441,10.97651],[79.60785,10.9757],[79.60394,10.9825],[79.63253,10.981],[79.63382,11.00037],[79.64049,11.00009],[79.64224,11.0101],[79.67128,11.01724],[79.70092,11.01529],[79.70674,11.00662],[79.71652,11.0085],[79.72115,10.99898],[79.72969,10.99854],[79.73148,10.9946],[79.74811,10.99638]],[[79.72162,10.93504],[79.7223,10.93736],[79.72026,10.9372],[79.72162,10.93504]],[[79.73883,10.92013],[79.73971,10.92015],[79.73945,10.92138],[79.73883,10.92013]]]}},{"type":"Feature","properties":{"ac_no":170,"name":"Thiruvidaimarudur","district":"Thanjavur","pc":"Mayiladuthurai"},"geometry":{"type":"Polygon","coordinates":[[[79.52689,11.18387],[79.53121,11.17798],[79.53807,11.1806],[79.5397,11.16267],[79.55708,11.16307],[79.55792,11.15461],[79.56562,11.1552],[79.56643,11.14915],[79.57277,11.14809],[79.56126,11.1321],[79.55107,11.13007],[79.55026,11.11458],[79.5442,11.11716],[79.5458,11.11339],[79.53814,11.10958],[79.53871,11.09576],[79.54154,11.09544],[79.54164,11.1047],[79.54825,11.10457],[79.54103,11.08467],[79.55224,11.08406],[79.5486,11.07552],[79.53676,11.07051],[79.53069,11.05633],[79.52247,11.05411],[79.51094,11.04234],[79.51167,11.02766],[79.52978,11.02687],[79.53174,11.02234],[79.53212,11.01412],[79.52497,11.01656],[79.52355,11.00847],[79.54209,11.00844],[79.54113,11.00429],[79.54752,11.00069],[79.52293,10.99731],[79.52401,10.98869],[79.51156,10.9883],[79.50826,10.98303],[79.51335,10.98239],[79.51857,10.94621],[79.51425,10.94156],[79.50125,10.94153],[79.49968,10.93263],[79.48422,10.92098],[79.49345,10.91651],[79.49259,10.90578],[79.50628,10.90398],[79.50607,10.89356],[79.4882,10.88943],[79.48388,10.8791],[79.48566,10.86923],[79.4777,10.86732],[79.47596,10.87262],[79.47191,10.8726],[79.46469,10.8691],[79.4662,10.86478],[79.45676,10.86362],[79.4343,10.87684],[79.41657,10.88193],[79.41628,10.88627],[79.4123,10.88362],[79.40576,10.89295],[79.40127,10.89266],[79.40276,10.90196],[79.41435,10.89741],[79.41674,10.91486],[79.41371,10.92231],[79.41892,10.924],[79.41919,10.93203],[79.41178,10.93518],[79.41315,10.94384],[79.40913,10.95114],[79.42936,10.95797],[79.43982,10.97257],[79.45429,10.97964],[79.45155,10.9828],[79.43987,10.98011],[79.43215,10.96924],[79.42245,10.96436],[79.41901,10.96813],[79.40545,10.9672],[79.40557,10.97673],[79.4,10.97523],[79.40011,10.98065],[79.40723,10.98392],[79.41264,10.99499],[79.41397,11.01577],[79.41727,11.01751],[79.41552,11.02092],[79.40793,11.01681],[79.40298,11.02019],[79.41674,11.02803],[79.41475,11.04055],[79.41922,11.05133],[79.41027,11.06214],[79.39662,11.05165],[79.39328,11.05491],[79.39273,11.06351],[79.4134,11.08203],[79.43065,11.12056],[79.45863,11.1505],[79.50009,11.17573],[79.52689,11.18387]]]}},{"type":"Feature","properties":{"ac_no":171,"name":"Kumbakonam","district":"Thanjavur","pc":"Mayiladuthurai"},"geometry":{"type":"Polygon","coordinates":[[[79.39328,11.05491],[79.39662,11.05165],[79.41027,11.06214],[79.41922,11.05133],[79.41475,11.04055],[79.41674,11.02803],[79.40298,11.02019],[79.40793,11.01681],[79.41552,11.02092],[79.41727,11.01751],[79.41397,11.01577],[79.41264,10.99499],[79.40723,10.98392],[79.40011,10.98065],[79.4,10.97523],[79.40557,10.97673],[79.40545,10.9672],[79.41901,10.96813],[79.42245,10.96436],[79.43215,10.96924],[79.43987,10.98011],[79.45155,10.9828],[79.45429,10.97964],[79.43982,10.97257],[79.42936,10.95797],[79.40913,10.95114],[79.41315,10.94384],[79.41178,10.93518],[79.41919,10.93203],[79.41892,10.924],[79.41371,10.92231],[79.41674,10.91486],[79.41435,10.89741],[79.40276,10.90196],[79.40127,10.89266],[79.39269,10.89599],[79.3683,10.89405],[79.36933,10.89742],[79.36075,10.8979],[79.34559,10.9104],[79.32779,10.91657],[79.3311,10.92174],[79.32369,10.92465],[79.35064,10.92141],[79.35058,10.93171],[79.33684,10.93117],[79.33066,10.93744],[79.35198,10.94129],[79.35616,10.94566],[79.35089,10.94757],[79.35893,10.9621],[79.35365,10.96841],[79.36112,10.9701],[79.36032,10.97794],[79.35533,10.98375],[79.34437,10.98055],[79.33967,10.97498],[79.33656,10.97897],[79.32698,10.9791],[79.32956,10.98888],[79.32474,10.99302],[79.32634,11.0019],[79.31972,11.00243],[79.31101,11.01824],[79.34594,11.0418],[79.39273,11.06351],[79.39328,11.05491]]]}},{"type":"Feature","properties":{"ac_no":172,"name":"Papanasam","district":"Thanjavur","pc":"Mayiladuthurai"},"geometry":{"type":"Polygon","coordinates":[[[79.34437,10.98055],[79.35533,10.98375],[79.36032,10.97794],[79.36112,10.9701],[79.35365,10.96841],[79.35893,10.9621],[79.35089,10.94757],[79.35616,10.94566],[79.35198,10.94129],[79.33066,10.93744],[79.33684,10.93117],[79.35058,10.93171],[79.35064,10.92141],[79.32369,10.92465],[79.2885,10.93599],[79.2915,10.92346],[79.28607,10.91639],[79.29068,10.91047],[79.2819,10.91082],[79.28329,10.90647],[79.27009,10.88378],[79.27097,10.87347],[79.28631,10.86923],[79.29094,10.86334],[79.29211,10.84469],[79.2874,10.83294],[79.29542,10.83273],[79.30245,10.82413],[79.32064,10.81899],[79.32557,10.81568],[79.32465,10.80981],[79.33121,10.81425],[79.33728,10.8097],[79.34948,10.81128],[79.35618,10.80578],[79.36892,10.80784],[79.37282,10.80177],[79.36964,10.79623],[79.34798,10.79579],[79.35119,10.7912],[79.34503,10.78082],[79.34532,10.76629],[79.36134,10.76512],[79.36105,10.75231],[79.35343,10.74753],[79.34992,10.75026],[79.3449,10.74576],[79.34895,10.74347],[79.34192,10.73976],[79.32065,10.73729],[79.31267,10.74073],[79.31115,10.74676],[79.29386,10.73225],[79.28202,10.73579],[79.27511,10.73946],[79.27617,10.75169],[79.27061,10.75718],[79.26358,10.75621],[79.26323,10.7501],[79.25944,10.74899],[79.26151,10.73152],[79.25708,10.71732],[79.23693,10.72483],[79.22952,10.73565],[79.21713,10.73936],[79.21704,10.75281],[79.20515,10.7524],[79.19483,10.77075],[79.19651,10.77862],[79.20451,10.77775],[79.19533,10.78149],[79.19883,10.79364],[79.19272,10.79146],[79.19145,10.80263],[79.19669,10.81002],[79.18723,10.80421],[79.18146,10.80538],[79.17785,10.81127],[79.17987,10.82069],[79.18713,10.82223],[79.18534,10.82808],[79.17634,10.82644],[79.17222,10.83214],[79.18046,10.83207],[79.18367,10.84479],[79.1892,10.84171],[79.20234,10.8444],[79.20033,10.85111],[79.19449,10.84773],[79.18855,10.851],[79.19538,10.85465],[79.1807,10.85448],[79.1779,10.85882],[79.18987,10.86579],[79.17127,10.87722],[79.17453,10.87914],[79.16967,10.88004],[79.16193,10.90281],[79.14439,10.8901],[79.14339,10.90167],[79.14852,10.90757],[79.14464,10.91447],[79.14833,10.91792],[79.14173,10.9269],[79.12891,10.93357],[79.14206,10.94071],[79.17862,10.93988],[79.2029,10.9493],[79.20475,10.94046],[79.21209,10.94095],[79.26841,10.98618],[79.27485,10.99382],[79.27317,10.99701],[79.29077,11.01409],[79.30872,11.02068],[79.31101,11.01824],[79.31972,11.00243],[79.32634,11.0019],[79.32474,10.99302],[79.32956,10.98888],[79.32698,10.9791],[79.33656,10.97897],[79.33967,10.97498],[79.34437,10.98055]]]}},{"type":"Feature","properties":{"ac_no":173,"name":"Thiruvaiyaru","district":"Thanjavur","pc":"Thanjavur"},"geometry":{"type":"Polygon","coordinates":[[[79.14173,10.9269],[79.14833,10.91792],[79.14464,10.91447],[79.14852,10.90757],[79.14339,10.90167],[79.14439,10.8901],[79.16193,10.90281],[79.16967,10.88004],[79.17453,10.87914],[79.17127,10.87722],[79.18987,10.86579],[79.1779,10.85882],[79.1807,10.85448],[79.19538,10.85465],[79.18855,10.851],[79.19449,10.84773],[79.20033,10.85111],[79.20234,10.8444],[79.1892,10.84171],[79.18367,10.84479],[79.18046,10.83207],[79.17222,10.83214],[79.17634,10.82644],[79.18534,10.82808],[79.18713,10.82223],[79.17987,10.82069],[79.17785,10.81127],[79.18146,10.80538],[79.17171,10.80534],[79.16281,10.79946],[79.14807,10.82015],[79.14167,10.82394],[79.13007,10.82296],[79.12201,10.77958],[79.11285,10.77613],[79.10888,10.7669],[79.07435,10.76213],[79.07497,10.75386],[79.07042,10.7503],[79.05878,10.75802],[79.0492,10.75417],[79.04763,10.74827],[79.05475,10.74813],[79.0585,10.72443],[79.05335,10.71916],[79.04231,10.72409],[79.0342,10.71967],[79.03567,10.70405],[79.02436,10.69866],[79.00831,10.6997],[79.00374,10.70789],[79.01072,10.71428],[79.00561,10.71444],[78.99867,10.7239],[78.98896,10.71984],[78.98793,10.70295],[78.9807,10.69189],[78.98247,10.68419],[78.9694,10.68012],[78.96497,10.65419],[78.96075,10.65463],[78.95644,10.66458],[78.93601,10.67266],[78.93721,10.67689],[78.94554,10.6759],[78.93691,10.6875],[78.90806,10.67195],[78.90564,10.68069],[78.89349,10.68575],[78.89352,10.69437],[78.88208,10.69539],[78.87342,10.70572],[78.86561,10.72192],[78.86487,10.73566],[78.86936,10.74738],[78.86843,10.76106],[78.87371,10.76204],[78.88026,10.7893],[78.86744,10.78572],[78.86683,10.80259],[78.86175,10.8028],[78.86819,10.82649],[78.81485,10.82337],[78.77551,10.82755],[78.77614,10.83196],[78.79765,10.83801],[78.81735,10.8361],[78.92437,10.86701],[78.9392,10.87644],[78.94032,10.88779],[78.96088,10.89504],[78.96129,10.88835],[79.00442,10.89388],[79.03428,10.88649],[79.04968,10.88829],[79.06388,10.89909],[79.069,10.91292],[79.07919,10.92421],[79.08621,10.9273],[79.11003,10.92509],[79.12891,10.93357],[79.14173,10.9269]]]}},{"type":"Feature","properties":{"ac_no":174,"name":"Thanjavur","district":"Thanjavur","pc":"Thanjavur"},"geometry":{"type":"Polygon","coordinates":[[[79.18146,10.80538],[79.18723,10.80421],[79.19669,10.81002],[79.19145,10.80263],[79.19272,10.79146],[79.19883,10.79364],[79.19533,10.78149],[79.20451,10.77775],[79.19651,10.77862],[79.19392,10.76573],[79.18127,10.76634],[79.18269,10.76205],[79.16915,10.76314],[79.16451,10.77483],[79.14922,10.77365],[79.14759,10.76312],[79.1367,10.76194],[79.14648,10.75238],[79.14703,10.72806],[79.13344,10.71371],[79.12582,10.71501],[79.1315,10.72626],[79.1286,10.73351],[79.11441,10.73541],[79.10977,10.71753],[79.08286,10.71999],[79.07903,10.7065],[79.06198,10.69943],[79.03567,10.70405],[79.0342,10.71967],[79.04231,10.72409],[79.05335,10.71916],[79.0585,10.72443],[79.05475,10.74813],[79.04763,10.74827],[79.0492,10.75417],[79.05878,10.75802],[79.07042,10.7503],[79.07497,10.75386],[79.07435,10.76213],[79.10888,10.7669],[79.11285,10.77613],[79.12201,10.77958],[79.13007,10.82296],[79.14167,10.82394],[79.14807,10.82015],[79.16281,10.79946],[79.17171,10.80534],[79.18146,10.80538]]]}},{"type":"Feature","properties":{"ac_no":175,"name":"Orathanadu","district":"Thanjavur","pc":"Thanjavur"},"geometry":{"type":"Polygon","coordinates":[[[79.19483,10.77075],[79.20515,10.7524],[79.21704,10.75281],[79.21713,10.73936],[79.22952,10.73565],[79.23693,10.72483],[79.25708,10.71732],[79.26151,10.73152],[79.25944,10.74899],[79.26323,10.7501],[79.26358,10.75621],[79.27061,10.75718],[79.27617,10.75169],[79.27511,10.73946],[79.28202,10.73579],[79.29386,10.73225],[79.30102,10.73826],[79.30771,10.72232],[79.30654,10.71039],[79.31972,10.6846],[79.31755,10.66116],[79.34267,10.6585],[79.34254,10.65429],[79.35728,10.64512],[79.35362,10.63147],[79.34753,10.62732],[79.35382,10.61097],[79.35341,10.60697],[79.34813,10.60709],[79.34656,10.59592],[79.35152,10.58337],[79.36064,10.5788],[79.39629,10.58034],[79.40145,10.57258],[79.39879,10.55814],[79.3925,10.56126],[79.38266,10.55609],[79.38824,10.53733],[79.37976,10.53518],[79.37972,10.53141],[79.35699,10.53426],[79.35667,10.51653],[79.3527,10.51823],[79.35255,10.51074],[79.34604,10.51349],[79.33162,10.50561],[79.32737,10.49816],[79.31534,10.49532],[79.28479,10.51268],[79.27454,10.50824],[79.27624,10.49843],[79.26686,10.48549],[79.24442,10.50895],[79.24444,10.51359],[79.21397,10.51353],[79.20024,10.50369],[79.18767,10.50436],[79.19306,10.49833],[79.18991,10.49203],[79.19462,10.49086],[79.18875,10.48775],[79.18469,10.49289],[79.18169,10.48536],[79.17909,10.48683],[79.18294,10.47185],[79.17819,10.47184],[79.17681,10.47737],[79.17258,10.47373],[79.17005,10.48122],[79.16006,10.47287],[79.15181,10.47529],[79.14727,10.48538],[79.13433,10.48436],[79.12969,10.48722],[79.13263,10.49375],[79.12908,10.4913],[79.12849,10.49407],[79.12938,10.49774],[79.139,10.49752],[79.14041,10.51238],[79.15495,10.52181],[79.1491,10.52385],[79.1517,10.53268],[79.15275,10.52979],[79.15804,10.53368],[79.16791,10.53019],[79.17791,10.53852],[79.18475,10.53797],[79.18433,10.54651],[79.179,10.55056],[79.18324,10.55024],[79.18344,10.55681],[79.1911,10.55998],[79.18737,10.56658],[79.19026,10.56578],[79.19105,10.57839],[79.17892,10.57145],[79.17742,10.58683],[79.14285,10.58645],[79.13848,10.59806],[79.1444,10.60493],[79.12633,10.63492],[79.11868,10.63463],[79.10404,10.615],[79.10042,10.62973],[79.07013,10.64042],[79.06521,10.64834],[79.06828,10.67728],[79.06234,10.67385],[79.054,10.67986],[79.01565,10.68206],[79.01688,10.6917],[79.03253,10.69504],[79.02436,10.69866],[79.03567,10.70405],[79.06198,10.69943],[79.07903,10.7065],[79.08286,10.71999],[79.10977,10.71753],[79.11441,10.73541],[79.1286,10.73351],[79.1315,10.72626],[79.12582,10.71501],[79.13344,10.71371],[79.14703,10.72806],[79.14648,10.75238],[79.1367,10.76194],[79.14759,10.76312],[79.14922,10.77365],[79.16451,10.77483],[79.16915,10.76314],[79.18269,10.76205],[79.18127,10.76634],[79.19392,10.76573],[79.19483,10.77075]]]}},{"type":"Feature","properties":{"ac_no":176,"name":"Pattukkottai","district":"Thanjavur","pc":"Thanjavur"},"geometry":{"type":"Polygon","coordinates":[[[79.39879,10.55814],[79.40015,10.55402],[79.42249,10.54938],[79.42584,10.55779],[79.452,10.55945],[79.45201,10.55131],[79.42845,10.54585],[79.42336,10.5421],[79.42331,10.5355],[79.43731,10.53083],[79.4398,10.52313],[79.45665,10.51982],[79.45737,10.51385],[79.46867,10.51161],[79.46888,10.50537],[79.4612,10.5039],[79.45357,10.49224],[79.4559,10.48835],[79.46197,10.48772],[79.46715,10.49294],[79.48217,10.49122],[79.47947,10.46438],[79.4697,10.46176],[79.47614,10.44988],[79.47422,10.436],[79.45384,10.43366],[79.45119,10.42985],[79.46482,10.41621],[79.46135,10.40663],[79.47342,10.40677],[79.47558,10.40113],[79.47644,10.39334],[79.46023,10.39256],[79.45968,10.38826],[79.46983,10.38332],[79.46737,10.37316],[79.47525,10.37219],[79.48551,10.38066],[79.49023,10.37134],[79.50415,10.36755],[79.50522,10.35875],[79.50117,10.34867],[79.4761,10.35064],[79.47232,10.31567],[79.38112,10.31637],[79.36319,10.29267],[79.35899,10.30467],[79.34476,10.31044],[79.34428,10.31909],[79.33908,10.324],[79.32943,10.32705],[79.32513,10.31541],[79.32166,10.31532],[79.31701,10.31711],[79.31704,10.3248],[79.31106,10.32376],[79.30684,10.32848],[79.29861,10.3199],[79.29052,10.31909],[79.29668,10.33664],[79.30611,10.33936],[79.30704,10.34536],[79.32743,10.34495],[79.30603,10.36029],[79.30185,10.3736],[79.29406,10.37694],[79.29691,10.38656],[79.28761,10.39998],[79.28955,10.42012],[79.27363,10.44459],[79.27259,10.46172],[79.26664,10.47447],[79.27107,10.47826],[79.26686,10.48549],[79.27624,10.49843],[79.27454,10.50824],[79.28479,10.51268],[79.31534,10.49532],[79.32737,10.49816],[79.33162,10.50561],[79.34604,10.51349],[79.35255,10.51074],[79.3527,10.51823],[79.35667,10.51653],[79.35699,10.53426],[79.37972,10.53141],[79.37976,10.53518],[79.38824,10.53733],[79.38266,10.55609],[79.3925,10.56126],[79.39879,10.55814]]]}},{"type":"Feature","properties":{"ac_no":177,"name":"Peravurani","district":"Thanjavur","pc":"Thanjavur"},"geometry":{"type":"Polygon","coordinates":[[[79.26686,10.48549],[79.27107,10.47826],[79.26664,10.47447],[79.27259,10.46172],[79.27363,10.44459],[79.28955,10.42012],[79.28761,10.39998],[79.29691,10.38656],[79.29406,10.37694],[79.30185,10.3736],[79.30603,10.36029],[79.32743,10.34495],[79.30704,10.34536],[79.30611,10.33936],[79.29668,10.33664],[79.29052,10.31909],[79.29861,10.3199],[79.30684,10.32848],[79.31106,10.32376],[79.31704,10.3248],[79.31701,10.31711],[79.32166,10.31532],[79.32513,10.31541],[79.32943,10.32705],[79.33908,10.324],[79.34428,10.31909],[79.34476,10.31044],[79.35899,10.30467],[79.36319,10.29267],[79.32959,10.2847],[79.29685,10.2624],[79.27259,10.23911],[79.2669,10.22898],[79.27718,10.22336],[79.2786,10.21553],[79.26478,10.19727],[79.24408,10.18604],[79.23813,10.1698],[79.23871,10.15633],[79.23476,10.15709],[79.2368,10.15429],[79.22944,10.15068],[79.22718,10.13671],[79.20674,10.13689],[79.20477,10.15828],[79.19633,10.15692],[79.19661,10.16189],[79.17917,10.15847],[79.16349,10.16272],[79.16576,10.15865],[79.15991,10.15715],[79.15186,10.15982],[79.15112,10.16842],[79.15847,10.17453],[79.15832,10.18254],[79.15198,10.19153],[79.15161,10.19862],[79.16262,10.20647],[79.17527,10.19881],[79.17607,10.20292],[79.18363,10.20102],[79.18705,10.20688],[79.18078,10.2114],[79.177,10.22035],[79.1794,10.22379],[79.15465,10.22874],[79.15048,10.23632],[79.13552,10.2362],[79.13424,10.23006],[79.11683,10.2345],[79.11749,10.25132],[79.13023,10.25278],[79.13359,10.26442],[79.12707,10.27733],[79.12892,10.2812],[79.11971,10.28778],[79.11851,10.30269],[79.13392,10.3256],[79.13021,10.33067],[79.11853,10.32568],[79.11795,10.33123],[79.12385,10.3369],[79.13303,10.33527],[79.14293,10.34548],[79.14841,10.34423],[79.14714,10.35511],[79.15057,10.35708],[79.14377,10.36487],[79.1477,10.37633],[79.1447,10.38217],[79.15315,10.40017],[79.14773,10.41037],[79.13185,10.42372],[79.1261,10.43687],[79.13733,10.43927],[79.14365,10.44521],[79.14032,10.44895],[79.15101,10.44656],[79.1559,10.45198],[79.15877,10.4456],[79.15996,10.44864],[79.17637,10.4477],[79.17688,10.45162],[79.17227,10.44866],[79.16699,10.45505],[79.1731,10.4528],[79.17346,10.4583],[79.19485,10.46263],[79.19486,10.46745],[79.18294,10.47185],[79.17909,10.48683],[79.18169,10.48536],[79.18469,10.49289],[79.18875,10.48775],[79.19462,10.49086],[79.18991,10.49203],[79.19306,10.49833],[79.18767,10.50436],[79.20024,10.50369],[79.21397,10.51353],[79.24444,10.51359],[79.24442,10.50895],[79.26686,10.48549]]]}},{"type":"Feature","properties":{"ac_no":178,"name":"Gandharvakottai (SC)","district":"Pudukkottai","pc":"Tiruchirappalli"},"geometry":{"type":"Polygon","coordinates":[[[78.87342,10.70572],[78.88208,10.69539],[78.89352,10.69437],[78.89349,10.68575],[78.90564,10.68069],[78.90806,10.67195],[78.93691,10.6875],[78.94554,10.6759],[78.93721,10.67689],[78.93601,10.67266],[78.95644,10.66458],[78.96075,10.65463],[78.96497,10.65419],[78.9694,10.68012],[78.98247,10.68419],[78.9807,10.69189],[78.98793,10.70295],[78.98896,10.71984],[78.99867,10.7239],[79.00561,10.71444],[79.01072,10.71428],[79.00374,10.70789],[79.00831,10.6997],[79.02436,10.69866],[79.03253,10.69504],[79.01688,10.6917],[79.01565,10.68206],[79.054,10.67986],[79.06234,10.67385],[79.06828,10.67728],[79.06521,10.64834],[79.07013,10.64042],[79.10042,10.62973],[79.10404,10.615],[79.11868,10.63463],[79.12633,10.63492],[79.1444,10.60493],[79.13848,10.59806],[79.14285,10.58645],[79.17742,10.58683],[79.17892,10.57145],[79.19105,10.57839],[79.19026,10.56578],[79.18737,10.56658],[79.1911,10.55998],[79.18344,10.55681],[79.18324,10.55024],[79.179,10.55056],[79.18433,10.54651],[79.18475,10.53797],[79.17791,10.53852],[79.16791,10.53019],[79.15804,10.53368],[79.15275,10.52979],[79.1517,10.53268],[79.1491,10.52385],[79.15495,10.52181],[79.14041,10.51238],[79.139,10.49752],[79.12938,10.49774],[79.12849,10.49407],[79.12908,10.4913],[79.13263,10.49375],[79.12969,10.48722],[79.13433,10.48436],[79.14727,10.48538],[79.15181,10.47529],[79.16006,10.47287],[79.17005,10.48122],[79.17258,10.47373],[79.17681,10.47737],[79.17819,10.47184],[79.18294,10.47185],[79.19486,10.46745],[79.19485,10.46263],[79.17346,10.4583],[79.1731,10.4528],[79.16699,10.45505],[79.17227,10.44866],[79.17688,10.45162],[79.17637,10.4477],[79.15996,10.44864],[79.15877,10.4456],[79.1559,10.45198],[79.15101,10.44656],[79.14032,10.44895],[79.14365,10.44521],[79.13733,10.43927],[79.1261,10.43687],[79.1101,10.44646],[79.10964,10.46192],[79.09565,10.47221],[79.09154,10.46816],[79.09431,10.46201],[79.07612,10.46516],[79.07602,10.45944],[79.06862,10.45946],[79.07141,10.4532],[79.06384,10.45311],[79.06479,10.42922],[79.04285,10.42852],[79.0381,10.45431],[79.05719,10.47165],[79.06331,10.49022],[79.04751,10.50205],[79.04002,10.51876],[79.02951,10.52787],[79.02529,10.54083],[79.01295,10.54643],[79.00755,10.55384],[78.99774,10.55591],[78.99723,10.5688],[78.98022,10.53747],[78.97281,10.54742],[78.974,10.55767],[78.96571,10.56105],[78.94061,10.56018],[78.93135,10.53187],[78.92268,10.52764],[78.92007,10.51528],[78.90854,10.51452],[78.90904,10.51852],[78.90528,10.51861],[78.89628,10.51078],[78.8979,10.50377],[78.89307,10.49504],[78.8975,10.49248],[78.89088,10.48967],[78.88996,10.48446],[78.89661,10.4785],[78.89582,10.47352],[78.88937,10.47209],[78.88886,10.45982],[78.88318,10.46589],[78.87574,10.45706],[78.87641,10.44886],[78.86233,10.44124],[78.85324,10.44039],[78.84914,10.45441],[78.85505,10.4609],[78.85677,10.47768],[78.8641,10.49264],[78.8517,10.50523],[78.83872,10.49806],[78.83263,10.50235],[78.82413,10.49709],[78.82765,10.49012],[78.81593,10.47508],[78.82409,10.46883],[78.82647,10.45717],[78.83418,10.45184],[78.83234,10.44045],[78.82903,10.44546],[78.81729,10.44166],[78.80649,10.44404],[78.80118,10.42035],[78.78913,10.41385],[78.78455,10.41604],[78.78261,10.42424],[78.77635,10.4266],[78.77593,10.44306],[78.75427,10.44763],[78.75122,10.45473],[78.75508,10.46593],[78.75092,10.4648],[78.74729,10.45047],[78.73866,10.44883],[78.73085,10.47097],[78.71979,10.48461],[78.72681,10.48439],[78.72824,10.47941],[78.73778,10.47822],[78.74089,10.48205],[78.74878,10.47848],[78.75763,10.48901],[78.75131,10.494],[78.75117,10.50805],[78.75605,10.51825],[78.76252,10.52091],[78.7665,10.53487],[78.77751,10.53936],[78.77762,10.54407],[78.788,10.54474],[78.78736,10.55372],[78.80782,10.55568],[78.8096,10.56938],[78.80066,10.57386],[78.79525,10.57538],[78.79107,10.56961],[78.7676,10.5738],[78.76942,10.58526],[78.77454,10.58388],[78.77015,10.59144],[78.78532,10.60544],[78.78933,10.60471],[78.79473,10.59275],[78.80376,10.60206],[78.81529,10.6005],[78.83022,10.60913],[78.83208,10.61917],[78.8273,10.63239],[78.81528,10.6405],[78.80763,10.63626],[78.80865,10.6459],[78.80155,10.64394],[78.79439,10.65267],[78.79966,10.66125],[78.79989,10.68005],[78.80646,10.67937],[78.80267,10.67656],[78.81143,10.67316],[78.81259,10.68123],[78.82009,10.6874],[78.8198,10.69513],[78.87342,10.68795],[78.87342,10.70572]]]}},{"type":"Feature","properties":{"ac_no":179,"name":"Viralimalai","district":"Pudukkottai","pc":"Karur"},"geometry":{"type":"Polygon","coordinates":[[[78.70889,10.73278],[78.71051,10.72253],[78.73541,10.71474],[78.74244,10.70797],[78.74178,10.69972],[78.74616,10.69857],[78.74689,10.68667],[78.73863,10.68366],[78.73576,10.67746],[78.74388,10.6426],[78.75681,10.64362],[78.75751,10.65295],[78.76456,10.65535],[78.78406,10.64912],[78.79098,10.64863],[78.79439,10.65267],[78.80155,10.64394],[78.80865,10.6459],[78.80763,10.63626],[78.81528,10.6405],[78.8273,10.63239],[78.83208,10.61917],[78.83022,10.60913],[78.81529,10.6005],[78.80376,10.60206],[78.79473,10.59275],[78.78933,10.60471],[78.78532,10.60544],[78.77015,10.59144],[78.77454,10.58388],[78.76942,10.58526],[78.7676,10.5738],[78.79107,10.56961],[78.79525,10.57538],[78.80066,10.57386],[78.8096,10.56938],[78.80782,10.55568],[78.78736,10.55372],[78.788,10.54474],[78.77762,10.54407],[78.77751,10.53936],[78.7665,10.53487],[78.76252,10.52091],[78.75605,10.51825],[78.75117,10.50805],[78.75131,10.494],[78.75763,10.48901],[78.74878,10.47848],[78.74089,10.48205],[78.73778,10.47822],[78.72824,10.47941],[78.72681,10.48439],[78.71979,10.48461],[78.73085,10.47097],[78.73866,10.44883],[78.74729,10.45047],[78.75092,10.4648],[78.75508,10.46593],[78.75122,10.45473],[78.75427,10.44763],[78.77593,10.44306],[78.77635,10.4266],[78.78261,10.42424],[78.78455,10.41604],[78.77742,10.41188],[78.78098,10.40784],[78.78516,10.40993],[78.78621,10.40396],[78.77718,10.39727],[78.77322,10.38257],[78.76798,10.37945],[78.76645,10.3566],[78.7401,10.36202],[78.72445,10.34735],[78.71327,10.34612],[78.69659,10.36384],[78.69784,10.37484],[78.68074,10.37187],[78.67604,10.37643],[78.67416,10.38694],[78.66382,10.39596],[78.66451,10.40856],[78.64387,10.4113],[78.6418,10.4065],[78.62281,10.41919],[78.60491,10.42419],[78.59089,10.42321],[78.58359,10.44115],[78.5887,10.47391],[78.58497,10.48112],[78.57003,10.48983],[78.58003,10.50935],[78.58136,10.5227],[78.56886,10.52034],[78.56699,10.51459],[78.55037,10.51524],[78.5446,10.5301],[78.53722,10.5313],[78.53295,10.51408],[78.54,10.51456],[78.54171,10.50925],[78.53645,10.49549],[78.5189,10.48351],[78.49666,10.48536],[78.49309,10.48892],[78.49699,10.50708],[78.49063,10.50954],[78.49079,10.51678],[78.48638,10.5181],[78.49013,10.52702],[78.484,10.53996],[78.46399,10.541],[78.46502,10.57742],[78.45716,10.57897],[78.45919,10.58965],[78.45239,10.59058],[78.4525,10.60002],[78.44865,10.6002],[78.44748,10.60656],[78.4591,10.60977],[78.45843,10.61724],[78.46523,10.61749],[78.4686,10.62805],[78.48233,10.63898],[78.52742,10.62923],[78.52938,10.64408],[78.51965,10.65035],[78.51791,10.66968],[78.52621,10.67525],[78.5308,10.67189],[78.53358,10.6769],[78.54408,10.67568],[78.55084,10.68739],[78.56824,10.68168],[78.56566,10.6613],[78.57885,10.66456],[78.5914,10.65968],[78.60918,10.6816],[78.61584,10.68213],[78.6214,10.6762],[78.62739,10.7044],[78.63747,10.70803],[78.64695,10.70382],[78.65816,10.70521],[78.65175,10.68186],[78.65687,10.67216],[78.65245,10.65924],[78.66308,10.65453],[78.66738,10.67269],[78.68094,10.67004],[78.68265,10.68791],[78.69338,10.69051],[78.69652,10.7041],[78.6886,10.7277],[78.69108,10.73385],[78.70889,10.73278]]]}},{"type":"Feature","properties":{"ac_no":180,"name":"Pudukkottai","district":"Pudukkottai","pc":"Tiruchirappalli"},"geometry":{"type":"Polygon","coordinates":[[[79.01295,10.54643],[79.02529,10.54083],[79.02951,10.52787],[79.04002,10.51876],[79.04751,10.50205],[79.06331,10.49022],[79.05719,10.47165],[79.0381,10.45431],[79.04285,10.42852],[79.06479,10.42922],[79.06384,10.45311],[79.07141,10.4532],[79.06862,10.45946],[79.07602,10.45944],[79.07612,10.46516],[79.09431,10.46201],[79.09154,10.46816],[79.09565,10.47221],[79.10964,10.46192],[79.1101,10.44646],[79.1261,10.43687],[79.13185,10.42372],[79.14773,10.41037],[79.15315,10.40017],[79.1447,10.38217],[79.13662,10.38197],[79.13246,10.37451],[79.10828,10.37562],[79.09444,10.36727],[79.08903,10.37426],[79.07474,10.37692],[79.07197,10.36906],[79.06086,10.3724],[79.05652,10.36597],[79.05534,10.37989],[79.04832,10.37912],[79.04249,10.37037],[79.04358,10.38203],[79.0211,10.38562],[79.02192,10.40084],[79.02616,10.4041],[79.01891,10.40291],[79.00864,10.4143],[79.005,10.41282],[79.00604,10.39973],[78.99734,10.3992],[78.9946,10.39176],[78.98714,10.3914],[78.9822,10.37984],[78.96708,10.39567],[78.96046,10.39309],[78.92801,10.40777],[78.91696,10.40762],[78.91743,10.40227],[78.90649,10.39674],[78.88327,10.39544],[78.88098,10.39237],[78.88897,10.38009],[78.8869,10.37638],[78.86645,10.38635],[78.86384,10.37978],[78.85452,10.37894],[78.85685,10.36877],[78.85072,10.37031],[78.84809,10.3669],[78.83757,10.37374],[78.83431,10.36638],[78.84513,10.35987],[78.84479,10.3542],[78.83798,10.33815],[78.83378,10.34156],[78.83232,10.33871],[78.83287,10.33005],[78.80528,10.33216],[78.78087,10.35167],[78.76645,10.3566],[78.76798,10.37945],[78.77322,10.38257],[78.77718,10.39727],[78.78621,10.40396],[78.78516,10.40993],[78.78098,10.40784],[78.77742,10.41188],[78.78455,10.41604],[78.78913,10.41385],[78.80118,10.42035],[78.80649,10.44404],[78.81729,10.44166],[78.82903,10.44546],[78.83234,10.44045],[78.83418,10.45184],[78.82647,10.45717],[78.82409,10.46883],[78.81593,10.47508],[78.82765,10.49012],[78.82413,10.49709],[78.83263,10.50235],[78.83872,10.49806],[78.8517,10.50523],[78.8641,10.49264],[78.85677,10.47768],[78.85505,10.4609],[78.84914,10.45441],[78.85324,10.44039],[78.86233,10.44124],[78.87641,10.44886],[78.87574,10.45706],[78.88318,10.46589],[78.88886,10.45982],[78.88937,10.47209],[78.89582,10.47352],[78.89661,10.4785],[78.88996,10.48446],[78.89088,10.48967],[78.8975,10.49248],[78.89307,10.49504],[78.8979,10.50377],[78.89628,10.51078],[78.90528,10.51861],[78.90904,10.51852],[78.90854,10.51452],[78.92007,10.51528],[78.92268,10.52764],[78.93135,10.53187],[78.94061,10.56018],[78.96571,10.56105],[78.974,10.55767],[78.97281,10.54742],[78.98022,10.53747],[78.99723,10.5688],[78.99774,10.55591],[79.00755,10.55384],[79.01295,10.54643]]]}},{"type":"Feature","properties":{"ac_no":181,"name":"Thirumayam","district":"Pudukkottai","pc":"Sivaganga"},"geometry":{"type":"Polygon","coordinates":[[[78.50653,10.37498],[78.51255,10.3714],[78.52443,10.37807],[78.52965,10.3904],[78.52818,10.40209],[78.51629,10.40729],[78.52245,10.43719],[78.55253,10.43331],[78.55224,10.42687],[78.56364,10.42716],[78.56107,10.43145],[78.56434,10.44298],[78.57674,10.44493],[78.58359,10.44115],[78.59089,10.42321],[78.60491,10.42419],[78.62281,10.41919],[78.6418,10.4065],[78.64387,10.4113],[78.66451,10.40856],[78.66382,10.39596],[78.67416,10.38694],[78.67604,10.37643],[78.68074,10.37187],[78.69784,10.37484],[78.69659,10.36384],[78.71327,10.34612],[78.72445,10.34735],[78.7401,10.36202],[78.76645,10.3566],[78.78087,10.35167],[78.80528,10.33216],[78.83287,10.33005],[78.85487,10.31279],[78.8601,10.30277],[78.871,10.29879],[78.87343,10.30285],[78.88052,10.30306],[78.89034,10.29389],[78.88962,10.28807],[78.91021,10.25272],[78.90825,10.24827],[78.91445,10.24879],[78.91068,10.24206],[78.92793,10.22495],[78.93282,10.19364],[78.92403,10.18044],[78.91912,10.18014],[78.91836,10.17407],[78.92836,10.17273],[78.93489,10.16694],[78.93013,10.15872],[78.94523,10.15304],[78.94186,10.1392],[78.95893,10.14049],[78.95515,10.13266],[78.96272,10.1314],[78.9614,10.1259],[78.93013,10.128],[78.92399,10.12315],[78.91181,10.12999],[78.91333,10.14525],[78.90779,10.14938],[78.90026,10.15666],[78.90208,10.15219],[78.89674,10.14757],[78.88743,10.14854],[78.88201,10.15471],[78.87132,10.13713],[78.8655,10.1359],[78.86223,10.12654],[78.85746,10.1259],[78.84778,10.1263],[78.84828,10.13751],[78.83317,10.13929],[78.83166,10.14851],[78.8297,10.15484],[78.8186,10.15959],[78.81375,10.16715],[78.8233,10.19805],[78.80962,10.21303],[78.76881,10.19921],[78.76527,10.19331],[78.76483,10.17438],[78.77018,10.16722],[78.76718,10.16361],[78.74703,10.16452],[78.73722,10.15873],[78.72771,10.16148],[78.72664,10.16997],[78.70847,10.17565],[78.69099,10.14745],[78.67666,10.14768],[78.66808,10.15426],[78.67039,10.1762],[78.66439,10.17972],[78.67332,10.20477],[78.65264,10.21915],[78.64726,10.22585],[78.65053,10.23674],[78.64129,10.24111],[78.65187,10.25374],[78.63652,10.26949],[78.61122,10.27081],[78.57805,10.28723],[78.56953,10.28127],[78.57687,10.26649],[78.57164,10.25786],[78.56496,10.25799],[78.56225,10.25325],[78.55496,10.25495],[78.55308,10.24932],[78.54065,10.25338],[78.53887,10.25801],[78.52988,10.25039],[78.5275,10.23849],[78.51885,10.23658],[78.51443,10.21661],[78.51606,10.1904],[78.49853,10.1881],[78.49576,10.19184],[78.48518,10.19205],[78.47572,10.20301],[78.46951,10.20444],[78.47279,10.22009],[78.487,10.23202],[78.48703,10.23657],[78.47906,10.24292],[78.48559,10.25245],[78.48208,10.25501],[78.47493,10.24502],[78.46482,10.24065],[78.44803,10.24582],[78.45292,10.26741],[78.47275,10.26995],[78.49242,10.26311],[78.51379,10.26838],[78.51114,10.26998],[78.51663,10.28005],[78.51251,10.28786],[78.51841,10.30049],[78.51517,10.30951],[78.5208,10.32716],[78.50991,10.34637],[78.4972,10.35202],[78.49716,10.36401],[78.50533,10.37628],[78.50653,10.37498]]]}},{"type":"Feature","properties":{"ac_no":182,"name":"Alangudi","district":"Pudukkottai","pc":"Sivaganga"},"geometry":{"type":"Polygon","coordinates":[[[79.01891,10.40291],[79.02616,10.4041],[79.02192,10.40084],[79.0211,10.38562],[79.04358,10.38203],[79.04249,10.37037],[79.04832,10.37912],[79.05534,10.37989],[79.05652,10.36597],[79.06086,10.3724],[79.07197,10.36906],[79.07474,10.37692],[79.08903,10.37426],[79.09444,10.36727],[79.10828,10.37562],[79.13246,10.37451],[79.13662,10.38197],[79.1447,10.38217],[79.1477,10.37633],[79.14377,10.36487],[79.15057,10.35708],[79.14714,10.35511],[79.14841,10.34423],[79.14293,10.34548],[79.13303,10.33527],[79.12385,10.3369],[79.11795,10.33123],[79.11853,10.32568],[79.13021,10.33067],[79.13392,10.3256],[79.11851,10.30269],[79.11971,10.28778],[79.12892,10.2812],[79.12707,10.27733],[79.13359,10.26442],[79.13023,10.25278],[79.11749,10.25132],[79.11683,10.2345],[79.13424,10.23006],[79.13552,10.2362],[79.15048,10.23632],[79.15465,10.22874],[79.1794,10.22379],[79.177,10.22035],[79.18078,10.2114],[79.18705,10.20688],[79.18363,10.20102],[79.17607,10.20292],[79.17527,10.19881],[79.16262,10.20647],[79.15161,10.19862],[79.15198,10.19153],[79.13198,10.19869],[79.12484,10.19531],[79.12386,10.18706],[79.11253,10.19054],[79.10703,10.18658],[79.0881,10.1868],[79.08124,10.19188],[79.07223,10.18593],[79.07378,10.17592],[79.05674,10.18126],[79.05326,10.19352],[79.03777,10.19348],[79.02588,10.20271],[79.00653,10.20959],[78.99828,10.20762],[78.98924,10.21096],[78.97939,10.1834],[78.95527,10.19219],[78.93886,10.18731],[78.93282,10.19364],[78.92793,10.22495],[78.91068,10.24206],[78.91445,10.24879],[78.90825,10.24827],[78.91021,10.25272],[78.88962,10.28807],[78.89034,10.29389],[78.88052,10.30306],[78.87343,10.30285],[78.871,10.29879],[78.8601,10.30277],[78.85487,10.31279],[78.83287,10.33005],[78.83232,10.33871],[78.83378,10.34156],[78.83798,10.33815],[78.84479,10.3542],[78.84513,10.35987],[78.83431,10.36638],[78.83757,10.37374],[78.84809,10.3669],[78.85072,10.37031],[78.85685,10.36877],[78.85452,10.37894],[78.86384,10.37978],[78.86645,10.38635],[78.8869,10.37638],[78.88897,10.38009],[78.88098,10.39237],[78.88327,10.39544],[78.90649,10.39674],[78.91743,10.40227],[78.91696,10.40762],[78.92801,10.40777],[78.96046,10.39309],[78.96708,10.39567],[78.9822,10.37984],[78.98714,10.3914],[78.9946,10.39176],[78.99734,10.3992],[79.00604,10.39973],[79.005,10.41282],[79.00864,10.4143],[79.01891,10.40291]]]}},{"type":"Feature","properties":{"ac_no":183,"name":"Aranthangi","district":"Pudukkottai","pc":"Ramanathapuram"},"geometry":{"type":"Polygon","coordinates":[[[78.99828,10.20762],[79.00653,10.20959],[79.02588,10.20271],[79.03777,10.19348],[79.05326,10.19352],[79.05674,10.18126],[79.07378,10.17592],[79.07223,10.18593],[79.08124,10.19188],[79.0881,10.1868],[79.10703,10.18658],[79.11253,10.19054],[79.12386,10.18706],[79.12484,10.19531],[79.13198,10.19869],[79.15198,10.19153],[79.15832,10.18254],[79.15847,10.17453],[79.15112,10.16842],[79.15186,10.15982],[79.15991,10.15715],[79.16576,10.15865],[79.16349,10.16272],[79.17917,10.15847],[79.19661,10.16189],[79.19633,10.15692],[79.20477,10.15828],[79.20674,10.13689],[79.22718,10.13671],[79.23556,10.12799],[79.22708,10.11919],[79.2302,10.1184],[79.2258,10.10108],[79.22853,10.09027],[79.23662,10.07662],[79.24602,10.07377],[79.25196,10.06569],[79.25545,10.0451],[79.26601,10.03931],[79.24431,10.02729],[79.21649,9.99763],[79.21478,10.00013],[79.21612,9.99679],[79.19837,9.97337],[79.15354,9.92966],[79.15146,9.91612],[79.12888,9.89495],[79.11919,9.87718],[79.11838,9.86661],[79.12386,9.8652],[79.11346,9.8469],[79.09924,9.85731],[79.08877,9.85839],[79.06926,9.8516],[79.06062,9.85973],[79.04545,9.86087],[79.03105,9.89377],[79.02247,9.90342],[79.01547,9.90359],[78.98969,9.94717],[78.98867,9.95158],[79.00182,9.95512],[79.00142,9.96379],[78.99776,9.96502],[79.00283,9.97874],[79.01554,9.98085],[79.01011,9.9896],[79.00293,9.98739],[78.99373,9.99581],[78.98172,9.99042],[78.97258,9.99218],[78.97457,9.9997],[78.96505,10.00739],[78.95224,10.00773],[78.9305,10.02184],[78.93176,10.03895],[78.92404,10.04313],[78.9383,10.05741],[78.94395,10.05566],[78.93438,10.07197],[78.94606,10.07898],[78.95007,10.09017],[78.96301,10.095],[78.97063,10.08257],[78.97695,10.0813],[78.9779,10.08665],[78.98278,10.08488],[78.98701,10.08946],[78.98215,10.10032],[78.97703,10.10205],[78.97689,10.10984],[78.96622,10.12799],[78.95884,10.11438],[78.94974,10.11448],[78.94808,10.10577],[78.94132,10.11429],[78.94163,10.11027],[78.93746,10.11572],[78.92873,10.11454],[78.92895,10.12075],[78.92399,10.12315],[78.93013,10.128],[78.9614,10.1259],[78.96272,10.1314],[78.95515,10.13266],[78.95893,10.14049],[78.94186,10.1392],[78.94523,10.15304],[78.93013,10.15872],[78.93489,10.16694],[78.92836,10.17273],[78.91836,10.17407],[78.91912,10.18014],[78.92403,10.18044],[78.93282,10.19364],[78.93886,10.18731],[78.95527,10.19219],[78.97939,10.1834],[78.98924,10.21096],[78.99828,10.20762]]]}},{"type":"Feature","properties":{"ac_no":184,"name":"Karaikudi","district":"Sivaganga","pc":"Sivaganga"},"geometry":{"type":"Polygon","coordinates":[[[78.90779,10.14938],[78.91333,10.14525],[78.91181,10.12999],[78.92399,10.12315],[78.92895,10.12075],[78.92873,10.11454],[78.93746,10.11572],[78.94163,10.11027],[78.94132,10.11429],[78.94808,10.10577],[78.94974,10.11448],[78.95884,10.11438],[78.96622,10.12799],[78.97689,10.10984],[78.97703,10.10205],[78.98215,10.10032],[78.98701,10.08946],[78.98278,10.08488],[78.9779,10.08665],[78.97695,10.0813],[78.97063,10.08257],[78.96301,10.095],[78.95007,10.09017],[78.94606,10.07898],[78.93438,10.07197],[78.94395,10.05566],[78.9383,10.05741],[78.92404,10.04313],[78.93176,10.03895],[78.9305,10.02184],[78.95224,10.00773],[78.96505,10.00739],[78.97457,9.9997],[78.97258,9.99218],[78.98172,9.99042],[78.99373,9.99581],[79.00293,9.98739],[79.01011,9.9896],[79.01554,9.98085],[79.00283,9.97874],[78.99776,9.96502],[79.00142,9.96379],[79.00182,9.95512],[78.98867,9.95158],[78.98969,9.94717],[78.98925,9.94689],[78.96695,9.93806],[78.95581,9.92263],[78.92262,9.92281],[78.90196,9.90158],[78.90303,9.88159],[78.88161,9.88294],[78.8763,9.87436],[78.87196,9.86278],[78.88306,9.81913],[78.88268,9.80057],[78.89845,9.79119],[78.89936,9.78514],[78.88754,9.7578],[78.85673,9.75593],[78.84752,9.74178],[78.83138,9.73249],[78.82851,9.72306],[78.81527,9.74153],[78.83807,9.7774],[78.79626,9.7837],[78.78129,9.80115],[78.77595,9.77416],[78.77182,9.77294],[78.76925,9.77875],[78.73841,9.75346],[78.72796,9.75396],[78.73482,9.77019],[78.72592,9.79539],[78.71925,9.80033],[78.70725,9.8001],[78.70774,9.81159],[78.71909,9.81873],[78.72764,9.83219],[78.72062,9.84304],[78.71737,9.83041],[78.70944,9.83583],[78.7178,9.85015],[78.71794,9.8554],[78.71124,9.86045],[78.72015,9.85974],[78.72361,9.86856],[78.71869,9.87166],[78.70527,9.86973],[78.71373,9.89298],[78.71288,9.90331],[78.69278,9.91954],[78.72263,9.92215],[78.7322,9.94053],[78.7372,9.945],[78.74797,9.94537],[78.73851,9.95317],[78.75115,9.95911],[78.74702,9.96844],[78.75913,9.96708],[78.76507,9.99053],[78.77181,9.99865],[78.75376,10.00768],[78.73829,10.03018],[78.72832,10.03203],[78.73325,10.04972],[78.72998,10.05797],[78.73184,10.06456],[78.74846,10.06334],[78.76525,10.0424],[78.80086,10.0781],[78.795,10.08269],[78.80063,10.08768],[78.83162,10.08467],[78.83608,10.11922],[78.83085,10.12023],[78.82924,10.13047],[78.83166,10.14851],[78.83317,10.13929],[78.84828,10.13751],[78.84778,10.1263],[78.85746,10.1259],[78.86223,10.12654],[78.8655,10.1359],[78.87132,10.13713],[78.88201,10.15471],[78.88743,10.14854],[78.89674,10.14757],[78.90208,10.15219],[78.90026,10.15666],[78.90779,10.14938]]]}},{"type":"Feature","properties":{"ac_no":185,"name":"Tiruppattur","district":"Sivaganga","pc":"Sivaganga"},"geometry":{"type":"Polygon","coordinates":[[[78.49579,10.38775],[78.50654,10.38885],[78.50533,10.37628],[78.49716,10.36401],[78.4972,10.35202],[78.50991,10.34637],[78.5208,10.32716],[78.51517,10.30951],[78.51841,10.30049],[78.51251,10.28786],[78.51663,10.28005],[78.51114,10.26998],[78.51379,10.26838],[78.49242,10.26311],[78.47275,10.26995],[78.45292,10.26741],[78.44803,10.24582],[78.46482,10.24065],[78.47493,10.24502],[78.48208,10.25501],[78.48559,10.25245],[78.47906,10.24292],[78.48703,10.23657],[78.487,10.23202],[78.47279,10.22009],[78.46951,10.20444],[78.47572,10.20301],[78.48518,10.19205],[78.49576,10.19184],[78.49853,10.1881],[78.51606,10.1904],[78.51443,10.21661],[78.51885,10.23658],[78.5275,10.23849],[78.52988,10.25039],[78.53887,10.25801],[78.54065,10.25338],[78.55308,10.24932],[78.55496,10.25495],[78.56225,10.25325],[78.56496,10.25799],[78.57164,10.25786],[78.57687,10.26649],[78.56953,10.28127],[78.57805,10.28723],[78.61122,10.27081],[78.63652,10.26949],[78.65187,10.25374],[78.64129,10.24111],[78.65053,10.23674],[78.64726,10.22585],[78.65264,10.21915],[78.67332,10.20477],[78.66439,10.17972],[78.67039,10.1762],[78.66808,10.15426],[78.67666,10.14768],[78.69099,10.14745],[78.70847,10.17565],[78.72664,10.16997],[78.72771,10.16148],[78.73722,10.15873],[78.74703,10.16452],[78.76718,10.16361],[78.77018,10.16722],[78.76483,10.17438],[78.76527,10.19331],[78.76881,10.19921],[78.80962,10.21303],[78.8233,10.19805],[78.81375,10.16715],[78.8186,10.15959],[78.8297,10.15484],[78.83166,10.14851],[78.82924,10.13047],[78.83085,10.12023],[78.83608,10.11922],[78.83162,10.08467],[78.80063,10.08768],[78.795,10.08269],[78.80086,10.0781],[78.76525,10.0424],[78.74846,10.06334],[78.73184,10.06456],[78.72998,10.05797],[78.7102,10.05673],[78.70872,10.04464],[78.68781,10.03179],[78.68191,10.00627],[78.67579,10.00998],[78.64922,10.00904],[78.64582,10.01508],[78.62017,10.01521],[78.61662,10.01702],[78.61659,10.02412],[78.62133,10.02225],[78.61906,10.02932],[78.6027,10.02704],[78.59151,10.03228],[78.58967,10.03814],[78.5797,10.03397],[78.57689,10.03743],[78.56403,10.03545],[78.56136,10.03032],[78.54226,10.02277],[78.52998,10.00196],[78.52098,10.03267],[78.51565,10.0331],[78.5156,10.02405],[78.5011,10.02725],[78.49711,10.02424],[78.48438,10.02977],[78.48023,10.03708],[78.45854,10.03775],[78.45925,10.03413],[78.45464,10.03405],[78.44855,10.02503],[78.44475,10.02481],[78.44766,10.02803],[78.43991,10.03614],[78.43095,10.03664],[78.42767,10.05355],[78.43704,10.06007],[78.4513,10.06158],[78.456,10.07135],[78.46085,10.07041],[78.45667,10.10033],[78.47102,10.10952],[78.4736,10.12127],[78.45909,10.12532],[78.45164,10.11907],[78.43241,10.13545],[78.42684,10.12267],[78.42492,10.13368],[78.41718,10.13215],[78.40176,10.13886],[78.41291,10.16099],[78.39879,10.16587],[78.39456,10.17443],[78.41243,10.21286],[78.40773,10.22347],[78.39809,10.22567],[78.39233,10.24172],[78.39563,10.24872],[78.40543,10.25035],[78.41051,10.25706],[78.42494,10.25857],[78.42417,10.27092],[78.40338,10.27569],[78.38655,10.27063],[78.38112,10.29286],[78.38608,10.28974],[78.39045,10.3023],[78.38016,10.30573],[78.37838,10.31043],[78.39215,10.31798],[78.40417,10.34331],[78.39393,10.34914],[78.39242,10.35443],[78.40844,10.35779],[78.41511,10.36334],[78.43624,10.36262],[78.44921,10.37541],[78.43837,10.38437],[78.44544,10.4083],[78.46444,10.40729],[78.49073,10.39563],[78.49105,10.38866],[78.49579,10.38775]]]}},{"type":"Feature","properties":{"ac_no":186,"name":"Sivaganga","district":"Sivaganga","pc":"Sivaganga"},"geometry":{"type":"Polygon","coordinates":[[[78.7102,10.05673],[78.72998,10.05797],[78.73325,10.04972],[78.72832,10.03203],[78.73829,10.03018],[78.75376,10.00768],[78.77181,9.99865],[78.76507,9.99053],[78.75913,9.96708],[78.74702,9.96844],[78.75115,9.95911],[78.73851,9.95317],[78.74797,9.94537],[78.7372,9.945],[78.7322,9.94053],[78.72263,9.92215],[78.69278,9.91954],[78.71288,9.90331],[78.71373,9.89298],[78.70527,9.86973],[78.71869,9.87166],[78.72361,9.86856],[78.72015,9.85974],[78.71124,9.86045],[78.71794,9.8554],[78.7178,9.85015],[78.70944,9.83583],[78.71737,9.83041],[78.72062,9.84304],[78.72764,9.83219],[78.71909,9.81873],[78.70774,9.81159],[78.70725,9.8001],[78.71925,9.80033],[78.72592,9.79539],[78.73482,9.77019],[78.72796,9.75396],[78.73841,9.75346],[78.74731,9.7372],[78.75113,9.71488],[78.74729,9.7059],[78.74472,9.70987],[78.72334,9.71084],[78.71362,9.69764],[78.70227,9.69589],[78.69566,9.67998],[78.68143,9.67904],[78.66895,9.68397],[78.66321,9.6997],[78.66891,9.70699],[78.65672,9.71283],[78.65075,9.70906],[78.64203,9.71484],[78.64632,9.71672],[78.64256,9.71938],[78.63318,9.71774],[78.6283,9.71258],[78.62996,9.70814],[78.62179,9.70541],[78.60619,9.71408],[78.6065,9.71874],[78.60152,9.71818],[78.59234,9.70917],[78.5825,9.7084],[78.59275,9.70593],[78.59072,9.68974],[78.57252,9.68893],[78.56916,9.67667],[78.54799,9.67064],[78.53549,9.65497],[78.5214,9.68038],[78.50371,9.68882],[78.51665,9.69771],[78.52487,9.69774],[78.52566,9.70965],[78.54081,9.72209],[78.53361,9.73235],[78.5165,9.72342],[78.49627,9.73268],[78.48361,9.77437],[78.4619,9.77494],[78.43964,9.74657],[78.4344,9.75487],[78.42775,9.75661],[78.42419,9.74742],[78.41985,9.74737],[78.41467,9.75705],[78.39745,9.7503],[78.37915,9.76645],[78.37836,9.77382],[78.37026,9.77608],[78.37029,9.78615],[78.35178,9.79447],[78.36677,9.81078],[78.3631,9.82039],[78.34997,9.82502],[78.3452,9.83936],[78.32133,9.84019],[78.32379,9.82677],[78.29445,9.82494],[78.29201,9.82772],[78.29731,9.84403],[78.28636,9.84022],[78.28204,9.84749],[78.26664,9.84967],[78.26719,9.85654],[78.2549,9.86394],[78.24973,9.874],[78.2773,9.86979],[78.28652,9.87035],[78.29373,9.86162],[78.30939,9.86504],[78.31517,9.88314],[78.31071,9.89908],[78.31532,9.92289],[78.34569,9.94005],[78.37072,9.93456],[78.36871,9.94893],[78.37231,9.96229],[78.38994,9.95256],[78.45642,9.9688],[78.45468,9.98029],[78.4477,9.9864],[78.44975,9.99201],[78.45663,9.99234],[78.45783,10.01124],[78.44855,10.02503],[78.45464,10.03405],[78.45925,10.03413],[78.45854,10.03775],[78.48023,10.03708],[78.48438,10.02977],[78.49711,10.02424],[78.5011,10.02725],[78.5156,10.02405],[78.51565,10.0331],[78.52098,10.03267],[78.52998,10.00196],[78.54226,10.02277],[78.56136,10.03032],[78.56403,10.03545],[78.57689,10.03743],[78.5797,10.03397],[78.58967,10.03814],[78.59151,10.03228],[78.6027,10.02704],[78.61906,10.02932],[78.62133,10.02225],[78.61659,10.02412],[78.61662,10.01702],[78.62017,10.01521],[78.64582,10.01508],[78.64922,10.00904],[78.67579,10.00998],[78.68191,10.00627],[78.68781,10.03179],[78.70872,10.04464],[78.7102,10.05673]]]}},{"type":"Feature","properties":{"ac_no":187,"name":"Manamadurai (SC)","district":"Sivaganga","pc":"Sivaganga"},"geometry":{"type":"Polygon","coordinates":[[[78.20072,9.87321],[78.20989,9.87336],[78.22504,9.86134],[78.22823,9.86527],[78.24877,9.86001],[78.24268,9.85093],[78.25349,9.8344],[78.25834,9.83467],[78.2607,9.84819],[78.26664,9.84967],[78.28204,9.84749],[78.28636,9.84022],[78.29731,9.84403],[78.29201,9.82772],[78.29445,9.82494],[78.32379,9.82677],[78.32133,9.84019],[78.3452,9.83936],[78.34997,9.82502],[78.3631,9.82039],[78.36677,9.81078],[78.35178,9.79447],[78.37029,9.78615],[78.37026,9.77608],[78.37836,9.77382],[78.37915,9.76645],[78.39745,9.7503],[78.41467,9.75705],[78.41985,9.74737],[78.42419,9.74742],[78.42775,9.75661],[78.4344,9.75487],[78.43964,9.74657],[78.4619,9.77494],[78.48361,9.77437],[78.49627,9.73268],[78.5165,9.72342],[78.53361,9.73235],[78.54081,9.72209],[78.52566,9.70965],[78.52487,9.69774],[78.51665,9.69771],[78.50371,9.68882],[78.5214,9.68038],[78.53549,9.65497],[78.54799,9.67064],[78.56916,9.67667],[78.57252,9.68893],[78.59072,9.68974],[78.59275,9.70593],[78.5825,9.7084],[78.59234,9.70917],[78.60152,9.71818],[78.6065,9.71874],[78.60619,9.71408],[78.62179,9.70541],[78.62996,9.70814],[78.6283,9.71258],[78.63318,9.71774],[78.64256,9.71938],[78.64632,9.71672],[78.64203,9.71484],[78.65075,9.70906],[78.65672,9.71283],[78.66891,9.70699],[78.66321,9.6997],[78.66895,9.68397],[78.68143,9.67904],[78.69566,9.67998],[78.70227,9.69589],[78.71362,9.69764],[78.72334,9.71084],[78.74472,9.70987],[78.74729,9.7059],[78.75113,9.71488],[78.78019,9.71896],[78.7834,9.70984],[78.79784,9.70283],[78.79338,9.69847],[78.79864,9.69669],[78.79719,9.68565],[78.78889,9.6811],[78.79505,9.67952],[78.78966,9.67212],[78.79471,9.67106],[78.79496,9.66548],[78.78742,9.66225],[78.78445,9.65272],[78.79433,9.6419],[78.79447,9.63624],[78.78708,9.63401],[78.79447,9.63203],[78.79357,9.62378],[78.79803,9.62106],[78.82162,9.61679],[78.81893,9.59509],[78.74404,9.5784],[78.74448,9.58501],[78.72673,9.58898],[78.71571,9.59707],[78.67736,9.59978],[78.68259,9.57595],[78.68028,9.56186],[78.65255,9.54486],[78.66039,9.52016],[78.61608,9.53744],[78.60729,9.55328],[78.5963,9.55573],[78.56258,9.57596],[78.55044,9.57744],[78.54157,9.58386],[78.52646,9.58051],[78.51533,9.58301],[78.49888,9.59823],[78.50177,9.61022],[78.47539,9.61256],[78.46447,9.6173],[78.46304,9.62306],[78.45677,9.61635],[78.44961,9.62033],[78.44069,9.61834],[78.42372,9.59629],[78.41736,9.59752],[78.41442,9.61944],[78.3883,9.63256],[78.39189,9.65068],[78.37432,9.65906],[78.35661,9.65829],[78.35038,9.66607],[78.34504,9.66021],[78.3377,9.66426],[78.33436,9.66916],[78.34276,9.67437],[78.34146,9.68358],[78.32668,9.6969],[78.33782,9.70389],[78.29436,9.71175],[78.28767,9.71999],[78.29998,9.75471],[78.29595,9.76209],[78.27363,9.75362],[78.26016,9.76158],[78.23902,9.75737],[78.2105,9.78258],[78.20435,9.76389],[78.19664,9.76793],[78.17057,9.74857],[78.1637,9.75387],[78.16488,9.76469],[78.15591,9.76574],[78.14881,9.7753],[78.14952,9.78162],[78.1443,9.78356],[78.14578,9.79425],[78.13899,9.79999],[78.14077,9.80911],[78.17209,9.79692],[78.16827,9.78245],[78.16174,9.78166],[78.15971,9.7748],[78.17344,9.77647],[78.17566,9.77249],[78.18323,9.79289],[78.19357,9.80646],[78.16872,9.83089],[78.15149,9.82782],[78.15315,9.82216],[78.14294,9.81219],[78.12807,9.81401],[78.13225,9.81964],[78.13228,9.83261],[78.12489,9.84336],[78.12434,9.85495],[78.13785,9.85627],[78.15065,9.85162],[78.15163,9.87421],[78.16883,9.87461],[78.18139,9.86761],[78.18778,9.87209],[78.19751,9.86916],[78.20072,9.87321]]]}},{"type":"Feature","properties":{"ac_no":188,"name":"Melur","district":"Madurai","pc":"Madurai"},"geometry":{"type":"Polygon","coordinates":[[[78.37838,10.31043],[78.38016,10.30573],[78.39045,10.3023],[78.38608,10.28974],[78.38112,10.29286],[78.38655,10.27063],[78.40338,10.27569],[78.42417,10.27092],[78.42494,10.25857],[78.41051,10.25706],[78.40543,10.25035],[78.39563,10.24872],[78.39233,10.24172],[78.39809,10.22567],[78.40773,10.22347],[78.41243,10.21286],[78.39456,10.17443],[78.39879,10.16587],[78.41291,10.16099],[78.40176,10.13886],[78.41718,10.13215],[78.42492,10.13368],[78.42684,10.12267],[78.43241,10.13545],[78.45164,10.11907],[78.45909,10.12532],[78.4736,10.12127],[78.47102,10.10952],[78.45667,10.10033],[78.46085,10.07041],[78.456,10.07135],[78.4513,10.06158],[78.43704,10.06007],[78.42767,10.05355],[78.43095,10.03664],[78.43991,10.03614],[78.44766,10.02803],[78.44475,10.02481],[78.44855,10.02503],[78.45783,10.01124],[78.45663,9.99234],[78.44975,9.99201],[78.4477,9.9864],[78.45468,9.98029],[78.45642,9.9688],[78.38994,9.95256],[78.37231,9.96229],[78.36871,9.94893],[78.37072,9.93456],[78.34569,9.94005],[78.31532,9.92289],[78.31071,9.89908],[78.31517,9.88314],[78.30939,9.86504],[78.29373,9.86162],[78.28652,9.87035],[78.2773,9.86979],[78.27842,9.90048],[78.27396,9.90141],[78.27387,9.90762],[78.28985,9.91047],[78.29227,9.92508],[78.28466,9.9187],[78.28509,9.92538],[78.28883,9.93716],[78.29398,9.93796],[78.29337,9.94486],[78.28435,9.95455],[78.28083,9.93672],[78.26964,9.93375],[78.2641,9.93876],[78.26702,9.94842],[78.26392,9.95833],[78.26809,9.95935],[78.268,9.96603],[78.26359,9.96586],[78.25748,9.97824],[78.2482,9.97412],[78.24213,9.97764],[78.22788,10.00183],[78.24657,10.01576],[78.24537,10.00551],[78.25151,10.01337],[78.25855,10.01218],[78.25763,10.0221],[78.27044,10.03847],[78.24137,10.04507],[78.24075,10.04915],[78.22656,10.05577],[78.20936,10.05679],[78.21334,10.06285],[78.20798,10.06635],[78.21073,10.0754],[78.23687,10.07735],[78.24453,10.08449],[78.25773,10.08767],[78.26204,10.09502],[78.26064,10.10379],[78.27191,10.1165],[78.26973,10.12886],[78.28019,10.13033],[78.28224,10.15169],[78.28753,10.15931],[78.28455,10.16409],[78.28215,10.15742],[78.28057,10.16696],[78.2566,10.15838],[78.25494,10.16528],[78.28467,10.19104],[78.29378,10.19164],[78.32768,10.22733],[78.32617,10.24029],[78.33197,10.25508],[78.32771,10.2558],[78.33005,10.27748],[78.32513,10.28357],[78.32956,10.28942],[78.33704,10.28931],[78.33478,10.29361],[78.3383,10.29808],[78.32922,10.29792],[78.33318,10.30074],[78.36318,10.29365],[78.36684,10.30141],[78.37441,10.30021],[78.37108,10.30862],[78.37838,10.31043]]]}},{"type":"Feature","properties":{"ac_no":189,"name":"Madurai East","district":"Madurai","pc":"Madurai"},"geometry":{"type":"Polygon","coordinates":[[[78.16961,10.09439],[78.2043,10.07944],[78.20083,10.07401],[78.20298,10.06739],[78.20798,10.06635],[78.21334,10.06285],[78.20936,10.05679],[78.22656,10.05577],[78.24075,10.04915],[78.24137,10.04507],[78.27044,10.03847],[78.25763,10.0221],[78.25855,10.01218],[78.25151,10.01337],[78.24537,10.00551],[78.24657,10.01576],[78.22788,10.00183],[78.24213,9.97764],[78.2482,9.97412],[78.25748,9.97824],[78.26359,9.96586],[78.268,9.96603],[78.26809,9.95935],[78.26392,9.95833],[78.26702,9.94842],[78.2641,9.93876],[78.26964,9.93375],[78.28083,9.93672],[78.28435,9.95455],[78.29337,9.94486],[78.29398,9.93796],[78.28883,9.93716],[78.28509,9.92538],[78.28466,9.9187],[78.29227,9.92508],[78.28985,9.91047],[78.27387,9.90762],[78.27396,9.90141],[78.27842,9.90048],[78.2773,9.86979],[78.24973,9.874],[78.2549,9.86394],[78.26719,9.85654],[78.26664,9.84967],[78.2607,9.84819],[78.25834,9.83467],[78.25349,9.8344],[78.24268,9.85093],[78.24877,9.86001],[78.22823,9.86527],[78.22504,9.86134],[78.20989,9.87336],[78.20072,9.87321],[78.18902,9.87976],[78.17419,9.90021],[78.15882,9.91068],[78.14912,9.91646],[78.16579,9.9182],[78.16126,9.92108],[78.16449,9.92933],[78.15212,9.92725],[78.14981,9.93185],[78.15834,9.94565],[78.1433,9.95699],[78.13895,9.94998],[78.13985,9.95457],[78.1278,9.95505],[78.11696,9.94452],[78.11685,9.95857],[78.11347,9.95894],[78.10245,9.95566],[78.09915,9.97249],[78.10257,9.98796],[78.09981,10.00908],[78.10576,10.00915],[78.10552,10.02503],[78.12519,10.01826],[78.13297,10.03285],[78.12391,10.04166],[78.12403,10.04853],[78.14632,10.06061],[78.15455,10.07742],[78.16335,10.08235],[78.16961,10.09439]]]}},{"type":"Feature","properties":{"ac_no":190,"name":"Sholavandan (SC)","district":"Madurai","pc":"Theni"},"geometry":{"type":"Polygon","coordinates":[[[78.14167,10.18288],[78.15698,10.15692],[78.15782,10.14952],[78.15104,10.14717],[78.16438,10.14139],[78.16517,10.12406],[78.15644,10.10794],[78.17493,10.09841],[78.16961,10.09439],[78.16335,10.08235],[78.15455,10.07742],[78.14632,10.06061],[78.12403,10.04853],[78.12391,10.04166],[78.13297,10.03285],[78.12519,10.01826],[78.10552,10.02503],[78.10576,10.00915],[78.09981,10.00908],[78.10257,9.98796],[78.09915,9.97249],[78.07878,9.97994],[78.06936,9.97822],[78.07456,9.95065],[78.00649,9.98386],[77.99038,9.98441],[77.98193,9.96835],[77.98178,9.96626],[77.95082,9.97743],[77.95205,9.98394],[77.92279,10.01186],[77.89642,10.02843],[77.87496,10.06173],[77.89429,10.07322],[77.90471,10.07056],[77.91033,10.07711],[77.91921,10.07574],[77.91874,10.08449],[77.94671,10.09195],[77.93697,10.09687],[77.93598,10.10826],[77.95353,10.13003],[77.95406,10.13373],[77.94662,10.13496],[77.95409,10.13876],[77.95952,10.13982],[77.96571,10.13226],[77.97771,10.13497],[77.99897,10.16055],[78.01796,10.16115],[78.02932,10.18081],[78.07084,10.18006],[78.0718,10.18418],[78.10635,10.18524],[78.12037,10.19043],[78.14167,10.18288]]]}},{"type":"Feature","properties":{"ac_no":191,"name":"Madurai North","district":"Madurai","pc":"Madurai"},"geometry":{"type":"Polygon","coordinates":[[[78.11347,9.95894],[78.11685,9.95857],[78.11696,9.94452],[78.1278,9.95505],[78.13985,9.95457],[78.13895,9.94998],[78.1433,9.95699],[78.15834,9.94565],[78.14981,9.93185],[78.15212,9.92725],[78.16449,9.92933],[78.16126,9.92108],[78.16579,9.9182],[78.14912,9.91646],[78.12185,9.9303],[78.10155,9.94295],[78.10245,9.95566],[78.11347,9.95894]]]}},{"type":"Feature","properties":{"ac_no":192,"name":"Madurai South","district":"Madurai","pc":"Madurai"},"geometry":{"type":"Polygon","coordinates":[[[78.14912,9.91646],[78.15882,9.91068],[78.15268,9.9007],[78.14635,9.90273],[78.14295,9.89858],[78.1152,9.90303],[78.11624,9.92405],[78.12185,9.9303],[78.14912,9.91646]]]}},{"type":"Feature","properties":{"ac_no":193,"name":"Madurai Central","district":"Madurai","pc":"Madurai"},"geometry":{"type":"Polygon","coordinates":[[[78.12185,9.9303],[78.11624,9.92405],[78.1152,9.90303],[78.09499,9.90947],[78.09452,9.93953],[78.10155,9.94295],[78.12185,9.9303]]]}},{"type":"Feature","properties":{"ac_no":194,"name":"Madurai West","district":"Madurai","pc":"Madurai"},"geometry":{"type":"Polygon","coordinates":[[[78.00753,9.95556],[77.98193,9.96835],[77.99038,9.98441],[78.00649,9.98386],[78.07456,9.95065],[78.06936,9.97822],[78.07878,9.97994],[78.09915,9.97249],[78.10245,9.95566],[78.10155,9.94295],[78.09452,9.93953],[78.09499,9.90947],[78.115,9.90297],[78.10712,9.89535],[78.09911,9.89397],[78.09661,9.88733],[78.08927,9.88742],[78.08931,9.89792],[78.06791,9.89881],[78.06359,9.91928],[78.0525,9.92478],[78.05476,9.93423],[78.04927,9.92771],[78.0425,9.92782],[78.04083,9.93654],[78.00601,9.95122],[78.00753,9.95556]]]}},{"type":"Feature","properties":{"ac_no":195,"name":"Thiruparankundram","district":"Madurai","pc":"Virudhunagar"},"geometry":{"type":"Polygon","coordinates":[[[78.04083,9.93654],[78.0425,9.92782],[78.04927,9.92771],[78.05476,9.93423],[78.0525,9.92478],[78.06359,9.91928],[78.06791,9.89881],[78.08931,9.89792],[78.08927,9.88742],[78.09661,9.88733],[78.09911,9.89397],[78.10712,9.89535],[78.1152,9.90303],[78.14295,9.89858],[78.14635,9.90273],[78.15268,9.9007],[78.15882,9.91068],[78.17419,9.90021],[78.18902,9.87976],[78.20072,9.87321],[78.19751,9.86916],[78.18778,9.87209],[78.18139,9.86761],[78.16883,9.87461],[78.15163,9.87421],[78.15065,9.85162],[78.13785,9.85627],[78.12434,9.85495],[78.12489,9.84336],[78.13228,9.83261],[78.13225,9.81964],[78.12807,9.81401],[78.14294,9.81219],[78.15315,9.82216],[78.15149,9.82782],[78.16872,9.83089],[78.19357,9.80646],[78.18323,9.79289],[78.17566,9.77249],[78.17344,9.77647],[78.15971,9.7748],[78.16174,9.78166],[78.16827,9.78245],[78.17209,9.79692],[78.14077,9.80911],[78.13899,9.79999],[78.14578,9.79425],[78.1443,9.78356],[78.13923,9.78016],[78.13696,9.76195],[78.12504,9.76622],[78.12567,9.77118],[78.10712,9.78599],[78.09731,9.77912],[78.08811,9.7801],[78.08834,9.77611],[78.10413,9.76851],[78.10393,9.76497],[78.10097,9.75497],[78.08371,9.75804],[78.08415,9.76802],[78.06285,9.77231],[78.06282,9.79124],[78.04691,9.79597],[78.04875,9.81726],[78.03493,9.827],[78.03965,9.84569],[78.0334,9.85203],[78.02234,9.84905],[78.01738,9.86373],[78.02006,9.87178],[78.0057,9.87611],[78.0092,9.88313],[77.99647,9.88585],[77.9972,9.89976],[77.99106,9.90389],[77.99626,9.91947],[78.00477,9.92616],[77.99658,9.93462],[78.00601,9.95122],[78.04083,9.93654]]]}},{"type":"Feature","properties":{"ac_no":196,"name":"Thirumangalam","district":"Madurai","pc":"Virudhunagar"},"geometry":{"type":"Polygon","coordinates":[[[77.98193,9.96835],[78.00753,9.95556],[78.00601,9.95122],[77.99658,9.93462],[78.00477,9.92616],[77.99626,9.91947],[77.99106,9.90389],[77.9972,9.89976],[77.99647,9.88585],[78.0092,9.88313],[78.0057,9.87611],[78.02006,9.87178],[78.01738,9.86373],[78.02234,9.84905],[78.0334,9.85203],[78.03965,9.84569],[78.03493,9.827],[78.04875,9.81726],[78.04691,9.79597],[78.06282,9.79124],[78.06285,9.77231],[78.08415,9.76802],[78.08371,9.75804],[78.07887,9.74826],[78.06771,9.75335],[78.06173,9.7413],[78.07163,9.73524],[78.0683,9.72368],[78.07991,9.70781],[78.07692,9.69577],[78.08517,9.69147],[78.08276,9.68745],[78.08777,9.68267],[78.08538,9.67491],[78.07948,9.67406],[78.0819,9.66317],[78.07705,9.65953],[78.05899,9.66118],[78.06113,9.67081],[78.03884,9.6781],[78.03049,9.65928],[78.02508,9.66041],[78.01434,9.6386],[78.01041,9.63953],[78.00412,9.64203],[78.00577,9.64762],[78.00074,9.64989],[77.99539,9.64098],[77.99064,9.64194],[77.98538,9.63493],[77.97275,9.62985],[77.96388,9.63404],[77.96205,9.64619],[77.93289,9.64977],[77.9227,9.64748],[77.92074,9.63815],[77.91052,9.63784],[77.90042,9.62554],[77.89147,9.63075],[77.88936,9.64192],[77.86146,9.64892],[77.84541,9.6507],[77.84233,9.63565],[77.80603,9.64162],[77.79455,9.64886],[77.78958,9.63933],[77.77416,9.64132],[77.76424,9.6605],[77.76947,9.66537],[77.7606,9.68305],[77.75525,9.68161],[77.73391,9.69292],[77.72609,9.69271],[77.71005,9.70529],[77.70288,9.70952],[77.70342,9.71603],[77.72739,9.74379],[77.74011,9.74207],[77.74635,9.73198],[77.7708,9.75406],[77.77643,9.76856],[77.79831,9.77333],[77.80031,9.77981],[77.80943,9.77841],[77.81337,9.78333],[77.81486,9.8123],[77.82005,9.81581],[77.85964,9.8146],[77.86041,9.82169],[77.85392,9.82747],[77.84809,9.82704],[77.84231,9.83709],[77.85268,9.84188],[77.85964,9.85653],[77.86951,9.85463],[77.87096,9.86238],[77.8761,9.86261],[77.87672,9.87638],[77.8895,9.88703],[77.88455,9.904],[77.88812,9.91236],[77.91757,9.9116],[77.94928,9.90431],[77.95142,9.90949],[77.96589,9.91702],[77.96448,9.92927],[77.95263,9.93603],[77.96109,9.95817],[77.96887,9.95997],[77.98071,9.95218],[77.98193,9.96835]]]}},{"type":"Feature","properties":{"ac_no":197,"name":"Usilampatti","district":"Madurai","pc":"Theni"},"geometry":{"type":"Polygon","coordinates":[[[77.87496,10.06173],[77.89642,10.02843],[77.92279,10.01186],[77.95205,9.98394],[77.95082,9.97743],[77.98178,9.96626],[77.98071,9.95218],[77.96887,9.95997],[77.96109,9.95817],[77.95263,9.93603],[77.96448,9.92927],[77.96589,9.91702],[77.95142,9.90949],[77.94928,9.90431],[77.91757,9.9116],[77.88812,9.91236],[77.88455,9.904],[77.8895,9.88703],[77.87672,9.87638],[77.8761,9.86261],[77.87096,9.86238],[77.86951,9.85463],[77.85964,9.85653],[77.85268,9.84188],[77.84231,9.83709],[77.84809,9.82704],[77.85392,9.82747],[77.86041,9.82169],[77.85964,9.8146],[77.82005,9.81581],[77.81486,9.8123],[77.81337,9.78333],[77.80943,9.77841],[77.80031,9.77981],[77.79831,9.77333],[77.77643,9.76856],[77.7708,9.75406],[77.74635,9.73198],[77.74011,9.74207],[77.72739,9.74379],[77.70342,9.71603],[77.70288,9.70952],[77.71005,9.70529],[77.70772,9.69098],[77.69979,9.69211],[77.69888,9.69902],[77.69359,9.69745],[77.69403,9.69265],[77.68116,9.67652],[77.67763,9.68256],[77.6683,9.67742],[77.6509,9.68289],[77.64912,9.6988],[77.64513,9.69783],[77.64696,9.70107],[77.64243,9.70641],[77.63183,9.70101],[77.62924,9.70474],[77.62298,9.7023],[77.61625,9.69578],[77.60575,9.69562],[77.60085,9.69119],[77.60176,9.6865],[77.59022,9.67911],[77.58566,9.66696],[77.57606,9.66912],[77.57487,9.66475],[77.5625,9.65968],[77.55125,9.64447],[77.54332,9.64522],[77.54742,9.65893],[77.53716,9.66003],[77.51924,9.63637],[77.514,9.61085],[77.50025,9.59704],[77.49843,9.57573],[77.47544,9.56303],[77.47351,9.57174],[77.46425,9.57993],[77.5062,9.63857],[77.50356,9.65029],[77.52311,9.6604],[77.53528,9.67514],[77.54066,9.69544],[77.54587,9.69588],[77.54656,9.70555],[77.56624,9.74788],[77.58512,9.76232],[77.58631,9.76875],[77.59756,9.77454],[77.60361,9.79109],[77.61242,9.79899],[77.62565,9.83494],[77.61788,9.83813],[77.61861,9.85839],[77.64314,9.88597],[77.65416,9.91881],[77.6673,9.91341],[77.67401,9.92275],[77.67952,9.93357],[77.67264,9.96243],[77.68297,9.96946],[77.69222,9.96851],[77.6978,9.98322],[77.69785,10.01741],[77.70148,10.01408],[77.71249,10.02595],[77.71032,10.02041],[77.71716,10.01815],[77.75353,10.04741],[77.75995,10.04629],[77.76334,10.05605],[77.78121,10.05109],[77.80551,10.06785],[77.82173,10.06731],[77.83642,10.07407],[77.86071,10.07539],[77.87496,10.06173]]]}},{"type":"Feature","properties":{"ac_no":198,"name":"Andipatti","district":"Theni","pc":"Theni"},"geometry":{"type":"Polygon","coordinates":[[[77.70103,10.08568],[77.70883,10.08033],[77.70765,10.06467],[77.71253,10.04798],[77.70624,10.03831],[77.7116,10.03406],[77.71249,10.02595],[77.70148,10.01408],[77.69785,10.01741],[77.6978,9.98322],[77.69222,9.96851],[77.68297,9.96946],[77.67264,9.96243],[77.67952,9.93357],[77.67401,9.92275],[77.6673,9.91341],[77.65416,9.91881],[77.64314,9.88597],[77.61861,9.85839],[77.61788,9.83813],[77.62565,9.83494],[77.61242,9.79899],[77.60361,9.79109],[77.59756,9.77454],[77.58631,9.76875],[77.58512,9.76232],[77.56624,9.74788],[77.54656,9.70555],[77.54587,9.69588],[77.54066,9.69544],[77.53528,9.67514],[77.52311,9.6604],[77.50356,9.65029],[77.5062,9.63857],[77.46425,9.57993],[77.47351,9.57174],[77.47756,9.55283],[77.47295,9.54864],[77.45476,9.54145],[77.42834,9.54687],[77.40244,9.52518],[77.40018,9.5275],[77.38511,9.51941],[77.36549,9.53514],[77.36553,9.552],[77.36105,9.55835],[77.35298,9.55976],[77.35038,9.56713],[77.35997,9.57778],[77.35506,9.58679],[77.35782,9.59522],[77.36627,9.59589],[77.36128,9.60237],[77.35468,9.60414],[77.33952,9.57335],[77.32524,9.58056],[77.32453,9.59359],[77.33001,9.59911],[77.32245,9.59844],[77.31782,9.60269],[77.30354,9.59874],[77.29013,9.58905],[77.29033,9.58493],[77.26875,9.57304],[77.25311,9.58314],[77.24282,9.58536],[77.23463,9.58146],[77.22076,9.59924],[77.20998,9.60526],[77.209,9.6137],[77.1983,9.61442],[77.18845,9.6061],[77.16832,9.61067],[77.16565,9.61393],[77.16896,9.62374],[77.17637,9.62923],[77.17409,9.63749],[77.17942,9.64505],[77.18065,9.65824],[77.1877,9.66159],[77.18675,9.6663],[77.19453,9.67111],[77.20681,9.69469],[77.20208,9.70385],[77.20624,9.71789],[77.20373,9.72233],[77.21857,9.72607],[77.2239,9.73018],[77.22263,9.73558],[77.24661,9.73314],[77.2499,9.72223],[77.29068,9.71352],[77.29753,9.71442],[77.29952,9.7211],[77.30841,9.72108],[77.31722,9.73182],[77.32443,9.73186],[77.32861,9.72349],[77.34218,9.72568],[77.34327,9.71024],[77.35795,9.70699],[77.36237,9.72583],[77.36784,9.72728],[77.35601,9.74178],[77.35747,9.75103],[77.36487,9.75452],[77.36946,9.78794],[77.36848,9.79403],[77.36114,9.78894],[77.35477,9.79366],[77.35872,9.8029],[77.35662,9.82122],[77.3432,9.80965],[77.35288,9.83124],[77.36887,9.84608],[77.36773,9.85393],[77.38086,9.85303],[77.39532,9.87039],[77.40228,9.86226],[77.40313,9.86538],[77.41162,9.86133],[77.41696,9.88711],[77.42443,9.8847],[77.42418,9.88056],[77.43083,9.88308],[77.43178,9.87976],[77.45283,9.87619],[77.45281,9.87918],[77.46974,9.88069],[77.48477,9.85458],[77.49586,9.86813],[77.49976,9.88991],[77.51199,9.90242],[77.51382,9.92186],[77.50953,9.93092],[77.50951,9.94884],[77.51316,9.96074],[77.51263,9.99324],[77.5188,10.00761],[77.53385,10.01135],[77.53703,10.02139],[77.54642,10.02767],[77.54628,10.03554],[77.55877,10.04638],[77.58983,10.05273],[77.60384,10.04372],[77.62767,10.04746],[77.63928,10.04162],[77.65977,10.05186],[77.68131,10.07624],[77.70103,10.08568]]]}},{"type":"Feature","properties":{"ac_no":199,"name":"Periyakulam","district":"Theni","pc":"Theni"},"geometry":{"type":"Polygon","coordinates":[[[77.69545,10.1986],[77.70227,10.21321],[77.70648,10.21595],[77.70996,10.20639],[77.70121,10.19526],[77.71218,10.17011],[77.72921,10.15915],[77.72386,10.14626],[77.7242,10.13619],[77.72938,10.13147],[77.72167,10.13412],[77.71563,10.12878],[77.7078,10.12899],[77.69718,10.13531],[77.69204,10.14545],[77.67632,10.14472],[77.67541,10.1267],[77.66904,10.12623],[77.66857,10.12246],[77.69718,10.10894],[77.70247,10.10283],[77.69688,10.08692],[77.70103,10.08568],[77.68131,10.07624],[77.65977,10.05186],[77.63928,10.04162],[77.62767,10.04746],[77.60384,10.04372],[77.58983,10.05273],[77.55877,10.04638],[77.54628,10.03554],[77.54642,10.02767],[77.53703,10.02139],[77.53385,10.01135],[77.5188,10.00761],[77.51263,9.99324],[77.48604,9.99613],[77.44778,10.02776],[77.45018,10.03259],[77.43173,10.04164],[77.42094,10.05864],[77.42064,10.09346],[77.45575,10.0808],[77.45899,10.07793],[77.45472,10.05942],[77.46711,10.06011],[77.47963,10.06827],[77.48039,10.08736],[77.48562,10.08589],[77.50052,10.10053],[77.49758,10.11332],[77.49084,10.12096],[77.47887,10.12737],[77.47468,10.12285],[77.46972,10.13028],[77.46568,10.12944],[77.46798,10.14234],[77.48064,10.14714],[77.48257,10.15403],[77.48768,10.14784],[77.49995,10.16105],[77.51174,10.16099],[77.52754,10.17403],[77.52308,10.17623],[77.53674,10.17971],[77.53799,10.1878],[77.54616,10.18294],[77.54439,10.19261],[77.55123,10.19192],[77.5463,10.19882],[77.54812,10.20409],[77.54974,10.20001],[77.5556,10.20217],[77.56675,10.19546],[77.56968,10.18136],[77.58898,10.19685],[77.59182,10.1914],[77.59825,10.1944],[77.60294,10.20005],[77.59572,10.20588],[77.60374,10.20602],[77.62214,10.21884],[77.63198,10.20639],[77.6452,10.20456],[77.66344,10.18911],[77.68142,10.20157],[77.69545,10.1986]]]}},{"type":"Feature","properties":{"ac_no":200,"name":"Bodinayakanur","district":"Theni","pc":"Theni"},"geometry":{"type":"Polygon","coordinates":[[[77.46484,10.12927],[77.46972,10.13028],[77.47468,10.12285],[77.47887,10.12737],[77.49084,10.12096],[77.49758,10.11332],[77.50052,10.10053],[77.48562,10.08589],[77.48039,10.08736],[77.47963,10.06827],[77.46711,10.06011],[77.45472,10.05942],[77.45899,10.07793],[77.45575,10.0808],[77.42064,10.09346],[77.42094,10.05864],[77.43173,10.04164],[77.45018,10.03259],[77.44778,10.02776],[77.48604,9.99613],[77.51263,9.99324],[77.51316,9.96074],[77.50951,9.94884],[77.50953,9.93092],[77.51382,9.92186],[77.51199,9.90242],[77.49976,9.88991],[77.49586,9.86813],[77.48477,9.85458],[77.46974,9.88069],[77.45281,9.87918],[77.45283,9.87619],[77.43178,9.87976],[77.43083,9.88308],[77.42418,9.88056],[77.42443,9.8847],[77.41696,9.88711],[77.41162,9.86133],[77.40313,9.86538],[77.40228,9.86226],[77.39532,9.87039],[77.38086,9.85303],[77.36773,9.85393],[77.36887,9.84608],[77.35288,9.83124],[77.34798,9.84007],[77.33203,9.84255],[77.32986,9.84731],[77.32984,9.87516],[77.34138,9.87637],[77.34406,9.88361],[77.33885,9.89113],[77.32303,9.8977],[77.31907,9.90802],[77.30543,9.91384],[77.29984,9.92316],[77.2676,9.93537],[77.26098,9.95256],[77.27278,9.965],[77.27242,9.97644],[77.26449,9.98702],[77.26678,9.99001],[77.26086,9.99188],[77.26519,10.00282],[77.25345,10.01288],[77.26188,10.02194],[77.26196,10.03073],[77.23147,10.06653],[77.20487,10.08699],[77.20129,10.10648],[77.20719,10.11814],[77.21653,10.11547],[77.23013,10.12085],[77.23917,10.13016],[77.26652,10.12184],[77.28298,10.11787],[77.28408,10.12547],[77.28947,10.12505],[77.30242,10.13609],[77.31295,10.13548],[77.32366,10.12766],[77.32923,10.14278],[77.34141,10.13612],[77.36063,10.15119],[77.37202,10.1394],[77.38462,10.14677],[77.39537,10.16289],[77.40868,10.15854],[77.41136,10.14511],[77.42752,10.13618],[77.43812,10.13251],[77.45206,10.13615],[77.46484,10.12927]]]}},{"type":"Feature","properties":{"ac_no":201,"name":"Cumbum","district":"Theni","pc":"Theni"},"geometry":{"type":"Polygon","coordinates":[[[77.26098,9.95256],[77.2676,9.93537],[77.29984,9.92316],[77.30543,9.91384],[77.31907,9.90802],[77.32303,9.8977],[77.33885,9.89113],[77.34406,9.88361],[77.34138,9.87637],[77.32984,9.87516],[77.32986,9.84731],[77.33203,9.84255],[77.34798,9.84007],[77.35288,9.83124],[77.3432,9.80965],[77.35662,9.82122],[77.35872,9.8029],[77.35477,9.79366],[77.36114,9.78894],[77.36848,9.79403],[77.36946,9.78794],[77.36487,9.75452],[77.35747,9.75103],[77.35601,9.74178],[77.36784,9.72728],[77.36237,9.72583],[77.35795,9.70699],[77.34327,9.71024],[77.34218,9.72568],[77.32861,9.72349],[77.32443,9.73186],[77.31722,9.73182],[77.30841,9.72108],[77.29952,9.7211],[77.29753,9.71442],[77.29068,9.71352],[77.2499,9.72223],[77.24661,9.73314],[77.22263,9.73558],[77.22033,9.74514],[77.23253,9.76949],[77.22513,9.77621],[77.22296,9.78843],[77.23449,9.78985],[77.24056,9.79761],[77.24679,9.79863],[77.24689,9.80865],[77.2414,9.81676],[77.23274,9.81786],[77.233,9.82219],[77.222,9.82329],[77.22782,9.83916],[77.22322,9.84558],[77.23749,9.85193],[77.23653,9.86072],[77.22079,9.8645],[77.21249,9.87834],[77.2211,9.88511],[77.21883,9.90473],[77.23056,9.91368],[77.23743,9.93775],[77.24843,9.94806],[77.24684,9.95263],[77.26098,9.95256]]]}},{"type":"Feature","properties":{"ac_no":202,"name":"Rajapalayam","district":"Virudhunagar","pc":"Tenkasi (Sc)"},"geometry":{"type":"Polygon","coordinates":[[[77.41139,9.50749],[77.45672,9.50934],[77.46261,9.51605],[77.46503,9.51122],[77.47097,9.51452],[77.48068,9.51234],[77.48277,9.50751],[77.49286,9.50413],[77.49589,9.51024],[77.50512,9.5115],[77.51565,9.50888],[77.52227,9.51254],[77.52772,9.50733],[77.5307,9.50826],[77.52772,9.5144],[77.53047,9.5136],[77.53595,9.4989],[77.54691,9.49802],[77.55406,9.48462],[77.56325,9.48915],[77.56873,9.48514],[77.57543,9.48818],[77.60794,9.47545],[77.60658,9.46679],[77.61535,9.45073],[77.5969,9.45063],[77.5954,9.43249],[77.57841,9.43052],[77.57844,9.42158],[77.5705,9.4279],[77.56713,9.42119],[77.55416,9.41698],[77.56467,9.40541],[77.56486,9.39807],[77.56911,9.39769],[77.56426,9.3921],[77.5492,9.39924],[77.55043,9.37128],[77.52984,9.3754],[77.52869,9.36084],[77.51923,9.35873],[77.5274,9.34931],[77.52219,9.33531],[77.50021,9.33304],[77.49587,9.33853],[77.47443,9.34112],[77.47143,9.32866],[77.46466,9.32911],[77.45929,9.33652],[77.46297,9.34579],[77.46799,9.34669],[77.44132,9.35424],[77.44335,9.3625],[77.43684,9.36225],[77.43848,9.36797],[77.44663,9.36598],[77.45036,9.37018],[77.43402,9.39096],[77.41891,9.39917],[77.40605,9.3935],[77.39715,9.39618],[77.38887,9.39235],[77.379,9.40173],[77.33916,9.42019],[77.34508,9.42613],[77.34851,9.44018],[77.36425,9.45917],[77.37716,9.45281],[77.39235,9.45922],[77.3912,9.4685],[77.40194,9.47846],[77.39837,9.48167],[77.39857,9.49539],[77.41139,9.50749]]]}},{"type":"Feature","properties":{"ac_no":203,"name":"Srivilliputhur (SC)","district":"Virudhunagar","pc":"Tenkasi (Sc)"},"geometry":{"type":"Polygon","coordinates":[[[77.71005,9.70529],[77.72609,9.69271],[77.73391,9.69292],[77.75525,9.68161],[77.7606,9.68305],[77.76947,9.66537],[77.76424,9.6605],[77.77416,9.64132],[77.78958,9.63933],[77.775,9.63381],[77.77434,9.63983],[77.77245,9.63663],[77.7703,9.60415],[77.77844,9.59244],[77.77957,9.58315],[77.77229,9.5827],[77.76588,9.5899],[77.76538,9.58673],[77.7592,9.5963],[77.7556,9.59173],[77.74502,9.5985],[77.73144,9.58323],[77.737,9.5652],[77.74474,9.55532],[77.73867,9.55799],[77.7315,9.54529],[77.72988,9.55549],[77.72594,9.55545],[77.72308,9.53022],[77.72637,9.49676],[77.72414,9.4905],[77.71979,9.49155],[77.7181,9.48162],[77.69859,9.47759],[77.69563,9.46551],[77.70205,9.46543],[77.70138,9.458],[77.68632,9.45046],[77.67276,9.43409],[77.66652,9.41624],[77.64805,9.41735],[77.64465,9.42429],[77.63544,9.42887],[77.62415,9.42552],[77.60353,9.43199],[77.5967,9.42757],[77.5954,9.43249],[77.5969,9.45063],[77.61535,9.45073],[77.60658,9.46679],[77.60794,9.47545],[77.57543,9.48818],[77.56873,9.48514],[77.56325,9.48915],[77.55406,9.48462],[77.54691,9.49802],[77.53595,9.4989],[77.53047,9.5136],[77.52772,9.5144],[77.5307,9.50826],[77.52772,9.50733],[77.52227,9.51254],[77.51565,9.50888],[77.50512,9.5115],[77.49589,9.51024],[77.49286,9.50413],[77.48277,9.50751],[77.48068,9.51234],[77.47097,9.51452],[77.46503,9.51122],[77.46261,9.51605],[77.45672,9.50934],[77.41139,9.50749],[77.40864,9.51463],[77.4003,9.51789],[77.40244,9.52518],[77.42834,9.54687],[77.45476,9.54145],[77.47295,9.54864],[77.47756,9.55283],[77.47544,9.56303],[77.49843,9.57573],[77.50025,9.59704],[77.514,9.61085],[77.51924,9.63637],[77.53716,9.66003],[77.54742,9.65893],[77.54332,9.64522],[77.55125,9.64447],[77.5625,9.65968],[77.57487,9.66475],[77.57606,9.66912],[77.58566,9.66696],[77.59022,9.67911],[77.60176,9.6865],[77.60085,9.69119],[77.60575,9.69562],[77.61625,9.69578],[77.62298,9.7023],[77.62924,9.70474],[77.63183,9.70101],[77.64243,9.70641],[77.64696,9.70107],[77.64513,9.69783],[77.64912,9.6988],[77.6509,9.68289],[77.6683,9.67742],[77.67763,9.68256],[77.68116,9.67652],[77.69403,9.69265],[77.69359,9.69745],[77.69888,9.69902],[77.69979,9.69211],[77.70772,9.69098],[77.71005,9.70529]]]}},{"type":"Feature","properties":{"ac_no":204,"name":"Sattur","district":"Virudhunagar","pc":"Virudhunagar"},"geometry":{"type":"Polygon","coordinates":[[[77.70138,9.458],[77.70826,9.43427],[77.6989,9.43097],[77.70064,9.41264],[77.70788,9.39505],[77.70044,9.38543],[77.70324,9.38301],[77.71403,9.38238],[77.7158,9.3894],[77.73252,9.4049],[77.7721,9.39713],[77.77674,9.4149],[77.78516,9.42389],[77.7967,9.41784],[77.81874,9.41665],[77.82739,9.43984],[77.84189,9.44141],[77.85189,9.43663],[77.86433,9.4327],[77.86213,9.43017],[77.88423,9.4275],[77.88621,9.4211],[77.89547,9.41908],[77.90758,9.40298],[77.91208,9.37496],[77.92405,9.37771],[77.92468,9.39373],[77.9547,9.38847],[77.95002,9.3805],[77.95646,9.37958],[77.95616,9.36283],[77.97199,9.35157],[77.97568,9.33942],[77.96605,9.3399],[77.97021,9.33617],[77.96381,9.31484],[77.9445,9.31439],[77.93664,9.30506],[77.91922,9.31028],[77.91505,9.29911],[77.9088,9.29521],[77.87969,9.29],[77.88045,9.2764],[77.85915,9.27676],[77.857,9.27045],[77.84538,9.27488],[77.84315,9.28035],[77.83243,9.28034],[77.83488,9.27032],[77.85158,9.26399],[77.84839,9.26023],[77.85541,9.24589],[77.84726,9.24439],[77.80754,9.24529],[77.80667,9.25178],[77.79625,9.25638],[77.79621,9.27319],[77.77344,9.27644],[77.77331,9.26983],[77.79,9.25785],[77.78147,9.23916],[77.77025,9.23593],[77.76929,9.24201],[77.76112,9.24878],[77.75886,9.26686],[77.74136,9.26497],[77.73938,9.2809],[77.72274,9.28015],[77.71193,9.28732],[77.71173,9.29166],[77.65568,9.2836],[77.64219,9.29201],[77.62451,9.29279],[77.61347,9.3009],[77.60325,9.30082],[77.60424,9.3067],[77.58593,9.30968],[77.59134,9.3177],[77.58961,9.34768],[77.57264,9.34321],[77.57433,9.35393],[77.56025,9.3535],[77.55004,9.36402],[77.55442,9.3702],[77.55043,9.37128],[77.5492,9.39924],[77.56426,9.3921],[77.56911,9.39769],[77.56486,9.39807],[77.56467,9.40541],[77.55416,9.41698],[77.56713,9.42119],[77.5705,9.4279],[77.57844,9.42158],[77.57841,9.43052],[77.5954,9.43249],[77.5967,9.42757],[77.60353,9.43199],[77.62415,9.42552],[77.63544,9.42887],[77.64465,9.42429],[77.64805,9.41735],[77.66652,9.41624],[77.67276,9.43409],[77.68632,9.45046],[77.70138,9.458]]]}},{"type":"Feature","properties":{"ac_no":205,"name":"Sivakasi","district":"Virudhunagar","pc":"Virudhunagar"},"geometry":{"type":"Polygon","coordinates":[[[77.72308,9.53022],[77.73546,9.52643],[77.74228,9.53235],[77.7847,9.53264],[77.79357,9.52239],[77.79646,9.52545],[77.80489,9.51592],[77.80975,9.51581],[77.80886,9.51199],[77.82277,9.51068],[77.81443,9.48327],[77.82987,9.47338],[77.83722,9.472],[77.8397,9.48055],[77.85416,9.47293],[77.84938,9.4595],[77.85189,9.43663],[77.84189,9.44141],[77.82739,9.43984],[77.81874,9.41665],[77.7967,9.41784],[77.78516,9.42389],[77.77674,9.4149],[77.7721,9.39713],[77.73252,9.4049],[77.7158,9.3894],[77.71403,9.38238],[77.70324,9.38301],[77.70044,9.38543],[77.70788,9.39505],[77.70064,9.41264],[77.6989,9.43097],[77.70826,9.43427],[77.70138,9.458],[77.70205,9.46543],[77.69563,9.46551],[77.69859,9.47759],[77.7181,9.48162],[77.71979,9.49155],[77.72414,9.4905],[77.72637,9.49676],[77.72308,9.53022]]]}},{"type":"Feature","properties":{"ac_no":206,"name":"Virudhunagar","district":"Virudhunagar","pc":"Virudhunagar"},"geometry":{"type":"Polygon","coordinates":[[[77.78958,9.63933],[77.79455,9.64886],[77.80603,9.64162],[77.84233,9.63565],[77.84541,9.6507],[77.86146,9.64892],[77.88936,9.64192],[77.89147,9.63075],[77.90042,9.62554],[77.91052,9.63784],[77.92074,9.63815],[77.9227,9.64748],[77.93289,9.64977],[77.96205,9.64619],[77.96388,9.63404],[77.97275,9.62985],[77.98538,9.63493],[77.99064,9.64194],[77.99539,9.64098],[78.00074,9.64989],[78.00577,9.64762],[78.00412,9.64203],[78.01041,9.63953],[78.007,9.61986],[77.99467,9.61855],[77.98285,9.60331],[77.98191,9.59514],[77.98181,9.57416],[77.97543,9.57513],[77.97466,9.57058],[77.96943,9.57427],[77.9637,9.54832],[77.95392,9.54883],[77.94517,9.54154],[77.94352,9.52481],[77.9656,9.51978],[77.9652,9.51161],[77.95776,9.50628],[77.95969,9.49194],[77.95145,9.48676],[77.95118,9.47026],[77.94548,9.46995],[77.93806,9.46185],[77.92851,9.46351],[77.92403,9.45438],[77.91545,9.45644],[77.91522,9.44944],[77.89085,9.43899],[77.88423,9.4275],[77.86213,9.43017],[77.86433,9.4327],[77.85189,9.43663],[77.84938,9.4595],[77.85416,9.47293],[77.8397,9.48055],[77.83722,9.472],[77.82987,9.47338],[77.81443,9.48327],[77.82277,9.51068],[77.80886,9.51199],[77.80975,9.51581],[77.80489,9.51592],[77.79646,9.52545],[77.79357,9.52239],[77.7847,9.53264],[77.74228,9.53235],[77.73546,9.52643],[77.72308,9.53022],[77.72594,9.55545],[77.72988,9.55549],[77.7315,9.54529],[77.73867,9.55799],[77.74474,9.55532],[77.737,9.5652],[77.73144,9.58323],[77.74502,9.5985],[77.7556,9.59173],[77.7592,9.5963],[77.76538,9.58673],[77.76588,9.5899],[77.77229,9.5827],[77.77957,9.58315],[77.77844,9.59244],[77.7703,9.60415],[77.77245,9.63663],[77.77434,9.63983],[77.775,9.63381],[77.78958,9.63933]]]}},{"type":"Feature","properties":{"ac_no":207,"name":"Aruppukkottai","district":"Virudhunagar","pc":"Virudhunagar"},"geometry":{"type":"Polygon","coordinates":[[[77.98191,9.59514],[78.01064,9.59155],[78.00321,9.56157],[78.05041,9.55174],[78.06656,9.55223],[78.08275,9.57981],[78.10168,9.57786],[78.10582,9.58262],[78.11986,9.58421],[78.13853,9.57547],[78.14298,9.55099],[78.14103,9.52971],[78.16555,9.52685],[78.18077,9.53315],[78.18288,9.5267],[78.16645,9.51855],[78.16133,9.52038],[78.16021,9.50861],[78.14229,9.51027],[78.14648,9.4929],[78.12305,9.46081],[78.13195,9.44949],[78.13518,9.42676],[78.16851,9.42447],[78.17098,9.41026],[78.15862,9.38687],[78.16044,9.37085],[78.16859,9.36895],[78.15393,9.37095],[78.14846,9.37283],[78.1329,9.36531],[78.07996,9.35818],[78.07231,9.36329],[78.05343,9.36086],[78.04998,9.34515],[78.04472,9.34538],[78.0416,9.33729],[78.03297,9.33347],[78.03556,9.32359],[78.04819,9.31332],[78.04896,9.30606],[78.00938,9.30782],[78.00845,9.27418],[77.98767,9.26872],[77.98391,9.25297],[77.95675,9.24867],[77.95604,9.2307],[77.94777,9.23082],[77.94499,9.22033],[77.93206,9.22308],[77.91979,9.20285],[77.90918,9.20033],[77.87811,9.20817],[77.87481,9.22646],[77.88638,9.2328],[77.88104,9.2343],[77.88016,9.24529],[77.85541,9.24589],[77.84839,9.26023],[77.85158,9.26399],[77.83488,9.27032],[77.83243,9.28034],[77.84315,9.28035],[77.84538,9.27488],[77.857,9.27045],[77.85915,9.27676],[77.88045,9.2764],[77.87969,9.29],[77.9088,9.29521],[77.91505,9.29911],[77.91922,9.31028],[77.93664,9.30506],[77.9445,9.31439],[77.96381,9.31484],[77.97021,9.33617],[77.96605,9.3399],[77.97568,9.33942],[77.97199,9.35157],[77.95616,9.36283],[77.95646,9.37958],[77.95002,9.3805],[77.9547,9.38847],[77.92468,9.39373],[77.92405,9.37771],[77.91208,9.37496],[77.90758,9.40298],[77.89547,9.41908],[77.88621,9.4211],[77.88423,9.4275],[77.89085,9.43899],[77.91522,9.44944],[77.91545,9.45644],[77.92403,9.45438],[77.92851,9.46351],[77.93806,9.46185],[77.94548,9.46995],[77.95118,9.47026],[77.95145,9.48676],[77.95969,9.49194],[77.95776,9.50628],[77.9652,9.51161],[77.9656,9.51978],[77.94352,9.52481],[77.94517,9.54154],[77.95392,9.54883],[77.9637,9.54832],[77.96943,9.57427],[77.97466,9.57058],[77.97543,9.57513],[77.98181,9.57416],[77.98191,9.59514]]]}},{"type":"Feature","properties":{"ac_no":208,"name":"Tiruchuli","district":"Virudhunagar","pc":"Ramanathapuram"},"geometry":{"type":"Polygon","coordinates":[[[78.08371,9.75804],[78.10097,9.75497],[78.10393,9.76497],[78.10413,9.76851],[78.08834,9.77611],[78.08811,9.7801],[78.09731,9.77912],[78.10712,9.78599],[78.12567,9.77118],[78.12504,9.76622],[78.13696,9.76195],[78.13923,9.78016],[78.1443,9.78356],[78.14952,9.78162],[78.14881,9.7753],[78.15591,9.76574],[78.16488,9.76469],[78.1637,9.75387],[78.17057,9.74857],[78.19664,9.76793],[78.20435,9.76389],[78.2105,9.78258],[78.23902,9.75737],[78.26016,9.76158],[78.27363,9.75362],[78.29595,9.76209],[78.29998,9.75471],[78.28767,9.71999],[78.29436,9.71175],[78.33782,9.70389],[78.32668,9.6969],[78.34146,9.68358],[78.34276,9.67437],[78.33436,9.66916],[78.3377,9.66426],[78.34504,9.66021],[78.35038,9.66607],[78.35661,9.65829],[78.37432,9.65906],[78.39189,9.65068],[78.3883,9.63256],[78.41442,9.61944],[78.41736,9.59752],[78.41144,9.58884],[78.39936,9.59508],[78.39915,9.5826],[78.36736,9.57312],[78.37561,9.56787],[78.37721,9.53887],[78.38657,9.53712],[78.38305,9.51763],[78.34763,9.51638],[78.33158,9.52522],[78.32583,9.51971],[78.3253,9.51401],[78.34231,9.49977],[78.32825,9.49541],[78.32978,9.47306],[78.34676,9.47139],[78.35181,9.46107],[78.34705,9.46032],[78.33928,9.46863],[78.33113,9.46925],[78.33022,9.46304],[78.31075,9.46817],[78.30845,9.46063],[78.2991,9.46161],[78.29821,9.45493],[78.3053,9.44763],[78.3011,9.44207],[78.27182,9.4486],[78.21784,9.44756],[78.21416,9.43369],[78.22057,9.4309],[78.22236,9.41086],[78.24265,9.40725],[78.24324,9.3813],[78.25529,9.37378],[78.26273,9.38599],[78.27864,9.38512],[78.28009,9.38976],[78.29587,9.38888],[78.29485,9.3818],[78.29634,9.38644],[78.3041,9.38435],[78.30385,9.37696],[78.30806,9.37492],[78.30097,9.36727],[78.30808,9.36488],[78.30548,9.35023],[78.31021,9.34524],[78.2951,9.34261],[78.29383,9.33196],[78.30109,9.32405],[78.30471,9.32361],[78.31132,9.33513],[78.32431,9.33202],[78.33301,9.35416],[78.3529,9.35264],[78.35528,9.35801],[78.3627,9.34887],[78.36487,9.33746],[78.3533,9.30842],[78.346,9.30914],[78.34667,9.2977],[78.32861,9.27522],[78.31664,9.28227],[78.28082,9.28431],[78.28037,9.28988],[78.27088,9.29276],[78.24354,9.29709],[78.23367,9.29491],[78.21619,9.30059],[78.2089,9.32792],[78.18905,9.33181],[78.17089,9.34259],[78.16582,9.35818],[78.16859,9.36895],[78.16044,9.37085],[78.15862,9.38687],[78.17098,9.41026],[78.16851,9.42447],[78.13518,9.42676],[78.13195,9.44949],[78.12305,9.46081],[78.14648,9.4929],[78.14229,9.51027],[78.16021,9.50861],[78.16133,9.52038],[78.16645,9.51855],[78.18288,9.5267],[78.18077,9.53315],[78.16555,9.52685],[78.14103,9.52971],[78.14298,9.55099],[78.13853,9.57547],[78.11986,9.58421],[78.10582,9.58262],[78.10168,9.57786],[78.08275,9.57981],[78.06656,9.55223],[78.05041,9.55174],[78.00321,9.56157],[78.01064,9.59155],[77.98191,9.59514],[77.98285,9.60331],[77.99467,9.61855],[78.007,9.61986],[78.01041,9.63953],[78.01434,9.6386],[78.02508,9.66041],[78.03049,9.65928],[78.03884,9.6781],[78.06113,9.67081],[78.05899,9.66118],[78.07705,9.65953],[78.0819,9.66317],[78.07948,9.67406],[78.08538,9.67491],[78.08777,9.68267],[78.08276,9.68745],[78.08517,9.69147],[78.07692,9.69577],[78.07991,9.70781],[78.0683,9.72368],[78.07163,9.73524],[78.06173,9.7413],[78.06771,9.75335],[78.07887,9.74826],[78.08371,9.75804]]]}},{"type":"Feature","properties":{"ac_no":209,"name":"Paramakudi (SC)","district":"Ramanathapuram","pc":"Ramanathapuram"},"geometry":{"type":"Polygon","coordinates":[[[78.41736,9.59752],[78.42372,9.59629],[78.44069,9.61834],[78.44961,9.62033],[78.45677,9.61635],[78.46304,9.62306],[78.46447,9.6173],[78.47539,9.61256],[78.50177,9.61022],[78.49888,9.59823],[78.51533,9.58301],[78.52646,9.58051],[78.54157,9.58386],[78.55044,9.57744],[78.56258,9.57596],[78.5963,9.55573],[78.60729,9.55328],[78.61608,9.53744],[78.66039,9.52016],[78.65255,9.54486],[78.68028,9.56186],[78.68259,9.57595],[78.67736,9.59978],[78.71571,9.59707],[78.72673,9.58898],[78.74448,9.58501],[78.74404,9.5784],[78.81893,9.59509],[78.82001,9.59107],[78.80504,9.57898],[78.81381,9.57527],[78.82529,9.58006],[78.83019,9.57579],[78.82653,9.57229],[78.82887,9.56509],[78.8454,9.54772],[78.84429,9.53063],[78.85339,9.53486],[78.85343,9.51812],[78.84504,9.51912],[78.82873,9.49249],[78.82736,9.48358],[78.84471,9.47818],[78.84681,9.47338],[78.83965,9.45063],[78.81873,9.45381],[78.81572,9.43915],[78.82121,9.437],[78.81973,9.4297],[78.79507,9.43905],[78.78797,9.42889],[78.7752,9.42951],[78.7722,9.41871],[78.77685,9.41633],[78.76232,9.39927],[78.76677,9.39289],[78.75751,9.37768],[78.75242,9.37793],[78.74313,9.3668],[78.72785,9.3634],[78.72303,9.35818],[78.71916,9.35928],[78.71872,9.36521],[78.71161,9.36708],[78.71205,9.35184],[78.6838,9.34039],[78.67409,9.35316],[78.66579,9.37666],[78.65537,9.38238],[78.65211,9.39327],[78.65787,9.41983],[78.6643,9.42256],[78.66508,9.44033],[78.65644,9.42865],[78.63534,9.43453],[78.63521,9.44581],[78.62939,9.45509],[78.62351,9.45771],[78.62178,9.45176],[78.61446,9.45169],[78.59616,9.46915],[78.5884,9.46554],[78.58731,9.45139],[78.57469,9.44798],[78.56108,9.46067],[78.55215,9.45581],[78.55091,9.46111],[78.53576,9.46489],[78.53889,9.48277],[78.51847,9.48093],[78.51839,9.49537],[78.51465,9.49952],[78.50043,9.50134],[78.49057,9.49492],[78.46279,9.49005],[78.46271,9.49428],[78.45324,9.47001],[78.4559,9.46214],[78.44875,9.42868],[78.43148,9.42706],[78.3995,9.43541],[78.39921,9.43876],[78.37073,9.44677],[78.36282,9.45473],[78.36658,9.44563],[78.35835,9.44108],[78.364,9.44201],[78.36371,9.43234],[78.35345,9.43274],[78.34599,9.41778],[78.34594,9.42609],[78.31132,9.43284],[78.3011,9.44207],[78.3053,9.44763],[78.29821,9.45493],[78.2991,9.46161],[78.30845,9.46063],[78.31075,9.46817],[78.33022,9.46304],[78.33113,9.46925],[78.33928,9.46863],[78.34705,9.46032],[78.35181,9.46107],[78.34676,9.47139],[78.32978,9.47306],[78.32825,9.49541],[78.34231,9.49977],[78.3253,9.51401],[78.32583,9.51971],[78.33158,9.52522],[78.34763,9.51638],[78.38305,9.51763],[78.38657,9.53712],[78.37721,9.53887],[78.37561,9.56787],[78.36736,9.57312],[78.39915,9.5826],[78.39936,9.59508],[78.41144,9.58884],[78.41736,9.59752]]]}},{"type":"Feature","properties":{"ac_no":210,"name":"Tiruvadanai","district":"Ramanathapuram","pc":"Ramanathapuram"},"geometry":{"type":"Polygon","coordinates":[[[78.96695,9.93806],[78.98969,9.94717],[79.01547,9.90359],[79.02247,9.90342],[79.03105,9.89377],[79.04545,9.86087],[79.06062,9.85973],[79.06926,9.8516],[79.08877,9.85839],[79.09924,9.85731],[79.11346,9.8469],[79.08406,9.81803],[79.07869,9.80051],[79.06955,9.79312],[79.05897,9.77304],[79.03728,9.76289],[78.98026,9.68964],[78.97033,9.66509],[78.9709,9.65579],[78.96387,9.64064],[78.95927,9.64206],[78.96,9.6312],[78.93736,9.60805],[78.92681,9.58511],[78.91985,9.52537],[78.91327,9.50559],[78.91441,9.49301],[78.90436,9.49372],[78.8984,9.48958],[78.90044,9.46873],[78.92363,9.42636],[78.98204,9.36045],[78.96591,9.33857],[78.90577,9.36805],[78.88414,9.36323],[78.88056,9.35925],[78.88696,9.35311],[78.88727,9.34545],[78.87936,9.32779],[78.88178,9.32003],[78.86538,9.31958],[78.8296,9.33688],[78.83183,9.35808],[78.84236,9.35851],[78.84686,9.38052],[78.84457,9.38706],[78.83716,9.39027],[78.81596,9.37952],[78.81023,9.38536],[78.806,9.38415],[78.8076,9.36465],[78.8111,9.36345],[78.80183,9.3582],[78.80002,9.35045],[78.77366,9.33544],[78.77339,9.33181],[78.76279,9.33464],[78.74623,9.32595],[78.73639,9.3309],[78.73387,9.32793],[78.72248,9.33614],[78.72261,9.34031],[78.71648,9.33758],[78.70785,9.34495],[78.71205,9.35184],[78.71161,9.36708],[78.71872,9.36521],[78.71916,9.35928],[78.72303,9.35818],[78.72785,9.3634],[78.74313,9.3668],[78.75242,9.37793],[78.75751,9.37768],[78.76677,9.39289],[78.76232,9.39927],[78.77685,9.41633],[78.7722,9.41871],[78.7752,9.42951],[78.78797,9.42889],[78.79507,9.43905],[78.81973,9.4297],[78.82121,9.437],[78.81572,9.43915],[78.81873,9.45381],[78.83965,9.45063],[78.84681,9.47338],[78.84471,9.47818],[78.82736,9.48358],[78.82873,9.49249],[78.84504,9.51912],[78.85343,9.51812],[78.85339,9.53486],[78.84429,9.53063],[78.8454,9.54772],[78.82887,9.56509],[78.82653,9.57229],[78.83019,9.57579],[78.82529,9.58006],[78.81381,9.57527],[78.80504,9.57898],[78.82001,9.59107],[78.81893,9.59509],[78.82162,9.61679],[78.79803,9.62106],[78.79357,9.62378],[78.79447,9.63203],[78.78708,9.63401],[78.79447,9.63624],[78.79433,9.6419],[78.78445,9.65272],[78.78742,9.66225],[78.79496,9.66548],[78.79471,9.67106],[78.78966,9.67212],[78.79505,9.67952],[78.78889,9.6811],[78.79719,9.68565],[78.79864,9.69669],[78.79338,9.69847],[78.79784,9.70283],[78.7834,9.70984],[78.78019,9.71896],[78.75113,9.71488],[78.74731,9.7372],[78.73841,9.75346],[78.76925,9.77875],[78.77182,9.77294],[78.77595,9.77416],[78.78129,9.80115],[78.79626,9.7837],[78.83807,9.7774],[78.81527,9.74153],[78.82851,9.72306],[78.83138,9.73249],[78.84752,9.74178],[78.85673,9.75593],[78.88754,9.7578],[78.89936,9.78514],[78.89845,9.79119],[78.88268,9.80057],[78.88306,9.81913],[78.87196,9.86278],[78.8763,9.87436],[78.88161,9.88294],[78.90303,9.88159],[78.90196,9.90158],[78.92262,9.92281],[78.95581,9.92263],[78.96695,9.93806]]]}},{"type":"Feature","properties":{"ac_no":211,"name":"Ramanathapuram","district":"Ramanathapuram","pc":"Ramanathapuram"},"geometry":{"type":"MultiPolygon","coordinates":[[[[78.82655,9.15905],[78.82447,9.15964],[78.82573,9.16005],[78.82655,9.15905]]],[[[78.82032,9.16054],[78.8223,9.16002],[78.8189,9.16026],[78.82032,9.16054]]],[[[78.81607,9.15988],[78.81481,9.16068],[78.81625,9.16035],[78.81607,9.15988]]],[[[78.82361,9.16623],[78.81666,9.16012],[78.81945,9.16569],[78.82361,9.16623]]],[[[78.82624,9.16648],[78.8239,9.1667],[78.8285,9.17374],[78.82624,9.16648]]],[[[78.96976,9.18235],[78.96901,9.18261],[78.96922,9.18395],[78.96976,9.18235]]],[[[78.96932,9.18612],[78.96743,9.18264],[78.96648,9.18673],[78.96932,9.18612]]],[[[78.91036,9.18612],[78.90999,9.18619],[78.91,9.18664],[78.91036,9.18612]]],[[[78.93781,9.18271],[78.93075,9.18144],[78.92022,9.18296],[78.90318,9.17838],[78.89719,9.17956],[78.90613,9.18511],[78.90847,9.18149],[78.92511,9.18477],[78.93278,9.1823],[78.94335,9.1873],[78.93781,9.18271]]],[[[79.07699,9.20112],[79.08318,9.20168],[79.09092,9.19482],[79.08624,9.19056],[79.06637,9.19944],[79.05665,9.19691],[79.06879,9.20947],[79.07699,9.20112]]],[[[79.14061,9.21243],[79.13879,9.21249],[79.14145,9.2134],[79.14061,9.21243]]],[[[79.12394,9.21364],[79.12328,9.21351],[79.1226,9.21383],[79.12394,9.21364]]],[[[79.1229,9.21524],[79.134,9.21514],[79.1294,9.21291],[79.1229,9.21524]]],[[[79.15506,9.2208],[79.16494,9.21405],[79.16455,9.20899],[79.15574,9.20899],[79.16419,9.21186],[79.15562,9.21776],[79.12372,9.21829],[79.12372,9.22116],[79.13212,9.21969],[79.1447,9.22492],[79.15506,9.2208]]],[[[79.14692,9.23013],[79.14423,9.2315],[79.14609,9.23459],[79.14692,9.23013]]],[[[79.14055,9.23404],[79.13758,9.23586],[79.1394,9.2383],[79.14055,9.23404]]],[[[79.16022,9.23589],[79.15862,9.23876],[79.16096,9.23828],[79.16022,9.23589]]],[[[79.14789,9.23599],[79.14377,9.2384],[79.146,9.24283],[79.15064,9.23997],[79.14789,9.23599]]],[[[79.23288,9.24873],[79.24032,9.24238],[79.23783,9.23557],[79.22894,9.24194],[79.23288,9.24873]]],[[[79.13776,9.25155],[79.13523,9.25362],[79.13735,9.25586],[79.13776,9.25155]]],[[[79.21141,9.25073],[79.22557,9.25007],[79.22142,9.24062],[79.20465,9.22602],[79.192,9.22385],[79.17493,9.23979],[79.17995,9.24911],[79.19141,9.257],[79.21141,9.25073]]],[[[79.32096,9.28529],[79.32057,9.28555],[79.32099,9.28685],[79.32096,9.28529]]],[[[78.84686,9.38052],[78.84236,9.35851],[78.83183,9.35808],[78.8296,9.33688],[78.86538,9.31958],[78.88178,9.32003],[78.87936,9.32779],[78.88727,9.34545],[78.88696,9.35311],[78.88056,9.35925],[78.88414,9.36323],[78.90577,9.36805],[78.96591,9.33857],[78.98204,9.36045],[79.02283,9.32619],[79.0665,9.298],[79.13047,9.2881],[79.14119,9.29186],[79.15995,9.28399],[79.20968,9.28286],[79.2209,9.29117],[79.26592,9.29247],[79.27913,9.31076],[79.29102,9.3195],[79.31153,9.32779],[79.32192,9.32453],[79.33048,9.31943],[79.33528,9.30924],[79.32648,9.29289],[79.3146,9.28369],[79.31617,9.27332],[79.32633,9.25882],[79.37397,9.21486],[79.42341,9.17713],[79.43284,9.16094],[79.41575,9.17653],[79.29987,9.24581],[79.2565,9.2589],[79.21684,9.25528],[79.21837,9.27009],[79.21471,9.26583],[79.20941,9.26902],[79.20575,9.27453],[79.20762,9.27096],[79.203,9.26768],[79.20429,9.27726],[79.20862,9.28169],[79.15288,9.27627],[79.14486,9.26854],[79.12705,9.27004],[79.08967,9.26016],[79.06427,9.2604],[78.99558,9.27339],[78.95415,9.27285],[78.92589,9.26712],[78.91803,9.26156],[78.91191,9.26366],[78.91619,9.25986],[78.90841,9.24978],[78.87578,9.25728],[78.86097,9.25554],[78.85226,9.24699],[78.83256,9.24571],[78.82209,9.23881],[78.72888,9.20963],[78.73369,9.23394],[78.71402,9.23026],[78.7157,9.24694],[78.71115,9.24811],[78.71133,9.25213],[78.69549,9.24954],[78.67053,9.26774],[78.66913,9.29645],[78.67711,9.29597],[78.67241,9.30657],[78.68265,9.31033],[78.68277,9.3246],[78.68584,9.32413],[78.68829,9.33246],[78.6838,9.34039],[78.71205,9.35184],[78.70785,9.34495],[78.71648,9.33758],[78.72261,9.34031],[78.72248,9.33614],[78.73387,9.32793],[78.73639,9.3309],[78.74623,9.32595],[78.76279,9.33464],[78.77339,9.33181],[78.77366,9.33544],[78.80002,9.35045],[78.80183,9.3582],[78.8111,9.36345],[78.8076,9.36465],[78.806,9.38415],[78.81023,9.38536],[78.81596,9.37952],[78.83716,9.39027],[78.84457,9.38706],[78.84686,9.38052]]]]}},{"type":"Feature","properties":{"ac_no":212,"name":"Mudhukulathur","district":"Ramanathapuram","pc":"Ramanathapuram"},"geometry":{"type":"MultiPolygon","coordinates":[[[[78.49409,9.08581],[78.48656,9.08859],[78.49021,9.09432],[78.49637,9.09094],[78.49409,9.08581]]],[[[78.53686,9.10202],[78.53494,9.10265],[78.53888,9.10618],[78.53686,9.10202]]],[[[78.5816,9.11103],[78.58613,9.11175],[78.58837,9.10708],[78.57912,9.09988],[78.57063,9.10146],[78.57929,9.11289],[78.5816,9.11103]]],[[[78.75493,9.15418],[78.75418,9.15335],[78.75276,9.15342],[78.75493,9.15418]]],[[[78.73192,9.1545],[78.73091,9.15223],[78.72788,9.15299],[78.73192,9.1545]]],[[[78.69568,9.15078],[78.69368,9.15268],[78.6962,9.15587],[78.69568,9.15078]]],[[[78.75244,9.15575],[78.75093,9.15683],[78.75209,9.15716],[78.75244,9.15575]]],[[[78.69833,9.15807],[78.69787,9.15843],[78.69874,9.15871],[78.69833,9.15807]]],[[[78.7041,9.18411],[78.70184,9.18608],[78.70351,9.18508],[78.7041,9.18411]]],[[[78.51465,9.49952],[78.51839,9.49537],[78.51847,9.48093],[78.53889,9.48277],[78.53576,9.46489],[78.55091,9.46111],[78.55215,9.45581],[78.56108,9.46067],[78.57469,9.44798],[78.58731,9.45139],[78.5884,9.46554],[78.59616,9.46915],[78.61446,9.45169],[78.62178,9.45176],[78.62351,9.45771],[78.62939,9.45509],[78.63521,9.44581],[78.63534,9.43453],[78.65644,9.42865],[78.66508,9.44033],[78.6643,9.42256],[78.65787,9.41983],[78.65211,9.39327],[78.65537,9.38238],[78.66579,9.37666],[78.67409,9.35316],[78.6838,9.34039],[78.68829,9.33246],[78.68584,9.32413],[78.68277,9.3246],[78.68265,9.31033],[78.67241,9.30657],[78.67711,9.29597],[78.66913,9.29645],[78.67053,9.26774],[78.69549,9.24954],[78.71133,9.25213],[78.71115,9.24811],[78.7157,9.24694],[78.71402,9.23026],[78.73369,9.23394],[78.72888,9.20963],[78.71719,9.20055],[78.71945,9.19199],[78.71655,9.18909],[78.67871,9.19574],[78.65799,9.19067],[78.64721,9.18428],[78.64247,9.17292],[78.65001,9.16127],[78.65741,9.15773],[78.60614,9.14778],[78.57847,9.13044],[78.536,9.13765],[78.45543,9.12504],[78.41514,9.11412],[78.38528,9.09427],[78.38337,9.09821],[78.36529,9.10308],[78.35702,9.09873],[78.35624,9.11803],[78.31612,9.13287],[78.29514,9.13433],[78.27373,9.14169],[78.29073,9.17787],[78.29594,9.20496],[78.26929,9.2023],[78.27199,9.25631],[78.28082,9.28431],[78.31664,9.28227],[78.32861,9.27522],[78.34667,9.2977],[78.346,9.30914],[78.3533,9.30842],[78.36487,9.33746],[78.3627,9.34887],[78.35528,9.35801],[78.3529,9.35264],[78.33301,9.35416],[78.32431,9.33202],[78.31132,9.33513],[78.30471,9.32361],[78.30109,9.32405],[78.29383,9.33196],[78.2951,9.34261],[78.31021,9.34524],[78.30548,9.35023],[78.30808,9.36488],[78.30097,9.36727],[78.30806,9.37492],[78.30385,9.37696],[78.3041,9.38435],[78.29634,9.38644],[78.29485,9.3818],[78.29587,9.38888],[78.28009,9.38976],[78.27864,9.38512],[78.26273,9.38599],[78.25529,9.37378],[78.24324,9.3813],[78.24265,9.40725],[78.22236,9.41086],[78.22057,9.4309],[78.21416,9.43369],[78.21784,9.44756],[78.27182,9.4486],[78.3011,9.44207],[78.31132,9.43284],[78.34594,9.42609],[78.34599,9.41778],[78.35345,9.43274],[78.36371,9.43234],[78.364,9.44201],[78.35835,9.44108],[78.36658,9.44563],[78.36282,9.45473],[78.37073,9.44677],[78.39921,9.43876],[78.3995,9.43541],[78.43148,9.42706],[78.44875,9.42868],[78.4559,9.46214],[78.45324,9.47001],[78.46271,9.49428],[78.46279,9.49005],[78.49057,9.49492],[78.50043,9.50134],[78.51465,9.49952]]]]}},{"type":"Feature","properties":{"ac_no":213,"name":"Vilathikulam","district":"Thoothukkudi","pc":"Thoothukkudi"},"geometry":{"type":"MultiPolygon","coordinates":[[[[78.27254,8.94109],[78.27223,8.94112],[78.27239,8.94166],[78.27254,8.94109]]],[[[78.27071,8.94096],[78.26914,8.93676],[78.26685,8.93733],[78.27071,8.94096]]],[[[78.25065,8.95112],[78.25031,8.951],[78.25008,8.95142],[78.25065,8.95112]]],[[[78.25267,8.95627],[78.25482,8.94854],[78.25118,8.94977],[78.25267,8.95627]]],[[[78.15393,9.37095],[78.16859,9.36895],[78.16582,9.35818],[78.17089,9.34259],[78.18905,9.33181],[78.2089,9.32792],[78.21619,9.30059],[78.23367,9.29491],[78.24354,9.29709],[78.27088,9.29276],[78.28037,9.28988],[78.28082,9.28431],[78.27199,9.25631],[78.26929,9.2023],[78.29594,9.20496],[78.29073,9.17787],[78.27373,9.14169],[78.29514,9.13433],[78.31612,9.13287],[78.35624,9.11803],[78.35702,9.09873],[78.36529,9.10308],[78.38337,9.09821],[78.38528,9.09427],[78.26639,8.99771],[78.24623,8.98851],[78.21997,8.96564],[78.21825,8.96839],[78.2192,8.9645],[78.19027,8.92843],[78.19332,8.92919],[78.18498,8.9104],[78.12947,8.93147],[78.11753,8.91942],[78.10864,8.93385],[78.10191,8.93369],[78.09515,8.93983],[78.08296,8.92156],[78.06094,8.91786],[78.05668,8.92908],[78.06742,8.93816],[78.06849,8.94896],[78.0438,8.95584],[78.02647,8.95361],[78.01985,8.9453],[78.00986,8.94324],[78.00916,8.93375],[77.99746,8.9323],[77.98648,8.93228],[77.98359,8.94309],[77.9622,8.93828],[77.9607,8.94522],[77.94763,8.95017],[77.94008,8.94154],[77.93945,8.93091],[77.93368,8.93525],[77.91699,8.93543],[77.91609,8.963],[77.85102,8.95199],[77.84859,8.96912],[77.85341,8.9698],[77.85355,8.97531],[77.90957,8.96869],[77.91173,8.97447],[77.90541,8.98098],[77.90892,8.98891],[77.92085,8.98675],[77.92013,8.99219],[77.93496,8.99342],[77.93206,9.00177],[77.936,9.01739],[77.94798,9.02214],[77.96071,9.01917],[77.96475,9.02029],[77.96344,9.02479],[77.97137,9.02356],[77.96764,9.02637],[77.97758,9.02774],[77.96945,9.03477],[77.97138,9.05549],[77.95649,9.05451],[77.95629,9.0641],[77.961,9.06998],[77.95262,9.08337],[77.94293,9.09059],[77.93236,9.08567],[77.92973,9.10502],[77.91624,9.11329],[77.92455,9.12967],[77.92229,9.1451],[77.91264,9.14603],[77.9094,9.18062],[77.91242,9.17611],[77.92121,9.18041],[77.92275,9.17364],[77.93616,9.16615],[77.95355,9.17798],[77.94655,9.19017],[77.92876,9.18767],[77.91979,9.20285],[77.93206,9.22308],[77.94499,9.22033],[77.94777,9.23082],[77.95604,9.2307],[77.95675,9.24867],[77.98391,9.25297],[77.98767,9.26872],[78.00845,9.27418],[78.00938,9.30782],[78.04896,9.30606],[78.04819,9.31332],[78.03556,9.32359],[78.03297,9.33347],[78.0416,9.33729],[78.04472,9.34538],[78.04998,9.34515],[78.05343,9.36086],[78.07231,9.36329],[78.07996,9.35818],[78.1329,9.36531],[78.14846,9.37283],[78.15393,9.37095]]]]}},{"type":"Feature","properties":{"ac_no":214,"name":"Thoothukkudi","district":"Thoothukkudi","pc":"Thoothukkudi"},"geometry":{"type":"MultiPolygon","coordinates":[[[[78.16546,8.79739],[78.16498,8.79801],[78.16549,8.79829],[78.16546,8.79739]]],[[[78.11066,8.81814],[78.12934,8.81255],[78.13064,8.81701],[78.14719,8.82253],[78.16097,8.83466],[78.16661,8.82611],[78.1682,8.81593],[78.16028,8.80302],[78.16314,8.79505],[78.16056,8.77473],[78.16429,8.77407],[78.16562,8.76382],[78.16991,8.77578],[78.16905,8.76325],[78.17297,8.77426],[78.17172,8.77056],[78.1765,8.77265],[78.17497,8.76799],[78.17831,8.77217],[78.18738,8.77065],[78.19138,8.76258],[78.19701,8.76267],[78.19797,8.76979],[78.19129,8.76723],[78.2015,8.7771],[78.19778,8.78678],[78.20046,8.79286],[78.20284,8.76371],[78.20178,8.75546],[78.19682,8.75717],[78.15991,8.71627],[78.13291,8.70813],[78.12634,8.70018],[78.11842,8.70165],[78.11114,8.69761],[78.09422,8.71269],[78.09721,8.72958],[78.11426,8.72282],[78.12131,8.72693],[78.12297,8.73358],[78.11624,8.75637],[78.12598,8.76079],[78.10507,8.76741],[78.10511,8.78068],[78.09076,8.78526],[78.08636,8.79743],[78.07007,8.81001],[78.08492,8.84305],[78.09248,8.83596],[78.09176,8.82679],[78.11066,8.81814]]]]}},{"type":"Feature","properties":{"ac_no":215,"name":"Tiruchendur","district":"Thoothukkudi","pc":"Thoothukkudi"},"geometry":{"type":"Polygon","coordinates":[[[78.13165,8.65737],[78.13063,8.65309],[78.13795,8.6534],[78.13498,8.61616],[78.1447,8.59802],[78.13062,8.54791],[78.14327,8.50167],[78.12583,8.4747],[78.09627,8.44914],[78.06367,8.41244],[78.05671,8.3846],[78.05843,8.37786],[78.06643,8.37379],[78.00658,8.35592],[78.00547,8.36916],[78.00123,8.37016],[78.00846,8.38034],[78.00434,8.39276],[77.99884,8.38707],[77.99415,8.39327],[77.98555,8.40908],[77.98662,8.41622],[77.97601,8.42226],[77.98549,8.43168],[77.98367,8.43525],[77.96296,8.4506],[77.9635,8.45556],[77.97491,8.46003],[77.9758,8.46458],[77.96717,8.4649],[77.97129,8.48864],[77.96463,8.50708],[77.97027,8.5069],[77.98395,8.48924],[77.98701,8.49114],[77.97044,8.52118],[77.97117,8.53194],[77.95239,8.54071],[77.95497,8.54992],[77.96266,8.54958],[77.96615,8.57339],[77.97326,8.57528],[77.96741,8.57524],[77.97191,8.58422],[77.96936,8.59283],[77.9781,8.59293],[77.9751,8.60288],[77.97867,8.60222],[77.99064,8.61559],[78.04063,8.62132],[78.05887,8.61959],[78.07891,8.62734],[78.0864,8.63591],[78.103,8.6357],[78.10388,8.6479],[78.11642,8.64685],[78.13165,8.65737]]]}},{"type":"Feature","properties":{"ac_no":216,"name":"Srivaikuntam","district":"Thoothukkudi","pc":"Thoothukkudi"},"geometry":{"type":"Polygon","coordinates":[[[78.15991,8.71627],[78.15179,8.69716],[78.13853,8.68018],[78.13795,8.6534],[78.13063,8.65309],[78.13165,8.65737],[78.11642,8.64685],[78.10388,8.6479],[78.103,8.6357],[78.0864,8.63591],[78.07891,8.62734],[78.05887,8.61959],[78.04063,8.62132],[77.99064,8.61559],[77.97867,8.60222],[77.9751,8.60288],[77.9781,8.59293],[77.96936,8.59283],[77.97191,8.58422],[77.96741,8.57524],[77.97326,8.57528],[77.96615,8.57339],[77.96266,8.54958],[77.95497,8.54992],[77.95239,8.54071],[77.97117,8.53194],[77.97044,8.52118],[77.98701,8.49114],[77.98395,8.48924],[77.97027,8.5069],[77.96463,8.50708],[77.97129,8.48864],[77.96717,8.4649],[77.9758,8.46458],[77.97491,8.46003],[77.9635,8.45556],[77.96296,8.4506],[77.98367,8.43525],[77.98549,8.43168],[77.97601,8.42226],[77.98662,8.41622],[77.98555,8.40908],[77.99415,8.39327],[77.99884,8.38707],[78.00434,8.39276],[78.00846,8.38034],[78.00123,8.37016],[78.00547,8.36916],[78.00658,8.35592],[77.97353,8.33747],[77.96892,8.34047],[77.96469,8.33553],[77.94886,8.33692],[77.91305,8.32355],[77.89126,8.32564],[77.88525,8.35025],[77.87346,8.35246],[77.86238,8.34208],[77.85778,8.34456],[77.86019,8.35771],[77.84788,8.35539],[77.84922,8.36418],[77.84209,8.365],[77.8553,8.37342],[77.85393,8.37612],[77.83781,8.3802],[77.83497,8.38344],[77.85788,8.38695],[77.85957,8.39263],[77.85972,8.40078],[77.85454,8.40285],[77.84926,8.42239],[77.83329,8.43252],[77.83963,8.45134],[77.83229,8.45583],[77.84166,8.47177],[77.83974,8.48481],[77.83049,8.48937],[77.82712,8.51462],[77.81426,8.52076],[77.81411,8.52974],[77.80773,8.53256],[77.80832,8.53679],[77.81774,8.53493],[77.8205,8.54209],[77.82033,8.55242],[77.81284,8.55385],[77.81521,8.56332],[77.81145,8.56463],[77.81229,8.57019],[77.80703,8.57168],[77.7957,8.56568],[77.80309,8.57654],[77.78078,8.58425],[77.78794,8.62431],[77.79498,8.61419],[77.80495,8.6148],[77.80589,8.62123],[77.81883,8.63286],[77.81888,8.65031],[77.80702,8.64729],[77.80541,8.65155],[77.81436,8.66381],[77.84427,8.66702],[77.84844,8.65844],[77.85319,8.66039],[77.85364,8.66696],[77.86569,8.66258],[77.86661,8.66839],[77.87275,8.66293],[77.87822,8.66719],[77.8923,8.66082],[77.89948,8.67372],[77.89936,8.68873],[77.89247,8.69488],[77.89464,8.6993],[77.94128,8.68786],[77.93978,8.67536],[77.94635,8.66905],[77.95268,8.67572],[77.9599,8.67154],[77.96294,8.68916],[77.96806,8.68809],[77.98041,8.67934],[77.97459,8.67635],[77.97366,8.65982],[77.991,8.66344],[77.9941,8.65906],[78.00408,8.66694],[77.9931,8.67394],[77.9916,8.69887],[77.99867,8.69901],[78.0122,8.68263],[78.02632,8.67415],[78.03105,8.68547],[78.04333,8.6881],[78.04422,8.69531],[78.05098,8.69856],[78.06015,8.71295],[78.06723,8.70432],[78.07669,8.70724],[78.08266,8.70368],[78.08876,8.71428],[78.09422,8.71269],[78.11114,8.69761],[78.11842,8.70165],[78.12634,8.70018],[78.13291,8.70813],[78.15991,8.71627]]]}},{"type":"Feature","properties":{"ac_no":217,"name":"Ottapidaram (SC)","district":"Thoothukkudi","pc":"Thoothukkudi"},"geometry":{"type":"MultiPolygon","coordinates":[[[[78.20925,8.83387],[78.20467,8.83206],[78.2039,8.83729],[78.20925,8.83387]]],[[[78.21335,8.83447],[78.2081,8.84013],[78.21258,8.83796],[78.21335,8.83447]]],[[[78.22569,8.87286],[78.22648,8.8664],[78.22074,8.87264],[78.22569,8.87286]]],[[[78.2231,8.88162],[78.21852,8.87991],[78.21775,8.88513],[78.2231,8.88162]]],[[[77.83735,8.97152],[77.83932,8.96226],[77.84859,8.96912],[77.85102,8.95199],[77.91609,8.963],[77.91699,8.93543],[77.93368,8.93525],[77.93945,8.93091],[77.94008,8.94154],[77.94763,8.95017],[77.9607,8.94522],[77.9622,8.93828],[77.98359,8.94309],[77.98648,8.93228],[77.99746,8.9323],[78.00916,8.93375],[78.00986,8.94324],[78.01985,8.9453],[78.02647,8.95361],[78.0438,8.95584],[78.06849,8.94896],[78.06742,8.93816],[78.05668,8.92908],[78.06094,8.91786],[78.08296,8.92156],[78.09515,8.93983],[78.10191,8.93369],[78.10864,8.93385],[78.11753,8.91942],[78.12947,8.93147],[78.18498,8.9104],[78.18234,8.89112],[78.17174,8.88286],[78.16697,8.84119],[78.17079,8.82998],[78.16661,8.82611],[78.16097,8.83466],[78.14719,8.82253],[78.13064,8.81701],[78.12934,8.81255],[78.11066,8.81814],[78.09176,8.82679],[78.09248,8.83596],[78.08492,8.84305],[78.07007,8.81001],[78.08636,8.79743],[78.09076,8.78526],[78.10511,8.78068],[78.10507,8.76741],[78.12598,8.76079],[78.11624,8.75637],[78.12297,8.73358],[78.12131,8.72693],[78.11426,8.72282],[78.09721,8.72958],[78.09422,8.71269],[78.08876,8.71428],[78.08266,8.70368],[78.07669,8.70724],[78.06723,8.70432],[78.06015,8.71295],[78.05098,8.69856],[78.04422,8.69531],[78.04333,8.6881],[78.03105,8.68547],[78.02632,8.67415],[78.0122,8.68263],[77.99867,8.69901],[77.9916,8.69887],[77.9931,8.67394],[78.00408,8.66694],[77.9941,8.65906],[77.991,8.66344],[77.97366,8.65982],[77.97459,8.67635],[77.98041,8.67934],[77.96806,8.68809],[77.96294,8.68916],[77.9599,8.67154],[77.95268,8.67572],[77.94635,8.66905],[77.93978,8.67536],[77.94128,8.68786],[77.89464,8.6993],[77.89247,8.69488],[77.89936,8.68873],[77.89948,8.67372],[77.8923,8.66082],[77.87822,8.66719],[77.87275,8.66293],[77.86661,8.66839],[77.86569,8.66258],[77.85364,8.66696],[77.85319,8.66039],[77.84844,8.65844],[77.84427,8.66702],[77.81436,8.66381],[77.81659,8.67231],[77.8253,8.67326],[77.82452,8.68079],[77.8115,8.6819],[77.82665,8.73343],[77.81676,8.77267],[77.8467,8.78799],[77.84609,8.79465],[77.85246,8.80296],[77.83101,8.83189],[77.81968,8.8388],[77.81006,8.8731],[77.78906,8.88526],[77.78548,8.9015],[77.79037,8.90166],[77.7919,8.90855],[77.80125,8.91604],[77.82324,8.92328],[77.82826,8.92728],[77.82303,8.93143],[77.82621,8.9336],[77.84106,8.93081],[77.84229,8.93505],[77.83458,8.93811],[77.8364,8.94907],[77.82299,8.95335],[77.83117,8.97141],[77.83735,8.97152]]]]}},{"type":"Feature","properties":{"ac_no":218,"name":"Kovilpatti","district":"Thoothukkudi","pc":"Thoothukkudi"},"geometry":{"type":"Polygon","coordinates":[[[77.84726,9.24439],[77.85541,9.24589],[77.88016,9.24529],[77.88104,9.2343],[77.88638,9.2328],[77.87481,9.22646],[77.87811,9.20817],[77.90918,9.20033],[77.91979,9.20285],[77.92876,9.18767],[77.94655,9.19017],[77.95355,9.17798],[77.93616,9.16615],[77.92275,9.17364],[77.92121,9.18041],[77.91242,9.17611],[77.9094,9.18062],[77.91264,9.14603],[77.92229,9.1451],[77.92455,9.12967],[77.91624,9.11329],[77.92973,9.10502],[77.93236,9.08567],[77.94293,9.09059],[77.95262,9.08337],[77.961,9.06998],[77.95629,9.0641],[77.95649,9.05451],[77.97138,9.05549],[77.96945,9.03477],[77.97758,9.02774],[77.96764,9.02637],[77.97137,9.02356],[77.96344,9.02479],[77.96475,9.02029],[77.96071,9.01917],[77.94798,9.02214],[77.936,9.01739],[77.93206,9.00177],[77.93496,8.99342],[77.92013,8.99219],[77.92085,8.98675],[77.90892,8.98891],[77.90541,8.98098],[77.91173,8.97447],[77.90957,8.96869],[77.85355,8.97531],[77.85341,8.9698],[77.84859,8.96912],[77.83932,8.96226],[77.83735,8.97152],[77.83117,8.97141],[77.82299,8.95335],[77.8364,8.94907],[77.83458,8.93811],[77.84229,8.93505],[77.84106,8.93081],[77.82621,8.9336],[77.82303,8.93143],[77.82826,8.92728],[77.82324,8.92328],[77.80125,8.91604],[77.7919,8.90855],[77.79037,8.90166],[77.78548,8.9015],[77.78906,8.88526],[77.77257,8.88133],[77.7617,8.88921],[77.76148,8.92464],[77.74704,8.92954],[77.74664,8.93348],[77.73711,8.93201],[77.73619,8.92415],[77.6964,8.92703],[77.69185,8.93658],[77.69097,8.95667],[77.68105,8.96446],[77.68089,8.97162],[77.68557,8.9783],[77.69516,8.98099],[77.70281,8.96925],[77.71975,8.96707],[77.72178,8.97975],[77.7289,8.98485],[77.72322,9.00155],[77.68915,9.00167],[77.69186,9.00625],[77.68719,9.00941],[77.68886,9.01503],[77.69639,9.01843],[77.6926,9.03105],[77.71191,9.0453],[77.70169,9.06276],[77.7046,9.07341],[77.736,9.07173],[77.74491,9.07792],[77.74034,9.105],[77.72596,9.10438],[77.72241,9.10774],[77.69471,9.10134],[77.67777,9.10646],[77.67607,9.12442],[77.67249,9.12709],[77.67401,9.13817],[77.68823,9.13292],[77.70043,9.13818],[77.69336,9.14473],[77.69002,9.15898],[77.70455,9.16573],[77.70575,9.1885],[77.73684,9.18808],[77.73842,9.17273],[77.74251,9.17261],[77.74422,9.16249],[77.78596,9.16551],[77.79925,9.17065],[77.8052,9.17758],[77.81766,9.1712],[77.84135,9.16847],[77.84171,9.18538],[77.85372,9.18319],[77.85599,9.19485],[77.86011,9.19656],[77.85893,9.2132],[77.85268,9.21645],[77.84726,9.24439]]]}},{"type":"Feature","properties":{"ac_no":219,"name":"Sankarankovil (SC)","district":"Tirunelveli","pc":"Tenkasi (Sc)"},"geometry":{"type":"Polygon","coordinates":[[[77.84726,9.24439],[77.85268,9.21645],[77.85893,9.2132],[77.86011,9.19656],[77.85599,9.19485],[77.85372,9.18319],[77.84171,9.18538],[77.84135,9.16847],[77.81766,9.1712],[77.8052,9.17758],[77.79925,9.17065],[77.78596,9.16551],[77.74422,9.16249],[77.74251,9.17261],[77.73842,9.17273],[77.73684,9.18808],[77.70575,9.1885],[77.70455,9.16573],[77.69002,9.15898],[77.69336,9.14473],[77.70043,9.13818],[77.68823,9.13292],[77.67401,9.13817],[77.67249,9.12709],[77.67607,9.12442],[77.67777,9.10646],[77.69471,9.10134],[77.72241,9.10774],[77.72596,9.10438],[77.74034,9.105],[77.74491,9.07792],[77.736,9.07173],[77.7046,9.07341],[77.70169,9.06276],[77.71191,9.0453],[77.6926,9.03105],[77.69639,9.01843],[77.68886,9.01503],[77.68719,9.00941],[77.69186,9.00625],[77.68915,9.00167],[77.72322,9.00155],[77.7289,8.98485],[77.72178,8.97975],[77.71975,8.96707],[77.70281,8.96925],[77.69516,8.98099],[77.68557,8.9783],[77.68089,8.97162],[77.68105,8.96446],[77.69097,8.95667],[77.69185,8.93658],[77.6964,8.92703],[77.6931,8.91684],[77.6867,8.91713],[77.65661,8.93182],[77.65516,8.95318],[77.63112,8.94937],[77.62869,8.94438],[77.61251,8.95003],[77.61182,8.96127],[77.59064,8.96609],[77.58457,8.98229],[77.58821,8.98656],[77.59443,8.98477],[77.60127,9.01359],[77.62283,9.01453],[77.61915,9.03279],[77.60017,9.02974],[77.5921,9.04376],[77.5872,9.0429],[77.58678,9.05381],[77.57396,9.06155],[77.56405,9.05982],[77.56228,9.06771],[77.55473,9.07121],[77.55468,9.08283],[77.54596,9.08474],[77.54646,9.0809],[77.53525,9.08046],[77.53369,9.08778],[77.52775,9.08258],[77.52886,9.0626],[77.52344,9.04976],[77.51926,9.04575],[77.48648,9.0445],[77.47671,9.02495],[77.44589,9.02218],[77.44545,9.02556],[77.42296,9.02688],[77.42671,9.05276],[77.40277,9.04987],[77.40368,9.07496],[77.41113,9.0874],[77.42854,9.08762],[77.43595,9.07877],[77.45231,9.083],[77.45207,9.09426],[77.46727,9.09757],[77.46337,9.10957],[77.47614,9.11953],[77.47894,9.14263],[77.49596,9.1515],[77.50406,9.16323],[77.51821,9.16574],[77.51587,9.17713],[77.52149,9.17684],[77.51775,9.18913],[77.52261,9.19037],[77.52294,9.19994],[77.53176,9.20124],[77.53268,9.21121],[77.54561,9.21137],[77.55325,9.20196],[77.56363,9.20988],[77.56231,9.21847],[77.57066,9.23162],[77.57747,9.22131],[77.58208,9.23109],[77.60263,9.23738],[77.60754,9.24475],[77.60399,9.26114],[77.56949,9.25984],[77.57633,9.28342],[77.55202,9.28501],[77.55505,9.2947],[77.56012,9.29604],[77.56025,9.30488],[77.58151,9.29823],[77.58593,9.30968],[77.60424,9.3067],[77.60325,9.30082],[77.61347,9.3009],[77.62451,9.29279],[77.64219,9.29201],[77.65568,9.2836],[77.71173,9.29166],[77.71193,9.28732],[77.72274,9.28015],[77.73938,9.2809],[77.74136,9.26497],[77.75886,9.26686],[77.76112,9.24878],[77.76929,9.24201],[77.77025,9.23593],[77.78147,9.23916],[77.79,9.25785],[77.77331,9.26983],[77.77344,9.27644],[77.79621,9.27319],[77.79625,9.25638],[77.80667,9.25178],[77.80754,9.24529],[77.84726,9.24439]]]}},{"type":"Feature","properties":{"ac_no":220,"name":"Vasudevanallur (SC)","district":"Tirunelveli","pc":"Tenkasi (Sc)"},"geometry":{"type":"Polygon","coordinates":[[[77.55043,9.37128],[77.55442,9.3702],[77.55004,9.36402],[77.56025,9.3535],[77.57433,9.35393],[77.57264,9.34321],[77.58961,9.34768],[77.59134,9.3177],[77.58593,9.30968],[77.58151,9.29823],[77.56025,9.30488],[77.56012,9.29604],[77.55505,9.2947],[77.55202,9.28501],[77.57633,9.28342],[77.56949,9.25984],[77.60399,9.26114],[77.60754,9.24475],[77.60263,9.23738],[77.58208,9.23109],[77.57747,9.22131],[77.57066,9.23162],[77.56231,9.21847],[77.56363,9.20988],[77.55325,9.20196],[77.54561,9.21137],[77.53268,9.21121],[77.53176,9.20124],[77.52294,9.19994],[77.52261,9.19037],[77.51775,9.18913],[77.52149,9.17684],[77.51587,9.17713],[77.51821,9.16574],[77.50406,9.16323],[77.49596,9.1515],[77.47894,9.14263],[77.47614,9.11953],[77.46337,9.10957],[77.46727,9.09757],[77.45207,9.09426],[77.45231,9.083],[77.43595,9.07877],[77.42854,9.08762],[77.41113,9.0874],[77.40925,9.09114],[77.38887,9.09122],[77.38962,9.10245],[77.41103,9.12151],[77.43846,9.12837],[77.43674,9.1351],[77.4263,9.13381],[77.42702,9.15175],[77.39668,9.15465],[77.3975,9.16404],[77.37206,9.16451],[77.36541,9.17199],[77.35641,9.16901],[77.35324,9.17571],[77.32777,9.18451],[77.31144,9.17652],[77.30049,9.18706],[77.28506,9.18978],[77.27078,9.20234],[77.28225,9.2168],[77.27408,9.2352],[77.27991,9.24065],[77.28185,9.27312],[77.28857,9.27436],[77.28284,9.30149],[77.29333,9.30462],[77.30241,9.31948],[77.29684,9.32943],[77.30072,9.33022],[77.29968,9.33646],[77.32507,9.33711],[77.32561,9.34613],[77.33588,9.3619],[77.33434,9.38141],[77.3412,9.38974],[77.34354,9.40284],[77.33633,9.41161],[77.33916,9.42019],[77.379,9.40173],[77.38887,9.39235],[77.39715,9.39618],[77.40605,9.3935],[77.41891,9.39917],[77.43402,9.39096],[77.45036,9.37018],[77.44663,9.36598],[77.43848,9.36797],[77.43684,9.36225],[77.44335,9.3625],[77.44132,9.35424],[77.46799,9.34669],[77.46297,9.34579],[77.45929,9.33652],[77.46466,9.32911],[77.47143,9.32866],[77.47443,9.34112],[77.49587,9.33853],[77.50021,9.33304],[77.52219,9.33531],[77.5274,9.34931],[77.51923,9.35873],[77.52869,9.36084],[77.52984,9.3754],[77.55043,9.37128]]]}},{"type":"Feature","properties":{"ac_no":221,"name":"Kadayanallur","district":"Tirunelveli","pc":"Tenkasi (Sc)"},"geometry":{"type":"Polygon","coordinates":[[[77.41113,9.0874],[77.40368,9.07496],[77.40277,9.04987],[77.42671,9.05276],[77.42296,9.02688],[77.41824,9.02638],[77.41518,9.01617],[77.39485,8.99575],[77.38703,8.9748],[77.36318,8.98377],[77.31224,8.99041],[77.31283,8.99718],[77.30621,9.00196],[77.29922,8.9957],[77.27516,9.00177],[77.27082,8.99701],[77.26218,8.99752],[77.26449,8.98271],[77.28363,8.97172],[77.29454,8.97103],[77.29772,8.96461],[77.2841,8.96885],[77.26977,8.95794],[77.2563,8.96466],[77.25031,8.96256],[77.24466,8.9564],[77.25713,8.95734],[77.24316,8.94632],[77.24217,8.93993],[77.22917,8.94623],[77.2213,8.92751],[77.22395,8.92401],[77.21829,8.9183],[77.19323,8.92588],[77.19715,8.93526],[77.19386,8.94348],[77.19649,8.9543],[77.1883,8.96808],[77.17817,8.96927],[77.17345,8.99152],[77.16162,8.99546],[77.15691,9.00763],[77.14943,9.00978],[77.14666,9.02196],[77.15386,9.02254],[77.16098,9.02934],[77.16051,9.03593],[77.16801,9.04555],[77.18233,9.04753],[77.19127,9.04347],[77.19755,9.04709],[77.19683,9.05667],[77.20769,9.07218],[77.20576,9.08506],[77.21224,9.10018],[77.2261,9.10779],[77.22854,9.11686],[77.24719,9.12469],[77.25298,9.13927],[77.26737,9.15419],[77.26624,9.18178],[77.25311,9.18924],[77.25672,9.19922],[77.27078,9.20234],[77.28506,9.18978],[77.30049,9.18706],[77.31144,9.17652],[77.32777,9.18451],[77.35324,9.17571],[77.35641,9.16901],[77.36541,9.17199],[77.37206,9.16451],[77.3975,9.16404],[77.39668,9.15465],[77.42702,9.15175],[77.4263,9.13381],[77.43674,9.1351],[77.43846,9.12837],[77.41103,9.12151],[77.38962,9.10245],[77.38887,9.09122],[77.40925,9.09114],[77.41113,9.0874]]]}},{"type":"Feature","properties":{"ac_no":222,"name":"Tenkasi","district":"Tirunelveli","pc":"Tenkasi (Sc)"},"geometry":{"type":"Polygon","coordinates":[[[77.61924,8.94773],[77.62118,8.93854],[77.61726,8.93866],[77.61267,8.92333],[77.60931,8.93993],[77.59422,8.9442],[77.5939,8.94109],[77.53831,8.94329],[77.53364,8.93251],[77.5186,8.9258],[77.51385,8.94101],[77.5086,8.92427],[77.49776,8.92165],[77.51382,8.9136],[77.51293,8.90882],[77.50244,8.90811],[77.49752,8.91391],[77.4773,8.91451],[77.48141,8.92084],[77.47875,8.92603],[77.46555,8.92504],[77.46393,8.91881],[77.45622,8.92551],[77.44037,8.92643],[77.44011,8.92091],[77.4117,8.93795],[77.3955,8.93018],[77.38684,8.93849],[77.39284,8.92233],[77.38948,8.91367],[77.39565,8.90978],[77.39371,8.8939],[77.40676,8.89331],[77.40332,8.86178],[77.38733,8.86622],[77.38763,8.87185],[77.34314,8.86884],[77.328,8.87482],[77.31433,8.87092],[77.29945,8.87969],[77.27574,8.87605],[77.26157,8.88059],[77.25632,8.87828],[77.23848,8.88471],[77.23848,8.89772],[77.22158,8.90378],[77.21829,8.9183],[77.22395,8.92401],[77.2213,8.92751],[77.22917,8.94623],[77.24217,8.93993],[77.24316,8.94632],[77.25713,8.95734],[77.24466,8.9564],[77.25031,8.96256],[77.2563,8.96466],[77.26977,8.95794],[77.2841,8.96885],[77.29772,8.96461],[77.29454,8.97103],[77.28363,8.97172],[77.26449,8.98271],[77.26218,8.99752],[77.27082,8.99701],[77.27516,9.00177],[77.29922,8.9957],[77.30621,9.00196],[77.31283,8.99718],[77.31224,8.99041],[77.36318,8.98377],[77.38703,8.9748],[77.39485,8.99575],[77.41518,9.01617],[77.41824,9.02638],[77.42296,9.02688],[77.44545,9.02556],[77.44589,9.02218],[77.47671,9.02495],[77.48648,9.0445],[77.51926,9.04575],[77.52344,9.04976],[77.52886,9.0626],[77.52775,9.08258],[77.53369,9.08778],[77.53525,9.08046],[77.54646,9.0809],[77.54596,9.08474],[77.55468,9.08283],[77.55473,9.07121],[77.56228,9.06771],[77.56405,9.05982],[77.57396,9.06155],[77.58678,9.05381],[77.5872,9.0429],[77.5921,9.04376],[77.60017,9.02974],[77.61915,9.03279],[77.62283,9.01453],[77.60127,9.01359],[77.59443,8.98477],[77.58821,8.98656],[77.58457,8.98229],[77.59064,8.96609],[77.61182,8.96127],[77.61251,8.95003],[77.61924,8.94773]]]}},{"type":"Feature","properties":{"ac_no":223,"name":"Alangulam","district":"Tirunelveli","pc":"Tenkasi (Sc)"},"geometry":{"type":"Polygon","coordinates":[[[77.5939,8.94109],[77.5924,8.90688],[77.58438,8.90477],[77.56037,8.91129],[77.56782,8.89739],[77.56528,8.89354],[77.5708,8.89106],[77.56604,8.87896],[77.57475,8.87998],[77.57847,8.87205],[77.58424,8.87532],[77.59351,8.87197],[77.58861,8.82742],[77.57897,8.82032],[77.57456,8.80809],[77.57094,8.81195],[77.56682,8.80012],[77.57141,8.78967],[77.55596,8.78762],[77.56312,8.77308],[77.56733,8.77205],[77.56868,8.76326],[77.56624,8.75408],[77.56089,8.75305],[77.55585,8.74456],[77.56506,8.71814],[77.56573,8.71084],[77.56125,8.7051],[77.55435,8.70568],[77.52819,8.72892],[77.51354,8.73388],[77.49185,8.72842],[77.48734,8.73186],[77.47788,8.72645],[77.44211,8.73973],[77.43902,8.74827],[77.42452,8.75833],[77.41815,8.74971],[77.40785,8.75251],[77.40794,8.7457],[77.39899,8.74812],[77.40218,8.73935],[77.39179,8.7458],[77.38617,8.74444],[77.38499,8.7481],[77.37739,8.74717],[77.37306,8.75235],[77.36575,8.74862],[77.36326,8.73924],[77.34487,8.74243],[77.3393,8.75063],[77.33143,8.75254],[77.3252,8.77486],[77.3131,8.77802],[77.31032,8.76799],[77.30076,8.77388],[77.3006,8.79716],[77.30654,8.79833],[77.30774,8.80669],[77.31346,8.80474],[77.31252,8.81402],[77.29219,8.81521],[77.29268,8.82858],[77.30458,8.83674],[77.29945,8.84992],[77.3081,8.85157],[77.30932,8.85637],[77.29945,8.87969],[77.31433,8.87092],[77.328,8.87482],[77.34314,8.86884],[77.38763,8.87185],[77.38733,8.86622],[77.40332,8.86178],[77.40676,8.89331],[77.39371,8.8939],[77.39565,8.90978],[77.38948,8.91367],[77.39284,8.92233],[77.38684,8.93849],[77.3955,8.93018],[77.4117,8.93795],[77.44011,8.92091],[77.44037,8.92643],[77.45622,8.92551],[77.46393,8.91881],[77.46555,8.92504],[77.47875,8.92603],[77.48141,8.92084],[77.4773,8.91451],[77.49752,8.91391],[77.50244,8.90811],[77.51293,8.90882],[77.51382,8.9136],[77.49776,8.92165],[77.5086,8.92427],[77.51385,8.94101],[77.5186,8.9258],[77.53364,8.93251],[77.53831,8.94329],[77.5939,8.94109]]]}},{"type":"Feature","properties":{"ac_no":224,"name":"Tirunelveli","district":"Tirunelveli","pc":"Tirunelveli"},"geometry":{"type":"Polygon","coordinates":[[[77.65516,8.95318],[77.65661,8.93182],[77.6867,8.91713],[77.6931,8.91684],[77.6964,8.92703],[77.73619,8.92415],[77.73711,8.93201],[77.74664,8.93348],[77.74704,8.92954],[77.76148,8.92464],[77.7617,8.88921],[77.77257,8.88133],[77.78906,8.88526],[77.81006,8.8731],[77.81968,8.8388],[77.80629,8.83165],[77.8048,8.81839],[77.80936,8.80041],[77.80429,8.78325],[77.76763,8.77637],[77.74269,8.75869],[77.73357,8.74999],[77.73267,8.74024],[77.72223,8.7369],[77.70922,8.71964],[77.69171,8.71996],[77.69066,8.71456],[77.68454,8.71395],[77.67877,8.70425],[77.66651,8.71007],[77.65878,8.70239],[77.65385,8.69263],[77.65733,8.68149],[77.63461,8.69077],[77.60577,8.69426],[77.59689,8.68876],[77.5782,8.70135],[77.56125,8.7051],[77.56573,8.71084],[77.56506,8.71814],[77.55585,8.74456],[77.56089,8.75305],[77.56624,8.75408],[77.56868,8.76326],[77.56733,8.77205],[77.56312,8.77308],[77.55596,8.78762],[77.57141,8.78967],[77.56682,8.80012],[77.57094,8.81195],[77.57456,8.80809],[77.57897,8.82032],[77.58861,8.82742],[77.59351,8.87197],[77.58424,8.87532],[77.57847,8.87205],[77.57475,8.87998],[77.56604,8.87896],[77.5708,8.89106],[77.56528,8.89354],[77.56782,8.89739],[77.56037,8.91129],[77.58438,8.90477],[77.5924,8.90688],[77.59422,8.9442],[77.60931,8.93993],[77.61267,8.92333],[77.61726,8.93866],[77.62118,8.93854],[77.61924,8.94773],[77.62869,8.94438],[77.63112,8.94937],[77.65516,8.95318]]]}},{"type":"Feature","properties":{"ac_no":225,"name":"Ambasamudram","district":"Tirunelveli","pc":"Tirunelveli"},"geometry":{"type":"Polygon","coordinates":[[[77.25632,8.87828],[77.26157,8.88059],[77.27574,8.87605],[77.29945,8.87969],[77.30932,8.85637],[77.3081,8.85157],[77.29945,8.84992],[77.30458,8.83674],[77.29268,8.82858],[77.29219,8.81521],[77.31252,8.81402],[77.31346,8.80474],[77.30774,8.80669],[77.30654,8.79833],[77.3006,8.79716],[77.30076,8.77388],[77.31032,8.76799],[77.3131,8.77802],[77.3252,8.77486],[77.33143,8.75254],[77.3393,8.75063],[77.34487,8.74243],[77.36326,8.73924],[77.36575,8.74862],[77.37306,8.75235],[77.37739,8.74717],[77.38499,8.7481],[77.38617,8.74444],[77.39179,8.7458],[77.40218,8.73935],[77.39899,8.74812],[77.40794,8.7457],[77.40785,8.75251],[77.41815,8.74971],[77.42452,8.75833],[77.43902,8.74827],[77.44211,8.73973],[77.47788,8.72645],[77.48734,8.73186],[77.49185,8.72842],[77.51354,8.73388],[77.52819,8.72892],[77.55435,8.70568],[77.56125,8.7051],[77.5782,8.70135],[77.59689,8.68876],[77.60577,8.69426],[77.63461,8.69077],[77.65733,8.68149],[77.65956,8.65433],[77.65456,8.63711],[77.63293,8.64369],[77.61974,8.62046],[77.61174,8.62346],[77.61023,8.61835],[77.61666,8.60887],[77.60012,8.60556],[77.6001,8.59741],[77.61216,8.58878],[77.6091,8.58299],[77.61408,8.57201],[77.602,8.57536],[77.603,8.58311],[77.57791,8.58607],[77.55639,8.59672],[77.54781,8.59415],[77.53614,8.59784],[77.50202,8.58725],[77.48009,8.58555],[77.464,8.57243],[77.43785,8.59168],[77.43141,8.56855],[77.41219,8.54652],[77.40144,8.55319],[77.38492,8.55269],[77.36407,8.53036],[77.36075,8.54071],[77.35717,8.53799],[77.35008,8.54275],[77.35103,8.54635],[77.34751,8.54478],[77.33407,8.55324],[77.28872,8.57031],[77.28706,8.56685],[77.26899,8.57892],[77.26352,8.58868],[77.24556,8.60352],[77.24606,8.62088],[77.2335,8.62799],[77.22967,8.64045],[77.22481,8.63937],[77.21524,8.6483],[77.20867,8.66364],[77.20132,8.66876],[77.20722,8.68499],[77.19504,8.70785],[77.18319,8.7169],[77.17064,8.74679],[77.17279,8.75027],[77.17847,8.74421],[77.19145,8.74246],[77.19855,8.75347],[77.19695,8.76839],[77.19985,8.76997],[77.20948,8.76551],[77.21795,8.7683],[77.21324,8.77913],[77.22992,8.78525],[77.23209,8.80784],[77.24695,8.81473],[77.24691,8.82345],[77.26238,8.84171],[77.25838,8.85038],[77.26131,8.85644],[77.25542,8.86079],[77.25852,8.86543],[77.25632,8.87828]]]}},{"type":"Feature","properties":{"ac_no":226,"name":"Palayamkottai","district":"Tirunelveli","pc":"Tirunelveli"},"geometry":{"type":"Polygon","coordinates":[[[77.74269,8.75869],[77.74618,8.75423],[77.74341,8.74858],[77.76253,8.73223],[77.77204,8.74382],[77.77715,8.74416],[77.77725,8.74063],[77.78692,8.73856],[77.78755,8.73355],[77.79253,8.73219],[77.78255,8.71142],[77.79638,8.70944],[77.78866,8.69503],[77.77663,8.68847],[77.77226,8.67191],[77.73464,8.67548],[77.73202,8.66937],[77.70859,8.67051],[77.69619,8.69772],[77.68357,8.69767],[77.69152,8.70782],[77.68536,8.709],[77.68454,8.71395],[77.69066,8.71456],[77.69171,8.71996],[77.70922,8.71964],[77.72223,8.7369],[77.73267,8.74024],[77.73357,8.74999],[77.74269,8.75869]]]}},{"type":"Feature","properties":{"ac_no":227,"name":"Nanguneri","district":"Tirunelveli","pc":"Tirunelveli"},"geometry":{"type":"Polygon","coordinates":[[[77.81968,8.8388],[77.83101,8.83189],[77.85246,8.80296],[77.84609,8.79465],[77.8467,8.78799],[77.81676,8.77267],[77.82665,8.73343],[77.8115,8.6819],[77.82452,8.68079],[77.8253,8.67326],[77.81659,8.67231],[77.81436,8.66381],[77.80541,8.65155],[77.80702,8.64729],[77.81888,8.65031],[77.81883,8.63286],[77.80589,8.62123],[77.80495,8.6148],[77.79498,8.61419],[77.78794,8.62431],[77.78078,8.58425],[77.80309,8.57654],[77.7957,8.56568],[77.80703,8.57168],[77.81229,8.57019],[77.81145,8.56463],[77.81521,8.56332],[77.81284,8.55385],[77.82033,8.55242],[77.8205,8.54209],[77.81774,8.53493],[77.80832,8.53679],[77.80773,8.53256],[77.81411,8.52974],[77.81426,8.52076],[77.82712,8.51462],[77.83049,8.48937],[77.83974,8.48481],[77.84166,8.47177],[77.83229,8.45583],[77.83963,8.45134],[77.83329,8.43252],[77.84926,8.42239],[77.85454,8.40285],[77.85972,8.40078],[77.85957,8.39263],[77.85788,8.38695],[77.83497,8.38344],[77.83781,8.3802],[77.83672,8.37275],[77.82803,8.37225],[77.82789,8.36697],[77.80384,8.36668],[77.80069,8.37162],[77.77668,8.36616],[77.75713,8.40443],[77.74369,8.41056],[77.74185,8.39626],[77.72575,8.40133],[77.72584,8.40906],[77.71692,8.41554],[77.71124,8.43161],[77.70394,8.43351],[77.70568,8.44005],[77.69389,8.44151],[77.68263,8.43033],[77.65882,8.43204],[77.65377,8.43842],[77.64468,8.43912],[77.64562,8.4254],[77.65142,8.41965],[77.66631,8.41652],[77.66705,8.4117],[77.65979,8.40936],[77.66931,8.40022],[77.65075,8.38722],[77.64921,8.39382],[77.64017,8.38958],[77.63162,8.42117],[77.62802,8.40516],[77.62059,8.4062],[77.6254,8.41986],[77.62215,8.42762],[77.61726,8.42659],[77.62069,8.42056],[77.61659,8.41631],[77.59987,8.42702],[77.61077,8.41001],[77.59402,8.41365],[77.58714,8.42009],[77.58256,8.40832],[77.5752,8.40799],[77.57062,8.41569],[77.56063,8.40508],[77.55674,8.41203],[77.55081,8.41147],[77.55597,8.40319],[77.54472,8.39425],[77.54142,8.36044],[77.53475,8.36054],[77.5337,8.36789],[77.54158,8.37857],[77.53135,8.39238],[77.52367,8.38993],[77.51944,8.38192],[77.50746,8.38644],[77.499,8.3814],[77.49047,8.38064],[77.48855,8.38934],[77.47246,8.40142],[77.47273,8.41644],[77.4686,8.41516],[77.4633,8.4304],[77.46403,8.44187],[77.47252,8.45167],[77.46366,8.46305],[77.46679,8.4687],[77.45752,8.46797],[77.44581,8.47453],[77.44538,8.48487],[77.44869,8.48704],[77.44629,8.49836],[77.43972,8.50571],[77.43423,8.50473],[77.4293,8.51078],[77.39023,8.52267],[77.37844,8.52249],[77.37556,8.5167],[77.36407,8.53036],[77.38492,8.55269],[77.40144,8.55319],[77.41219,8.54652],[77.43141,8.56855],[77.43785,8.59168],[77.464,8.57243],[77.48009,8.58555],[77.50202,8.58725],[77.53614,8.59784],[77.54781,8.59415],[77.55639,8.59672],[77.57791,8.58607],[77.603,8.58311],[77.602,8.57536],[77.61408,8.57201],[77.6091,8.58299],[77.61216,8.58878],[77.6001,8.59741],[77.60012,8.60556],[77.61666,8.60887],[77.61023,8.61835],[77.61174,8.62346],[77.61974,8.62046],[77.63293,8.64369],[77.65456,8.63711],[77.65956,8.65433],[77.65733,8.68149],[77.65385,8.69263],[77.65878,8.70239],[77.66651,8.71007],[77.67877,8.70425],[77.68454,8.71395],[77.68536,8.709],[77.69152,8.70782],[77.68357,8.69767],[77.69619,8.69772],[77.70859,8.67051],[77.73202,8.66937],[77.73464,8.67548],[77.77226,8.67191],[77.77663,8.68847],[77.78866,8.69503],[77.79638,8.70944],[77.78255,8.71142],[77.79253,8.73219],[77.78755,8.73355],[77.78692,8.73856],[77.77725,8.74063],[77.77715,8.74416],[77.77204,8.74382],[77.76253,8.73223],[77.74341,8.74858],[77.74618,8.75423],[77.74269,8.75869],[77.76763,8.77637],[77.80429,8.78325],[77.80936,8.80041],[77.8048,8.81839],[77.80629,8.83165],[77.81968,8.8388]]]}},{"type":"Feature","properties":{"ac_no":228,"name":"Radhapuram","district":"Tirunelveli","pc":"Tirunelveli"},"geometry":{"type":"Polygon","coordinates":[[[77.71124,8.43161],[77.71692,8.41554],[77.72584,8.40906],[77.72575,8.40133],[77.74185,8.39626],[77.74369,8.41056],[77.75713,8.40443],[77.77668,8.36616],[77.80069,8.37162],[77.80384,8.36668],[77.82789,8.36697],[77.82803,8.37225],[77.83672,8.37275],[77.83781,8.3802],[77.85393,8.37612],[77.8553,8.37342],[77.84209,8.365],[77.84922,8.36418],[77.84788,8.35539],[77.86019,8.35771],[77.85778,8.34456],[77.86238,8.34208],[77.87346,8.35246],[77.88525,8.35025],[77.89126,8.32564],[77.91305,8.32355],[77.94886,8.33692],[77.96469,8.33553],[77.96892,8.34047],[77.97353,8.33747],[77.94913,8.31158],[77.91472,8.29185],[77.89088,8.27049],[77.84108,8.25166],[77.83256,8.22907],[77.80455,8.20295],[77.8057,8.18055],[77.79369,8.16232],[77.77388,8.15623],[77.75796,8.14531],[77.72956,8.16414],[77.64217,8.15426],[77.62129,8.14553],[77.6049,8.14728],[77.58983,8.14032],[77.58817,8.14725],[77.58198,8.14878],[77.58355,8.15474],[77.57083,8.1521],[77.53922,8.16272],[77.53841,8.17432],[77.54693,8.17965],[77.54178,8.18534],[77.55293,8.19191],[77.54549,8.19577],[77.54959,8.20572],[77.54384,8.20569],[77.5444,8.21683],[77.54991,8.2202],[77.54058,8.22164],[77.54564,8.2274],[77.54169,8.23191],[77.54531,8.2404],[77.54845,8.24483],[77.56964,8.24336],[77.56976,8.2485],[77.57673,8.24419],[77.57414,8.25541],[77.56305,8.26014],[77.56321,8.26925],[77.55831,8.26952],[77.56267,8.27536],[77.55333,8.27672],[77.56411,8.27925],[77.54798,8.29605],[77.54209,8.31106],[77.53079,8.31905],[77.53457,8.32512],[77.53251,8.33567],[77.54179,8.33556],[77.53475,8.36054],[77.54142,8.36044],[77.54472,8.39425],[77.55597,8.40319],[77.55081,8.41147],[77.55674,8.41203],[77.56063,8.40508],[77.57062,8.41569],[77.5752,8.40799],[77.58256,8.40832],[77.58714,8.42009],[77.59402,8.41365],[77.61077,8.41001],[77.59987,8.42702],[77.61659,8.41631],[77.62069,8.42056],[77.61726,8.42659],[77.62215,8.42762],[77.6254,8.41986],[77.62059,8.4062],[77.62802,8.40516],[77.63162,8.42117],[77.64017,8.38958],[77.64921,8.39382],[77.65075,8.38722],[77.66931,8.40022],[77.65979,8.40936],[77.66705,8.4117],[77.66631,8.41652],[77.65142,8.41965],[77.64562,8.4254],[77.64468,8.43912],[77.65377,8.43842],[77.65882,8.43204],[77.68263,8.43033],[77.69389,8.44151],[77.70568,8.44005],[77.70394,8.43351],[77.71124,8.43161]]]}},{"type":"Feature","properties":{"ac_no":229,"name":"Kanniyakumari","district":"Kanniyakumari","pc":"Kanniyakumari"},"geometry":{"type":"Polygon","coordinates":[[[77.499,8.3814],[77.50746,8.38644],[77.51944,8.38192],[77.52367,8.38993],[77.53135,8.39238],[77.54158,8.37857],[77.5337,8.36789],[77.53475,8.36054],[77.54179,8.33556],[77.53251,8.33567],[77.53457,8.32512],[77.53079,8.31905],[77.54209,8.31106],[77.54798,8.29605],[77.56411,8.27925],[77.55333,8.27672],[77.56267,8.27536],[77.55831,8.26952],[77.56321,8.26925],[77.56305,8.26014],[77.57414,8.25541],[77.57673,8.24419],[77.56976,8.2485],[77.56964,8.24336],[77.54845,8.24483],[77.54531,8.2404],[77.54169,8.23191],[77.54564,8.2274],[77.54058,8.22164],[77.54991,8.2202],[77.5444,8.21683],[77.54384,8.20569],[77.54959,8.20572],[77.54549,8.19577],[77.55293,8.19191],[77.54178,8.18534],[77.54693,8.17965],[77.53841,8.17432],[77.53922,8.16272],[77.57083,8.1521],[77.58355,8.15474],[77.58198,8.14878],[77.58817,8.14725],[77.58983,8.14032],[77.58276,8.13733],[77.56589,8.11737],[77.56593,8.10151],[77.57116,8.09332],[77.56135,8.08809],[77.55593,8.07664],[77.53087,8.07666],[77.52616,8.08116],[77.41153,8.10357],[77.41317,8.12548],[77.42137,8.1293],[77.42525,8.15327],[77.45278,8.15034],[77.451,8.16604],[77.45928,8.16996],[77.45874,8.18024],[77.4647,8.18407],[77.46854,8.19712],[77.46888,8.20522],[77.46559,8.20353],[77.46186,8.20784],[77.45484,8.20767],[77.44574,8.19987],[77.44133,8.2078],[77.4424,8.22565],[77.43994,8.23271],[77.4356,8.21952],[77.42515,8.2267],[77.41823,8.21936],[77.41503,8.22435],[77.39478,8.22724],[77.3979,8.23418],[77.39531,8.25255],[77.37941,8.27243],[77.38367,8.27708],[77.38089,8.29235],[77.39464,8.29905],[77.3834,8.31393],[77.40492,8.3433],[77.40156,8.36156],[77.39029,8.3657],[77.39065,8.37391],[77.40601,8.40134],[77.40356,8.41122],[77.41942,8.42498],[77.43007,8.42687],[77.43773,8.4334],[77.4423,8.4423],[77.44056,8.46079],[77.44581,8.47453],[77.45752,8.46797],[77.46679,8.4687],[77.46366,8.46305],[77.47252,8.45167],[77.46403,8.44187],[77.4633,8.4304],[77.4686,8.41516],[77.47273,8.41644],[77.47246,8.40142],[77.48855,8.38934],[77.49047,8.38064],[77.499,8.3814]]]}},{"type":"Feature","properties":{"ac_no":230,"name":"Nagercoil","district":"Kanniyakumari","pc":"Kanniyakumari"},"geometry":{"type":"Polygon","coordinates":[[[77.4424,8.22565],[77.44133,8.2078],[77.44574,8.19987],[77.45484,8.20767],[77.46186,8.20784],[77.46559,8.20353],[77.46888,8.20522],[77.46854,8.19712],[77.4647,8.18407],[77.45874,8.18024],[77.45928,8.16996],[77.451,8.16604],[77.45278,8.15034],[77.42525,8.15327],[77.42137,8.1293],[77.41317,8.12548],[77.41153,8.10357],[77.33722,8.12591],[77.33064,8.13592],[77.33817,8.14623],[77.35387,8.15162],[77.35096,8.16344],[77.37066,8.18358],[77.37763,8.18765],[77.38031,8.17507],[77.386,8.17536],[77.39343,8.18356],[77.39835,8.19613],[77.3893,8.21485],[77.39478,8.22724],[77.41503,8.22435],[77.41823,8.21936],[77.42515,8.2267],[77.4356,8.21952],[77.43994,8.23271],[77.4424,8.22565]]]}},{"type":"Feature","properties":{"ac_no":231,"name":"Colachel","district":"Kanniyakumari","pc":"Kanniyakumari"},"geometry":{"type":"MultiPolygon","coordinates":[[[[77.30176,8.14015],[77.30136,8.1406],[77.30182,8.14047],[77.30176,8.14015]]],[[[77.30164,8.14075],[77.30146,8.14084],[77.30157,8.14101],[77.30164,8.14075]]],[[[77.30114,8.14066],[77.30063,8.14067],[77.3009,8.14114],[77.30114,8.14066]]],[[[77.30171,8.14119],[77.30153,8.14124],[77.30156,8.14147],[77.30171,8.14119]]],[[[77.30138,8.14141],[77.30092,8.14145],[77.3012,8.14196],[77.30138,8.14141]]],[[[77.25095,8.16794],[77.25033,8.16822],[77.25071,8.16878],[77.25095,8.16794]]],[[[77.2463,8.17165],[77.24509,8.16972],[77.24331,8.17083],[77.2463,8.17165]]],[[[77.23732,8.17616],[77.24027,8.17446],[77.23559,8.17561],[77.23732,8.17616]]],[[[77.22729,8.18727],[77.22683,8.18746],[77.22715,8.18828],[77.22729,8.18727]]],[[[77.3979,8.23418],[77.3893,8.21485],[77.39835,8.19613],[77.39343,8.18356],[77.386,8.17536],[77.38031,8.17507],[77.37763,8.18765],[77.37066,8.18358],[77.35096,8.16344],[77.35387,8.15162],[77.33817,8.14623],[77.33064,8.13592],[77.32565,8.13994],[77.32543,8.16943],[77.31598,8.17059],[77.31743,8.15325],[77.30421,8.1367],[77.29957,8.14572],[77.28127,8.15892],[77.25472,8.17224],[77.24743,8.17168],[77.23283,8.18033],[77.22745,8.18999],[77.23897,8.20821],[77.27057,8.21323],[77.32556,8.22764],[77.33145,8.24021],[77.35316,8.22815],[77.35528,8.23342],[77.36433,8.23241],[77.39531,8.25255],[77.3979,8.23418]],[[77.24486,8.17375],[77.24466,8.17436],[77.24413,8.17421],[77.24486,8.17375]]],[[[77.27622,8.23666],[77.27229,8.23103],[77.25856,8.23392],[77.25338,8.23065],[77.24299,8.24156],[77.243,8.24879],[77.24836,8.25465],[77.24274,8.26619],[77.24618,8.26785],[77.24982,8.27198],[77.24748,8.28192],[77.25481,8.29598],[77.2533,8.30185],[77.27545,8.28863],[77.29622,8.26278],[77.29594,8.24614],[77.27622,8.23666]]]]}},{"type":"Feature","properties":{"ac_no":232,"name":"Padmanabhapuram","district":"Kanniyakumari","pc":"Kanniyakumari"},"geometry":{"type":"MultiPolygon","coordinates":[[[[77.31735,8.1215],[77.31713,8.12164],[77.31732,8.12188],[77.31735,8.1215]]],[[[77.32263,8.12258],[77.32292,8.12239],[77.32249,8.122],[77.32263,8.12258]]],[[[77.32503,8.12312],[77.32461,8.12361],[77.3251,8.12362],[77.32503,8.12312]]],[[[77.31064,8.12585],[77.31083,8.12499],[77.31019,8.12539],[77.31064,8.12585]]],[[[77.30979,8.12585],[77.30508,8.12904],[77.30975,8.12695],[77.30979,8.12585]]],[[[77.33064,8.13592],[77.33722,8.12591],[77.32571,8.12724],[77.32231,8.1225],[77.31552,8.12211],[77.31185,8.1248],[77.31095,8.12673],[77.30702,8.12857],[77.30573,8.13068],[77.30372,8.13161],[77.30421,8.1367],[77.31743,8.15325],[77.31598,8.17059],[77.32543,8.16943],[77.32565,8.13994],[77.33064,8.13592]],[[77.32396,8.12533],[77.32475,8.12663],[77.32326,8.12599],[77.32396,8.12533]]],[[[77.34751,8.54478],[77.35103,8.54635],[77.35008,8.54275],[77.35717,8.53799],[77.36075,8.54071],[77.36407,8.53036],[77.37556,8.5167],[77.37844,8.52249],[77.39023,8.52267],[77.4293,8.51078],[77.43423,8.50473],[77.43972,8.50571],[77.44629,8.49836],[77.44869,8.48704],[77.44538,8.48487],[77.44581,8.47453],[77.44056,8.46079],[77.4423,8.4423],[77.43773,8.4334],[77.43007,8.42687],[77.41942,8.42498],[77.40356,8.41122],[77.40601,8.40134],[77.39065,8.37391],[77.39029,8.3657],[77.40156,8.36156],[77.40492,8.3433],[77.3834,8.31393],[77.39464,8.29905],[77.38089,8.29235],[77.38367,8.27708],[77.37941,8.27243],[77.39531,8.25255],[77.36433,8.23241],[77.35528,8.23342],[77.35316,8.22815],[77.33145,8.24021],[77.32556,8.22764],[77.27057,8.21323],[77.27229,8.23103],[77.27622,8.23666],[77.29594,8.24614],[77.29622,8.26278],[77.27545,8.28863],[77.2533,8.30185],[77.2489,8.31073],[77.25261,8.32037],[77.24665,8.33387],[77.25379,8.34276],[77.24707,8.34753],[77.25922,8.35493],[77.2598,8.39569],[77.26171,8.39982],[77.27564,8.40314],[77.28597,8.42145],[77.29028,8.42088],[77.29398,8.42857],[77.30469,8.43425],[77.31262,8.45835],[77.30419,8.47288],[77.30749,8.48683],[77.30198,8.49269],[77.30362,8.51072],[77.31227,8.52024],[77.31461,8.5393],[77.33355,8.54147],[77.33407,8.55324],[77.34751,8.54478]]]]}},{"type":"Feature","properties":{"ac_no":233,"name":"Vilavancode","district":"Kanniyakumari","pc":"Kanniyakumari"},"geometry":{"type":"Polygon","coordinates":[[[77.33407,8.55324],[77.33355,8.54147],[77.31461,8.5393],[77.31227,8.52024],[77.30362,8.51072],[77.30198,8.49269],[77.30749,8.48683],[77.30419,8.47288],[77.31262,8.45835],[77.30469,8.43425],[77.29398,8.42857],[77.29028,8.42088],[77.28597,8.42145],[77.27564,8.40314],[77.26171,8.39982],[77.2598,8.39569],[77.25922,8.35493],[77.24707,8.34753],[77.25379,8.34276],[77.24665,8.33387],[77.25261,8.32037],[77.2489,8.31073],[77.2533,8.30185],[77.25481,8.29598],[77.24748,8.28192],[77.24982,8.27198],[77.24618,8.26785],[77.23085,8.26964],[77.21885,8.28075],[77.20273,8.27996],[77.19764,8.27597],[77.18331,8.27794],[77.18257,8.2857],[77.17572,8.29379],[77.17707,8.30001],[77.18818,8.3098],[77.18291,8.32498],[77.17711,8.32611],[77.16823,8.33495],[77.16667,8.34271],[77.17474,8.34939],[77.17395,8.35864],[77.16792,8.36358],[77.15208,8.3548],[77.16069,8.37414],[77.15975,8.38102],[77.15171,8.38095],[77.15142,8.38476],[77.16072,8.38985],[77.16824,8.38448],[77.18191,8.39624],[77.18257,8.4043],[77.19716,8.41991],[77.19636,8.42852],[77.20629,8.44464],[77.22742,8.44764],[77.22476,8.46154],[77.21352,8.47074],[77.21101,8.492],[77.20162,8.49847],[77.20221,8.50184],[77.21401,8.51277],[77.22956,8.50918],[77.23935,8.49665],[77.25101,8.50553],[77.26186,8.5065],[77.27455,8.53764],[77.28374,8.54699],[77.2741,8.56009],[77.26899,8.57892],[77.28706,8.56685],[77.28872,8.57031],[77.33407,8.55324]]]}},{"type":"Feature","properties":{"ac_no":234,"name":"Killiyoor","district":"Kanniyakumari","pc":"Kanniyakumari"},"geometry":{"type":"Polygon","coordinates":[[[77.17329,8.31938],[77.18023,8.32345],[77.17711,8.32611],[77.18291,8.32498],[77.18818,8.3098],[77.17707,8.30001],[77.17572,8.29379],[77.18257,8.2857],[77.18331,8.27794],[77.19764,8.27597],[77.20273,8.27996],[77.21885,8.28075],[77.23085,8.26964],[77.24618,8.26785],[77.24274,8.26619],[77.24836,8.25465],[77.243,8.24879],[77.24299,8.24156],[77.25338,8.23065],[77.25856,8.23392],[77.27229,8.23103],[77.27057,8.21323],[77.23897,8.20821],[77.22745,8.18999],[77.22147,8.19747],[77.18617,8.21709],[77.15218,8.25189],[77.0978,8.29249],[77.103,8.30696],[77.11345,8.30479],[77.1165,8.3102],[77.12243,8.30944],[77.11898,8.32138],[77.12945,8.32222],[77.12876,8.32509],[77.14842,8.33224],[77.15401,8.32764],[77.16852,8.33419],[77.17329,8.31938]]]}}]}